backbone,experiment,family,method,seed,cell_id,descendant_change_sensitivity,non_descendant_preservation,selective_invariance_balanced,summary_path,summary_sha256,checkpoint_path,checkpoint_sha256,split,test_evaluated
bert-base-uncased,L1,xor,core_base_1law,201,l1:xor:core_base_1law:201,0.560796645702306,0.4346793349168646,0.4977379903095853,outputs/l1/cells/xor/core_base_1law/seed-201/run_summary.json,not-published,outputs/l1/cells/xor/core_base_1law/seed-201/best.pt,not-published,validation,False
bert-base-uncased,L1,xor,core_i_3law,201,l1:xor:core_i_3law:201,0.560796645702306,0.4346793349168646,0.4977379903095853,outputs/l1/cells/xor/core_i_3law/seed-201/run_summary.json,not-published,outputs/l1/cells/xor/core_i_3law/seed-201/best.pt,not-published,validation,False
bert-base-uncased,L1,xor,core_full_4law,201,l1:xor:core_full_4law:201,0.560796645702306,0.4346793349168646,0.4977379903095853,outputs/l1/cells/xor/core_full_4law/seed-201/run_summary.json,not-published,outputs/l1/cells/xor/core_full_4law/seed-201/best.pt,not-published,validation,False
bert-base-uncased,L1,xor,do_nothing,201,l1:xor:do_nothing:201,0.0,1.0,0.5,outputs/l1/cells/xor/do_nothing/seed-201/run_summary.json,not-published,,,validation,False
bert-base-uncased,L1,xor,do_everything,201,l1:xor:do_everything:201,0.5558659217877095,0.502375296912114,0.5291206093499118,outputs/l1/cells/xor/do_everything/seed-201/run_summary.json,not-published,,,validation,False
bert-base-uncased,L1,xor,random_init,201,l1:xor:random_init:201,0.5037243947858473,0.5098970704671417,0.5068107326264946,outputs/l1/cells/xor/random_init/seed-201/run_summary.json,not-published,,,validation,False
bert-base-uncased,L1,xor,core_base_1law,202,l1:xor:core_base_1law:202,0.551440329218107,0.47767145135566186,0.5145558902868844,outputs/l1/cells/xor/core_base_1law/seed-202/run_summary.json,not-published,outputs/l1/cells/xor/core_base_1law/seed-202/best.pt,not-published,validation,False
bert-base-uncased,L1,xor,core_i_3law,202,l1:xor:core_i_3law:202,0.551440329218107,0.4772727272727273,0.5143565282454172,outputs/l1/cells/xor/core_i_3law/seed-202/run_summary.json,not-published,outputs/l1/cells/xor/core_i_3law/seed-202/best.pt,not-published,validation,False
bert-base-uncased,L1,xor,core_full_4law,202,l1:xor:core_full_4law:202,0.551440329218107,0.4772727272727273,0.5143565282454172,outputs/l1/cells/xor/core_full_4law/seed-202/run_summary.json,not-published,outputs/l1/cells/xor/core_full_4law/seed-202/best.pt,not-published,validation,False
bert-base-uncased,L1,xor,do_nothing,202,l1:xor:do_nothing:202,0.0,1.0,0.5,outputs/l1/cells/xor/do_nothing/seed-202/run_summary.json,not-published,,,validation,False
bert-base-uncased,L1,xor,do_everything,202,l1:xor:do_everything:202,0.565018315018315,0.47647527910685805,0.5207467970625865,outputs/l1/cells/xor/do_everything/seed-202/run_summary.json,not-published,,,validation,False
bert-base-uncased,L1,xor,random_init,202,l1:xor:random_init:202,0.4880952380952381,0.48724082934609253,0.4876680337206653,outputs/l1/cells/xor/random_init/seed-202/run_summary.json,not-published,,,validation,False
bert-base-uncased,L1,xor,core_base_1law,203,l1:xor:core_base_1law:203,0.4585635359116022,0.4816207184628237,0.47009212718721294,outputs/l1/cells/xor/core_base_1law/seed-203/run_summary.json,not-published,outputs/l1/cells/xor/core_base_1law/seed-203/best.pt,not-published,validation,False
bert-base-uncased,L1,xor,core_i_3law,203,l1:xor:core_i_3law:203,0.4585635359116022,0.4816207184628237,0.47009212718721294,outputs/l1/cells/xor/core_i_3law/seed-203/run_summary.json,not-published,outputs/l1/cells/xor/core_i_3law/seed-203/best.pt,not-published,validation,False
bert-base-uncased,L1,xor,core_full_4law,203,l1:xor:core_full_4law:203,0.4585635359116022,0.4816207184628237,0.47009212718721294,outputs/l1/cells/xor/core_full_4law/seed-203/run_summary.json,not-published,outputs/l1/cells/xor/core_full_4law/seed-203/best.pt,not-published,validation,False
bert-base-uncased,L1,xor,do_nothing,203,l1:xor:do_nothing:203,0.0,1.0,0.5,outputs/l1/cells/xor/do_nothing/seed-203/run_summary.json,not-published,,,validation,False
bert-base-uncased,L1,xor,do_everything,203,l1:xor:do_everything:203,0.5480928689883914,0.5091896407685882,0.5286412548784898,outputs/l1/cells/xor/do_everything/seed-203/run_summary.json,not-published,,,validation,False
bert-base-uncased,L1,xor,random_init,203,l1:xor:random_init:203,0.494195688225539,0.49373433583959897,0.493965012032569,outputs/l1/cells/xor/random_init/seed-203/run_summary.json,not-published,,,validation,False
bert-base-uncased,L1,xor,core_base_1law,204,l1:xor:core_base_1law:204,0.4812091503267974,0.44813829787234044,0.4646737240995689,outputs/l1/cells/xor/core_base_1law/seed-204/run_summary.json,not-published,outputs/l1/cells/xor/core_base_1law/seed-204/best.pt,not-published,validation,False
bert-base-uncased,L1,xor,core_i_3law,204,l1:xor:core_i_3law:204,0.4812091503267974,0.44813829787234044,0.4646737240995689,outputs/l1/cells/xor/core_i_3law/seed-204/run_summary.json,not-published,outputs/l1/cells/xor/core_i_3law/seed-204/best.pt,not-published,validation,False
bert-base-uncased,L1,xor,core_full_4law,204,l1:xor:core_full_4law:204,0.4812091503267974,0.44813829787234044,0.4646737240995689,outputs/l1/cells/xor/core_full_4law/seed-204/run_summary.json,not-published,outputs/l1/cells/xor/core_full_4law/seed-204/best.pt,not-published,validation,False
bert-base-uncased,L1,xor,do_nothing,204,l1:xor:do_nothing:204,0.0,1.0,0.5,outputs/l1/cells/xor/do_nothing/seed-204/run_summary.json,not-published,,,validation,False
bert-base-uncased,L1,xor,do_everything,204,l1:xor:do_everything:204,0.5267857142857143,0.49379432624113473,0.5102900202634245,outputs/l1/cells/xor/do_everything/seed-204/run_summary.json,not-published,,,validation,False
bert-base-uncased,L1,xor,random_init,204,l1:xor:random_init:204,0.5081845238095238,0.5159574468085106,0.5120709853090173,outputs/l1/cells/xor/random_init/seed-204/run_summary.json,not-published,,,validation,False
bert-base-uncased,L1,xor,core_base_1law,205,l1:xor:core_base_1law:205,0.47362869198312235,0.4676145339652449,0.4706216129741836,outputs/l1/cells/xor/core_base_1law/seed-205/run_summary.json,not-published,outputs/l1/cells/xor/core_base_1law/seed-205/best.pt,not-published,validation,False
bert-base-uncased,L1,xor,core_i_3law,205,l1:xor:core_i_3law:205,0.47362869198312235,0.4676145339652449,0.4706216129741836,outputs/l1/cells/xor/core_i_3law/seed-205/run_summary.json,not-published,outputs/l1/cells/xor/core_i_3law/seed-205/best.pt,not-published,validation,False
bert-base-uncased,L1,xor,core_full_4law,205,l1:xor:core_full_4law:205,0.47362869198312235,0.4676145339652449,0.4706216129741836,outputs/l1/cells/xor/core_full_4law/seed-205/run_summary.json,not-published,outputs/l1/cells/xor/core_full_4law/seed-205/best.pt,not-published,validation,False
bert-base-uncased,L1,xor,do_nothing,205,l1:xor:do_nothing:205,0.0,1.0,0.5,outputs/l1/cells/xor/do_nothing/seed-205/run_summary.json,not-published,,,validation,False
bert-base-uncased,L1,xor,do_everything,205,l1:xor:do_everything:205,0.548689138576779,0.4873617693522907,0.5180254539645348,outputs/l1/cells/xor/do_everything/seed-205/run_summary.json,not-published,,,validation,False
bert-base-uncased,L1,xor,random_init,205,l1:xor:random_init:205,0.5056179775280899,0.5154028436018957,0.5105104105649928,outputs/l1/cells/xor/random_init/seed-205/run_summary.json,not-published,,,validation,False
bert-base-uncased,L1,xor,core_base_1law,206,l1:xor:core_base_1law:206,0.48823529411764705,0.5044715447154472,0.4963534194165471,outputs/l1/cells/xor/core_base_1law/seed-206/run_summary.json,not-published,outputs/l1/cells/xor/core_base_1law/seed-206/best.pt,not-published,validation,False
bert-base-uncased,L1,xor,core_i_3law,206,l1:xor:core_i_3law:206,0.48823529411764705,0.5044715447154472,0.4963534194165471,outputs/l1/cells/xor/core_i_3law/seed-206/run_summary.json,not-published,outputs/l1/cells/xor/core_i_3law/seed-206/best.pt,not-published,validation,False
bert-base-uncased,L1,xor,core_full_4law,206,l1:xor:core_full_4law:206,0.48823529411764705,0.5044715447154472,0.4963534194165471,outputs/l1/cells/xor/core_full_4law/seed-206/run_summary.json,not-published,outputs/l1/cells/xor/core_full_4law/seed-206/best.pt,not-published,validation,False
bert-base-uncased,L1,xor,do_nothing,206,l1:xor:do_nothing:206,0.0,1.0,0.5,outputs/l1/cells/xor/do_nothing/seed-206/run_summary.json,not-published,,,validation,False
bert-base-uncased,L1,xor,do_everything,206,l1:xor:do_everything:206,0.5456140350877193,0.5138211382113821,0.5297175866495507,outputs/l1/cells/xor/do_everything/seed-206/run_summary.json,not-published,,,validation,False
bert-base-uncased,L1,xor,random_init,206,l1:xor:random_init:206,0.5184210526315789,0.5134146341463415,0.5159178433889602,outputs/l1/cells/xor/random_init/seed-206/run_summary.json,not-published,,,validation,False
bert-base-uncased,L1,xor,core_base_1law,207,l1:xor:core_base_1law:207,0.4361111111111111,0.5241666666666667,0.4801388888888889,outputs/l1/cells/xor/core_base_1law/seed-207/run_summary.json,not-published,outputs/l1/cells/xor/core_base_1law/seed-207/best.pt,not-published,validation,False
bert-base-uncased,L1,xor,core_i_3law,207,l1:xor:core_i_3law:207,0.4361111111111111,0.5241666666666667,0.4801388888888889,outputs/l1/cells/xor/core_i_3law/seed-207/run_summary.json,not-published,outputs/l1/cells/xor/core_i_3law/seed-207/best.pt,not-published,validation,False
bert-base-uncased,L1,xor,core_full_4law,207,l1:xor:core_full_4law:207,0.4361111111111111,0.5241666666666667,0.4801388888888889,outputs/l1/cells/xor/core_full_4law/seed-207/run_summary.json,not-published,outputs/l1/cells/xor/core_full_4law/seed-207/best.pt,not-published,validation,False
bert-base-uncased,L1,xor,do_nothing,207,l1:xor:do_nothing:207,0.0,1.0,0.5,outputs/l1/cells/xor/do_nothing/seed-207/run_summary.json,not-published,,,validation,False
bert-base-uncased,L1,xor,do_everything,207,l1:xor:do_everything:207,0.5441666666666667,0.4920833333333333,0.518125,outputs/l1/cells/xor/do_everything/seed-207/run_summary.json,not-published,,,validation,False
bert-base-uncased,L1,xor,random_init,207,l1:xor:random_init:207,0.49166666666666664,0.48291666666666666,0.4872916666666667,outputs/l1/cells/xor/random_init/seed-207/run_summary.json,not-published,,,validation,False
bert-base-uncased,L1,xor,core_base_1law,208,l1:xor:core_base_1law:208,0.5233333333333333,0.4945736434108527,0.508953488372093,outputs/l1/cells/xor/core_base_1law/seed-208/run_summary.json,not-published,outputs/l1/cells/xor/core_base_1law/seed-208/best.pt,not-published,validation,False
bert-base-uncased,L1,xor,core_i_3law,208,l1:xor:core_i_3law:208,0.5233333333333333,0.4945736434108527,0.508953488372093,outputs/l1/cells/xor/core_i_3law/seed-208/run_summary.json,not-published,outputs/l1/cells/xor/core_i_3law/seed-208/best.pt,not-published,validation,False
bert-base-uncased,L1,xor,core_full_4law,208,l1:xor:core_full_4law:208,0.5233333333333333,0.4945736434108527,0.508953488372093,outputs/l1/cells/xor/core_full_4law/seed-208/run_summary.json,not-published,outputs/l1/cells/xor/core_full_4law/seed-208/best.pt,not-published,validation,False
bert-base-uncased,L1,xor,do_nothing,208,l1:xor:do_nothing:208,0.0,1.0,0.5,outputs/l1/cells/xor/do_nothing/seed-208/run_summary.json,not-published,,,validation,False
bert-base-uncased,L1,xor,do_everything,208,l1:xor:do_everything:208,0.542156862745098,0.512015503875969,0.5270861833105335,outputs/l1/cells/xor/do_everything/seed-208/run_summary.json,not-published,,,validation,False
bert-base-uncased,L1,xor,random_init,208,l1:xor:random_init:208,0.5225490196078432,0.5108527131782946,0.5167008663930689,outputs/l1/cells/xor/random_init/seed-208/run_summary.json,not-published,,,validation,False
bert-base-uncased,L1,xor,core_base_1law,209,l1:xor:core_base_1law:209,0.47379454926624737,0.5296912114014252,0.5017428803338363,outputs/l1/cells/xor/core_base_1law/seed-209/run_summary.json,not-published,outputs/l1/cells/xor/core_base_1law/seed-209/best.pt,not-published,validation,False
bert-base-uncased,L1,xor,core_i_3law,209,l1:xor:core_i_3law:209,0.47379454926624737,0.5296912114014252,0.5017428803338363,outputs/l1/cells/xor/core_i_3law/seed-209/run_summary.json,not-published,outputs/l1/cells/xor/core_i_3law/seed-209/best.pt,not-published,validation,False
bert-base-uncased,L1,xor,core_full_4law,209,l1:xor:core_full_4law:209,0.47379454926624737,0.5296912114014252,0.5017428803338363,outputs/l1/cells/xor/core_full_4law/seed-209/run_summary.json,not-published,outputs/l1/cells/xor/core_full_4law/seed-209/best.pt,not-published,validation,False
bert-base-uncased,L1,xor,do_nothing,209,l1:xor:do_nothing:209,0.0,1.0,0.5,outputs/l1/cells/xor/do_nothing/seed-209/run_summary.json,not-published,,,validation,False
bert-base-uncased,L1,xor,do_everything,209,l1:xor:do_everything:209,0.5456238361266295,0.5162311955661124,0.5309275158463709,outputs/l1/cells/xor/do_everything/seed-209/run_summary.json,not-published,,,validation,False
bert-base-uncased,L1,xor,random_init,209,l1:xor:random_init:209,0.4757914338919926,0.5146476642913698,0.4952195490916812,outputs/l1/cells/xor/random_init/seed-209/run_summary.json,not-published,,,validation,False
bert-base-uncased,L1,xor,core_base_1law,210,l1:xor:core_base_1law:210,0.5490196078431373,0.43598750975800155,0.4925035588005694,outputs/l1/cells/xor/core_base_1law/seed-210/run_summary.json,not-published,outputs/l1/cells/xor/core_base_1law/seed-210/best.pt,not-published,validation,False
bert-base-uncased,L1,xor,core_i_3law,210,l1:xor:core_i_3law:210,0.5490196078431373,0.43598750975800155,0.4925035588005694,outputs/l1/cells/xor/core_i_3law/seed-210/run_summary.json,not-published,outputs/l1/cells/xor/core_i_3law/seed-210/best.pt,not-published,validation,False
bert-base-uncased,L1,xor,core_full_4law,210,l1:xor:core_full_4law:210,0.5490196078431373,0.43598750975800155,0.4925035588005694,outputs/l1/cells/xor/core_full_4law/seed-210/run_summary.json,not-published,outputs/l1/cells/xor/core_full_4law/seed-210/best.pt,not-published,validation,False
bert-base-uncased,L1,xor,do_nothing,210,l1:xor:do_nothing:210,0.0,1.0,0.5,outputs/l1/cells/xor/do_nothing/seed-210/run_summary.json,not-published,,,validation,False
bert-base-uncased,L1,xor,do_everything,210,l1:xor:do_everything:210,0.5857418111753372,0.48633879781420764,0.5360403044947724,outputs/l1/cells/xor/do_everything/seed-210/run_summary.json,not-published,,,validation,False
bert-base-uncased,L1,xor,random_init,210,l1:xor:random_init:210,0.5067437379576107,0.5058548009367682,0.5062992694471895,outputs/l1/cells/xor/random_init/seed-210/run_summary.json,not-published,,,validation,False
bert-base-uncased,L1,xor,core_base_1law,211,l1:xor:core_base_1law:211,0.4375,0.5222772277227723,0.47988861386138615,outputs/l1/cells/xor/core_base_1law/seed-211/run_summary.json,not-published,outputs/l1/cells/xor/core_base_1law/seed-211/best.pt,not-published,validation,False
bert-base-uncased,L1,xor,core_i_3law,211,l1:xor:core_i_3law:211,0.4375,0.5222772277227723,0.47988861386138615,outputs/l1/cells/xor/core_i_3law/seed-211/run_summary.json,not-published,outputs/l1/cells/xor/core_i_3law/seed-211/best.pt,not-published,validation,False
bert-base-uncased,L1,xor,core_full_4law,211,l1:xor:core_full_4law:211,0.4375,0.5222772277227723,0.47988861386138615,outputs/l1/cells/xor/core_full_4law/seed-211/run_summary.json,not-published,outputs/l1/cells/xor/core_full_4law/seed-211/best.pt,not-published,validation,False
bert-base-uncased,L1,xor,do_nothing,211,l1:xor:do_nothing:211,0.0,1.0,0.5,outputs/l1/cells/xor/do_nothing/seed-211/run_summary.json,not-published,,,validation,False
bert-base-uncased,L1,xor,do_everything,211,l1:xor:do_everything:211,0.5510204081632653,0.4933993399339934,0.5222098740486293,outputs/l1/cells/xor/do_everything/seed-211/run_summary.json,not-published,,,validation,False
bert-base-uncased,L1,xor,random_init,211,l1:xor:random_init:211,0.5187074829931972,0.4793729372937294,0.49904021014346334,outputs/l1/cells/xor/random_init/seed-211/run_summary.json,not-published,,,validation,False
bert-base-uncased,L1,xor,core_base_1law,212,l1:xor:core_base_1law:212,0.40236686390532544,0.5551500405515004,0.47875845222841296,outputs/l1/cells/xor/core_base_1law/seed-212/run_summary.json,not-published,outputs/l1/cells/xor/core_base_1law/seed-212/best.pt,not-published,validation,False
bert-base-uncased,L1,xor,core_i_3law,212,l1:xor:core_i_3law:212,0.40236686390532544,0.5551500405515004,0.47875845222841296,outputs/l1/cells/xor/core_i_3law/seed-212/run_summary.json,not-published,outputs/l1/cells/xor/core_i_3law/seed-212/best.pt,not-published,validation,False
bert-base-uncased,L1,xor,core_full_4law,212,l1:xor:core_full_4law:212,0.40236686390532544,0.5551500405515004,0.47875845222841296,outputs/l1/cells/xor/core_full_4law/seed-212/run_summary.json,not-published,outputs/l1/cells/xor/core_full_4law/seed-212/best.pt,not-published,validation,False
bert-base-uncased,L1,xor,do_nothing,212,l1:xor:do_nothing:212,0.0,1.0,0.5,outputs/l1/cells/xor/do_nothing/seed-212/run_summary.json,not-published,,,validation,False
bert-base-uncased,L1,xor,do_everything,212,l1:xor:do_everything:212,0.5299823633156967,0.5008110300081103,0.5153966966619035,outputs/l1/cells/xor/do_everything/seed-212/run_summary.json,not-published,,,validation,False
bert-base-uncased,L1,xor,random_init,212,l1:xor:random_init:212,0.49206349206349204,0.4931062449310625,0.49258486849727723,outputs/l1/cells/xor/random_init/seed-212/run_summary.json,not-published,,,validation,False
bert-base-uncased,L1,xor,core_base_1law,213,l1:xor:core_base_1law:213,0.48148148148148145,0.49426605504587157,0.4878737682636765,outputs/l1/cells/xor/core_base_1law/seed-213/run_summary.json,not-published,outputs/l1/cells/xor/core_base_1law/seed-213/best.pt,not-published,validation,False
bert-base-uncased,L1,xor,core_i_3law,213,l1:xor:core_i_3law:213,0.48148148148148145,0.49426605504587157,0.4878737682636765,outputs/l1/cells/xor/core_i_3law/seed-213/run_summary.json,not-published,outputs/l1/cells/xor/core_i_3law/seed-213/best.pt,not-published,validation,False
bert-base-uncased,L1,xor,core_full_4law,213,l1:xor:core_full_4law:213,0.48148148148148145,0.49426605504587157,0.4878737682636765,outputs/l1/cells/xor/core_full_4law/seed-213/run_summary.json,not-published,outputs/l1/cells/xor/core_full_4law/seed-213/best.pt,not-published,validation,False
bert-base-uncased,L1,xor,do_nothing,213,l1:xor:do_nothing:213,0.0,1.0,0.5,outputs/l1/cells/xor/do_nothing/seed-213/run_summary.json,not-published,,,validation,False
bert-base-uncased,L1,xor,do_everything,213,l1:xor:do_everything:213,0.5548780487804879,0.5191131498470948,0.5369955993137914,outputs/l1/cells/xor/do_everything/seed-213/run_summary.json,not-published,,,validation,False
bert-base-uncased,L1,xor,random_init,213,l1:xor:random_init:213,0.47865853658536583,0.5187308868501529,0.49869471171775936,outputs/l1/cells/xor/random_init/seed-213/run_summary.json,not-published,,,validation,False
bert-base-uncased,L1,xor,core_base_1law,214,l1:xor:core_base_1law:214,0.5752314814814815,0.404434250764526,0.48983286612300375,outputs/l1/cells/xor/core_base_1law/seed-214/run_summary.json,not-published,outputs/l1/cells/xor/core_base_1law/seed-214/best.pt,not-published,validation,False
bert-base-uncased,L1,xor,core_i_3law,214,l1:xor:core_i_3law:214,0.5752314814814815,0.404434250764526,0.48983286612300375,outputs/l1/cells/xor/core_i_3law/seed-214/run_summary.json,not-published,outputs/l1/cells/xor/core_i_3law/seed-214/best.pt,not-published,validation,False
bert-base-uncased,L1,xor,core_full_4law,214,l1:xor:core_full_4law:214,0.5752314814814815,0.404434250764526,0.48983286612300375,outputs/l1/cells/xor/core_full_4law/seed-214/run_summary.json,not-published,outputs/l1/cells/xor/core_full_4law/seed-214/best.pt,not-published,validation,False
bert-base-uncased,L1,xor,do_nothing,214,l1:xor:do_nothing:214,0.0,1.0,0.5,outputs/l1/cells/xor/do_nothing/seed-214/run_summary.json,not-published,,,validation,False
bert-base-uncased,L1,xor,do_everything,214,l1:xor:do_everything:214,0.556910569105691,0.5053516819571865,0.5311311255314388,outputs/l1/cells/xor/do_everything/seed-214/run_summary.json,not-published,,,validation,False
bert-base-uncased,L1,xor,random_init,214,l1:xor:random_init:214,0.4695121951219512,0.4996177370030581,0.48456496606250465,outputs/l1/cells/xor/random_init/seed-214/run_summary.json,not-published,,,validation,False
bert-base-uncased,L1,xor,core_base_1law,215,l1:xor:core_base_1law:215,0.5436507936507936,0.47006472491909385,0.5068577592849437,outputs/l1/cells/xor/core_base_1law/seed-215/run_summary.json,not-published,outputs/l1/cells/xor/core_base_1law/seed-215/best.pt,not-published,validation,False
bert-base-uncased,L1,xor,core_i_3law,215,l1:xor:core_i_3law:215,0.5436507936507936,0.47006472491909385,0.5068577592849437,outputs/l1/cells/xor/core_i_3law/seed-215/run_summary.json,not-published,outputs/l1/cells/xor/core_i_3law/seed-215/best.pt,not-published,validation,False
bert-base-uncased,L1,xor,core_full_4law,215,l1:xor:core_full_4law:215,0.5436507936507936,0.47006472491909385,0.5068577592849437,outputs/l1/cells/xor/core_full_4law/seed-215/run_summary.json,not-published,outputs/l1/cells/xor/core_full_4law/seed-215/best.pt,not-published,validation,False
bert-base-uncased,L1,xor,do_nothing,215,l1:xor:do_nothing:215,0.0,1.0,0.5,outputs/l1/cells/xor/do_nothing/seed-215/run_summary.json,not-published,,,validation,False
bert-base-uncased,L1,xor,do_everything,215,l1:xor:do_everything:215,0.5620567375886525,0.511326860841424,0.5366917992150382,outputs/l1/cells/xor/do_everything/seed-215/run_summary.json,not-published,,,validation,False
bert-base-uncased,L1,xor,random_init,215,l1:xor:random_init:215,0.5168439716312057,0.5004045307443366,0.5086242511877711,outputs/l1/cells/xor/random_init/seed-215/run_summary.json,not-published,,,validation,False
bert-base-uncased,L1,xor,core_base_1law,216,l1:xor:core_base_1law:216,0.42919389978213507,0.5534738485558157,0.4913338741689754,outputs/l1/cells/xor/core_base_1law/seed-216/run_summary.json,not-published,outputs/l1/cells/xor/core_base_1law/seed-216/best.pt,not-published,validation,False
bert-base-uncased,L1,xor,core_i_3law,216,l1:xor:core_i_3law:216,0.42919389978213507,0.5534738485558157,0.4913338741689754,outputs/l1/cells/xor/core_i_3law/seed-216/run_summary.json,not-published,outputs/l1/cells/xor/core_i_3law/seed-216/best.pt,not-published,validation,False
bert-base-uncased,L1,xor,core_full_4law,216,l1:xor:core_full_4law:216,0.42919389978213507,0.5534738485558157,0.4913338741689754,outputs/l1/cells/xor/core_full_4law/seed-216/run_summary.json,not-published,outputs/l1/cells/xor/core_full_4law/seed-216/best.pt,not-published,validation,False
bert-base-uncased,L1,xor,do_nothing,216,l1:xor:do_nothing:216,0.0,1.0,0.5,outputs/l1/cells/xor/do_nothing/seed-216/run_summary.json,not-published,,,validation,False
bert-base-uncased,L1,xor,do_everything,216,l1:xor:do_everything:216,0.5645472061657033,0.5183450429352069,0.5414461245504552,outputs/l1/cells/xor/do_everything/seed-216/run_summary.json,not-published,,,validation,False
bert-base-uncased,L1,xor,random_init,216,l1:xor:random_init:216,0.48554913294797686,0.4996096799375488,0.4925794064427628,outputs/l1/cells/xor/random_init/seed-216/run_summary.json,not-published,,,validation,False
bert-base-uncased,L1,xor,core_base_1law,217,l1:xor:core_base_1law:217,0.4888888888888889,0.4895582329317269,0.4892235609103079,outputs/l1/cells/xor/core_base_1law/seed-217/run_summary.json,not-published,outputs/l1/cells/xor/core_base_1law/seed-217/best.pt,not-published,validation,False
bert-base-uncased,L1,xor,core_i_3law,217,l1:xor:core_i_3law:217,0.4888888888888889,0.4895582329317269,0.4892235609103079,outputs/l1/cells/xor/core_i_3law/seed-217/run_summary.json,not-published,outputs/l1/cells/xor/core_i_3law/seed-217/best.pt,not-published,validation,False
bert-base-uncased,L1,xor,core_full_4law,217,l1:xor:core_full_4law:217,0.4888888888888889,0.4895582329317269,0.4892235609103079,outputs/l1/cells/xor/core_full_4law/seed-217/run_summary.json,not-published,outputs/l1/cells/xor/core_full_4law/seed-217/best.pt,not-published,validation,False
bert-base-uncased,L1,xor,do_nothing,217,l1:xor:do_nothing:217,0.0,1.0,0.5,outputs/l1/cells/xor/do_nothing/seed-217/run_summary.json,not-published,,,validation,False
bert-base-uncased,L1,xor,do_everything,217,l1:xor:do_everything:217,0.5522522522522523,0.5088353413654618,0.5305437968088571,outputs/l1/cells/xor/do_everything/seed-217/run_summary.json,not-published,,,validation,False
bert-base-uncased,L1,xor,random_init,217,l1:xor:random_init:217,0.5,0.5120481927710844,0.5060240963855422,outputs/l1/cells/xor/random_init/seed-217/run_summary.json,not-published,,,validation,False
bert-base-uncased,L1,xor,core_base_1law,218,l1:xor:core_base_1law:218,0.47855750487329435,0.4832925835370823,0.48092504420518833,outputs/l1/cells/xor/core_base_1law/seed-218/run_summary.json,not-published,outputs/l1/cells/xor/core_base_1law/seed-218/best.pt,not-published,validation,False
bert-base-uncased,L1,xor,core_i_3law,218,l1:xor:core_i_3law:218,0.47855750487329435,0.4832925835370823,0.48092504420518833,outputs/l1/cells/xor/core_i_3law/seed-218/run_summary.json,not-published,outputs/l1/cells/xor/core_i_3law/seed-218/best.pt,not-published,validation,False
bert-base-uncased,L1,xor,core_full_4law,218,l1:xor:core_full_4law:218,0.47855750487329435,0.4832925835370823,0.48092504420518833,outputs/l1/cells/xor/core_full_4law/seed-218/run_summary.json,not-published,outputs/l1/cells/xor/core_full_4law/seed-218/best.pt,not-published,validation,False
bert-base-uncased,L1,xor,do_nothing,218,l1:xor:do_nothing:218,0.0,1.0,0.5,outputs/l1/cells/xor/do_nothing/seed-218/run_summary.json,not-published,,,validation,False
bert-base-uncased,L1,xor,do_everything,218,l1:xor:do_everything:218,0.5401396160558464,0.5114099429502853,0.5257747795030658,outputs/l1/cells/xor/do_everything/seed-218/run_summary.json,not-published,,,validation,False
bert-base-uncased,L1,xor,random_init,218,l1:xor:random_init:218,0.4965095986038394,0.48940505297473513,0.4929573257892873,outputs/l1/cells/xor/random_init/seed-218/run_summary.json,not-published,,,validation,False
bert-base-uncased,L1,xor,core_base_1law,219,l1:xor:core_base_1law:219,0.5861678004535147,0.476905311778291,0.5315365561159029,outputs/l1/cells/xor/core_base_1law/seed-219/run_summary.json,not-published,outputs/l1/cells/xor/core_base_1law/seed-219/best.pt,not-published,validation,False
bert-base-uncased,L1,xor,core_i_3law,219,l1:xor:core_i_3law:219,0.5861678004535147,0.476905311778291,0.5315365561159029,outputs/l1/cells/xor/core_i_3law/seed-219/run_summary.json,not-published,outputs/l1/cells/xor/core_i_3law/seed-219/best.pt,not-published,validation,False
bert-base-uncased,L1,xor,core_full_4law,219,l1:xor:core_full_4law:219,0.5861678004535147,0.476905311778291,0.5315365561159029,outputs/l1/cells/xor/core_full_4law/seed-219/run_summary.json,not-published,outputs/l1/cells/xor/core_full_4law/seed-219/best.pt,not-published,validation,False
bert-base-uncased,L1,xor,do_nothing,219,l1:xor:do_nothing:219,0.0,1.0,0.5,outputs/l1/cells/xor/do_nothing/seed-219/run_summary.json,not-published,,,validation,False
bert-base-uncased,L1,xor,do_everything,219,l1:xor:do_everything:219,0.5728542914171657,0.5073133179368745,0.5400838046770201,outputs/l1/cells/xor/do_everything/seed-219/run_summary.json,not-published,,,validation,False
bert-base-uncased,L1,xor,random_init,219,l1:xor:random_init:219,0.48902195608782434,0.5007698229407236,0.494895889514274,outputs/l1/cells/xor/random_init/seed-219/run_summary.json,not-published,,,validation,False
bert-base-uncased,L1,xor,core_base_1law,220,l1:xor:core_base_1law:220,0.4722222222222222,0.4848837209302326,0.4785529715762274,outputs/l1/cells/xor/core_base_1law/seed-220/run_summary.json,not-published,outputs/l1/cells/xor/core_base_1law/seed-220/best.pt,not-published,validation,False
bert-base-uncased,L1,xor,core_i_3law,220,l1:xor:core_i_3law:220,0.4722222222222222,0.4848837209302326,0.4785529715762274,outputs/l1/cells/xor/core_i_3law/seed-220/run_summary.json,not-published,outputs/l1/cells/xor/core_i_3law/seed-220/best.pt,not-published,validation,False
bert-base-uncased,L1,xor,core_full_4law,220,l1:xor:core_full_4law:220,0.4722222222222222,0.4848837209302326,0.4785529715762274,outputs/l1/cells/xor/core_full_4law/seed-220/run_summary.json,not-published,outputs/l1/cells/xor/core_full_4law/seed-220/best.pt,not-published,validation,False
bert-base-uncased,L1,xor,do_nothing,220,l1:xor:do_nothing:220,0.0,1.0,0.5,outputs/l1/cells/xor/do_nothing/seed-220/run_summary.json,not-published,,,validation,False
bert-base-uncased,L1,xor,do_everything,220,l1:xor:do_everything:220,0.557843137254902,0.5104651162790698,0.5341541267669858,outputs/l1/cells/xor/do_everything/seed-220/run_summary.json,not-published,,,validation,False
bert-base-uncased,L1,xor,random_init,220,l1:xor:random_init:220,0.5166666666666667,0.5073643410852713,0.5120155038759691,outputs/l1/cells/xor/random_init/seed-220/run_summary.json,not-published,,,validation,False
bert-base-uncased,L1,cladder,core_base_1law,201,l1:cladder:core_base_1law:201,0.4853801169590643,0.43902439024390244,0.46220225360148337,outputs/l1/cells/cladder/core_base_1law/seed-201/run_summary.json,not-published,outputs/l1/cells/cladder/core_base_1law/seed-201/best.pt,not-published,validation,False
bert-base-uncased,L1,cladder,core_i_3law,201,l1:cladder:core_i_3law:201,0.4853801169590643,0.43902439024390244,0.46220225360148337,outputs/l1/cells/cladder/core_i_3law/seed-201/run_summary.json,not-published,outputs/l1/cells/cladder/core_i_3law/seed-201/best.pt,not-published,validation,False
bert-base-uncased,L1,cladder,core_full_4law,201,l1:cladder:core_full_4law:201,0.4853801169590643,0.43902439024390244,0.46220225360148337,outputs/l1/cells/cladder/core_full_4law/seed-201/run_summary.json,not-published,outputs/l1/cells/cladder/core_full_4law/seed-201/best.pt,not-published,validation,False
bert-base-uncased,L1,cladder,do_nothing,201,l1:cladder:do_nothing:201,0.0,1.0,0.5,outputs/l1/cells/cladder/do_nothing/seed-201/run_summary.json,not-published,,,validation,False
bert-base-uncased,L1,cladder,do_everything,201,l1:cladder:do_everything:201,0.8522012578616353,0.5024390243902439,0.6773201411259395,outputs/l1/cells/cladder/do_everything/seed-201/run_summary.json,not-published,,,validation,False
bert-base-uncased,L1,cladder,random_init,201,l1:cladder:random_init:201,0.33962264150943394,0.6926829268292682,0.5161527841693511,outputs/l1/cells/cladder/random_init/seed-201/run_summary.json,not-published,,,validation,False
bert-base-uncased,L1,cladder,core_base_1law,202,l1:cladder:core_base_1law:202,0.4853801169590643,0.43902439024390244,0.46220225360148337,outputs/l1/cells/cladder/core_base_1law/seed-202/run_summary.json,not-published,outputs/l1/cells/cladder/core_base_1law/seed-202/best.pt,not-published,validation,False
bert-base-uncased,L1,cladder,core_i_3law,202,l1:cladder:core_i_3law:202,0.4853801169590643,0.43902439024390244,0.46220225360148337,outputs/l1/cells/cladder/core_i_3law/seed-202/run_summary.json,not-published,outputs/l1/cells/cladder/core_i_3law/seed-202/best.pt,not-published,validation,False
bert-base-uncased,L1,cladder,core_full_4law,202,l1:cladder:core_full_4law:202,0.4853801169590643,0.43902439024390244,0.46220225360148337,outputs/l1/cells/cladder/core_full_4law/seed-202/run_summary.json,not-published,outputs/l1/cells/cladder/core_full_4law/seed-202/best.pt,not-published,validation,False
bert-base-uncased,L1,cladder,do_nothing,202,l1:cladder:do_nothing:202,0.0,1.0,0.5,outputs/l1/cells/cladder/do_nothing/seed-202/run_summary.json,not-published,,,validation,False
bert-base-uncased,L1,cladder,do_everything,202,l1:cladder:do_everything:202,0.8522012578616353,0.5024390243902439,0.6773201411259395,outputs/l1/cells/cladder/do_everything/seed-202/run_summary.json,not-published,,,validation,False
bert-base-uncased,L1,cladder,random_init,202,l1:cladder:random_init:202,0.42138364779874216,0.4682926829268293,0.44483816536278575,outputs/l1/cells/cladder/random_init/seed-202/run_summary.json,not-published,,,validation,False
bert-base-uncased,L1,cladder,core_base_1law,203,l1:cladder:core_base_1law:203,0.4853801169590643,0.43902439024390244,0.46220225360148337,outputs/l1/cells/cladder/core_base_1law/seed-203/run_summary.json,not-published,outputs/l1/cells/cladder/core_base_1law/seed-203/best.pt,not-published,validation,False
bert-base-uncased,L1,cladder,core_i_3law,203,l1:cladder:core_i_3law:203,0.4853801169590643,0.43902439024390244,0.46220225360148337,outputs/l1/cells/cladder/core_i_3law/seed-203/run_summary.json,not-published,outputs/l1/cells/cladder/core_i_3law/seed-203/best.pt,not-published,validation,False
bert-base-uncased,L1,cladder,core_full_4law,203,l1:cladder:core_full_4law:203,0.4853801169590643,0.43902439024390244,0.46220225360148337,outputs/l1/cells/cladder/core_full_4law/seed-203/run_summary.json,not-published,outputs/l1/cells/cladder/core_full_4law/seed-203/best.pt,not-published,validation,False
bert-base-uncased,L1,cladder,do_nothing,203,l1:cladder:do_nothing:203,0.0,1.0,0.5,outputs/l1/cells/cladder/do_nothing/seed-203/run_summary.json,not-published,,,validation,False
bert-base-uncased,L1,cladder,do_everything,203,l1:cladder:do_everything:203,0.8522012578616353,0.5024390243902439,0.6773201411259395,outputs/l1/cells/cladder/do_everything/seed-203/run_summary.json,not-published,,,validation,False
bert-base-uncased,L1,cladder,random_init,203,l1:cladder:random_init:203,0.6352201257861635,0.3951219512195122,0.5151710385028379,outputs/l1/cells/cladder/random_init/seed-203/run_summary.json,not-published,,,validation,False
bert-base-uncased,L1,cladder,core_base_1law,204,l1:cladder:core_base_1law:204,0.5146198830409356,0.5609756097560976,0.5377977463985166,outputs/l1/cells/cladder/core_base_1law/seed-204/run_summary.json,not-published,outputs/l1/cells/cladder/core_base_1law/seed-204/best.pt,not-published,validation,False
bert-base-uncased,L1,cladder,core_i_3law,204,l1:cladder:core_i_3law:204,0.5146198830409356,0.5609756097560976,0.5377977463985166,outputs/l1/cells/cladder/core_i_3law/seed-204/run_summary.json,not-published,outputs/l1/cells/cladder/core_i_3law/seed-204/best.pt,not-published,validation,False
bert-base-uncased,L1,cladder,core_full_4law,204,l1:cladder:core_full_4law:204,0.5146198830409356,0.5609756097560976,0.5377977463985166,outputs/l1/cells/cladder/core_full_4law/seed-204/run_summary.json,not-published,outputs/l1/cells/cladder/core_full_4law/seed-204/best.pt,not-published,validation,False
bert-base-uncased,L1,cladder,do_nothing,204,l1:cladder:do_nothing:204,0.0,1.0,0.5,outputs/l1/cells/cladder/do_nothing/seed-204/run_summary.json,not-published,,,validation,False
bert-base-uncased,L1,cladder,do_everything,204,l1:cladder:do_everything:204,0.8522012578616353,0.5024390243902439,0.6773201411259395,outputs/l1/cells/cladder/do_everything/seed-204/run_summary.json,not-published,,,validation,False
bert-base-uncased,L1,cladder,random_init,204,l1:cladder:random_init:204,0.34591194968553457,0.4926829268292683,0.4192974382574014,outputs/l1/cells/cladder/random_init/seed-204/run_summary.json,not-published,,,validation,False
bert-base-uncased,L1,cladder,core_base_1law,205,l1:cladder:core_base_1law:205,0.5146198830409356,0.5609756097560976,0.5377977463985166,outputs/l1/cells/cladder/core_base_1law/seed-205/run_summary.json,not-published,outputs/l1/cells/cladder/core_base_1law/seed-205/best.pt,not-published,validation,False
bert-base-uncased,L1,cladder,core_i_3law,205,l1:cladder:core_i_3law:205,0.5146198830409356,0.5609756097560976,0.5377977463985166,outputs/l1/cells/cladder/core_i_3law/seed-205/run_summary.json,not-published,outputs/l1/cells/cladder/core_i_3law/seed-205/best.pt,not-published,validation,False
bert-base-uncased,L1,cladder,core_full_4law,205,l1:cladder:core_full_4law:205,0.5146198830409356,0.5609756097560976,0.5377977463985166,outputs/l1/cells/cladder/core_full_4law/seed-205/run_summary.json,not-published,outputs/l1/cells/cladder/core_full_4law/seed-205/best.pt,not-published,validation,False
bert-base-uncased,L1,cladder,do_nothing,205,l1:cladder:do_nothing:205,0.0,1.0,0.5,outputs/l1/cells/cladder/do_nothing/seed-205/run_summary.json,not-published,,,validation,False
bert-base-uncased,L1,cladder,do_everything,205,l1:cladder:do_everything:205,0.8522012578616353,0.5024390243902439,0.6773201411259395,outputs/l1/cells/cladder/do_everything/seed-205/run_summary.json,not-published,,,validation,False
bert-base-uncased,L1,cladder,random_init,205,l1:cladder:random_init:205,0.5691823899371069,0.44878048780487806,0.5089814388709925,outputs/l1/cells/cladder/random_init/seed-205/run_summary.json,not-published,,,validation,False
bert-base-uncased,L1,cladder,core_base_1law,206,l1:cladder:core_base_1law:206,0.5087719298245614,0.5707317073170731,0.5397518185708172,outputs/l1/cells/cladder/core_base_1law/seed-206/run_summary.json,not-published,outputs/l1/cells/cladder/core_base_1law/seed-206/best.pt,not-published,validation,False
bert-base-uncased,L1,cladder,core_i_3law,206,l1:cladder:core_i_3law:206,0.5087719298245614,0.5707317073170731,0.5397518185708172,outputs/l1/cells/cladder/core_i_3law/seed-206/run_summary.json,not-published,outputs/l1/cells/cladder/core_i_3law/seed-206/best.pt,not-published,validation,False
bert-base-uncased,L1,cladder,core_full_4law,206,l1:cladder:core_full_4law:206,0.5087719298245614,0.5707317073170731,0.5397518185708172,outputs/l1/cells/cladder/core_full_4law/seed-206/run_summary.json,not-published,outputs/l1/cells/cladder/core_full_4law/seed-206/best.pt,not-published,validation,False
bert-base-uncased,L1,cladder,do_nothing,206,l1:cladder:do_nothing:206,0.0,1.0,0.5,outputs/l1/cells/cladder/do_nothing/seed-206/run_summary.json,not-published,,,validation,False
bert-base-uncased,L1,cladder,do_everything,206,l1:cladder:do_everything:206,0.8522012578616353,0.5024390243902439,0.6773201411259395,outputs/l1/cells/cladder/do_everything/seed-206/run_summary.json,not-published,,,validation,False
bert-base-uncased,L1,cladder,random_init,206,l1:cladder:random_init:206,0.5566037735849056,0.5073170731707317,0.5319604233778187,outputs/l1/cells/cladder/random_init/seed-206/run_summary.json,not-published,,,validation,False
bert-base-uncased,L1,cladder,core_base_1law,207,l1:cladder:core_base_1law:207,0.5146198830409356,0.5609756097560976,0.5377977463985166,outputs/l1/cells/cladder/core_base_1law/seed-207/run_summary.json,not-published,outputs/l1/cells/cladder/core_base_1law/seed-207/best.pt,not-published,validation,False
bert-base-uncased,L1,cladder,core_i_3law,207,l1:cladder:core_i_3law:207,0.5146198830409356,0.5609756097560976,0.5377977463985166,outputs/l1/cells/cladder/core_i_3law/seed-207/run_summary.json,not-published,outputs/l1/cells/cladder/core_i_3law/seed-207/best.pt,not-published,validation,False
bert-base-uncased,L1,cladder,core_full_4law,207,l1:cladder:core_full_4law:207,0.5146198830409356,0.5609756097560976,0.5377977463985166,outputs/l1/cells/cladder/core_full_4law/seed-207/run_summary.json,not-published,outputs/l1/cells/cladder/core_full_4law/seed-207/best.pt,not-published,validation,False
bert-base-uncased,L1,cladder,do_nothing,207,l1:cladder:do_nothing:207,0.0,1.0,0.5,outputs/l1/cells/cladder/do_nothing/seed-207/run_summary.json,not-published,,,validation,False
bert-base-uncased,L1,cladder,do_everything,207,l1:cladder:do_everything:207,0.8522012578616353,0.5024390243902439,0.6773201411259395,outputs/l1/cells/cladder/do_everything/seed-207/run_summary.json,not-published,,,validation,False
bert-base-uncased,L1,cladder,random_init,207,l1:cladder:random_init:207,0.449685534591195,0.4585365853658537,0.4541110599785243,outputs/l1/cells/cladder/random_init/seed-207/run_summary.json,not-published,,,validation,False
bert-base-uncased,L1,cladder,core_base_1law,208,l1:cladder:core_base_1law:208,0.5146198830409356,0.5609756097560976,0.5377977463985166,outputs/l1/cells/cladder/core_base_1law/seed-208/run_summary.json,not-published,outputs/l1/cells/cladder/core_base_1law/seed-208/best.pt,not-published,validation,False
bert-base-uncased,L1,cladder,core_i_3law,208,l1:cladder:core_i_3law:208,0.5146198830409356,0.5609756097560976,0.5377977463985166,outputs/l1/cells/cladder/core_i_3law/seed-208/run_summary.json,not-published,outputs/l1/cells/cladder/core_i_3law/seed-208/best.pt,not-published,validation,False
bert-base-uncased,L1,cladder,core_full_4law,208,l1:cladder:core_full_4law:208,0.5146198830409356,0.5609756097560976,0.5377977463985166,outputs/l1/cells/cladder/core_full_4law/seed-208/run_summary.json,not-published,outputs/l1/cells/cladder/core_full_4law/seed-208/best.pt,not-published,validation,False
bert-base-uncased,L1,cladder,do_nothing,208,l1:cladder:do_nothing:208,0.0,1.0,0.5,outputs/l1/cells/cladder/do_nothing/seed-208/run_summary.json,not-published,,,validation,False
bert-base-uncased,L1,cladder,do_everything,208,l1:cladder:do_everything:208,0.8522012578616353,0.5024390243902439,0.6773201411259395,outputs/l1/cells/cladder/do_everything/seed-208/run_summary.json,not-published,,,validation,False
bert-base-uncased,L1,cladder,random_init,208,l1:cladder:random_init:208,0.4748427672955975,0.5414634146341464,0.5081530909648719,outputs/l1/cells/cladder/random_init/seed-208/run_summary.json,not-published,,,validation,False
bert-base-uncased,L1,cladder,core_base_1law,209,l1:cladder:core_base_1law:209,0.5146198830409356,0.5609756097560976,0.5377977463985166,outputs/l1/cells/cladder/core_base_1law/seed-209/run_summary.json,not-published,outputs/l1/cells/cladder/core_base_1law/seed-209/best.pt,not-published,validation,False
bert-base-uncased,L1,cladder,core_i_3law,209,l1:cladder:core_i_3law:209,0.5146198830409356,0.5609756097560976,0.5377977463985166,outputs/l1/cells/cladder/core_i_3law/seed-209/run_summary.json,not-published,outputs/l1/cells/cladder/core_i_3law/seed-209/best.pt,not-published,validation,False
bert-base-uncased,L1,cladder,core_full_4law,209,l1:cladder:core_full_4law:209,0.5146198830409356,0.5609756097560976,0.5377977463985166,outputs/l1/cells/cladder/core_full_4law/seed-209/run_summary.json,not-published,outputs/l1/cells/cladder/core_full_4law/seed-209/best.pt,not-published,validation,False
bert-base-uncased,L1,cladder,do_nothing,209,l1:cladder:do_nothing:209,0.0,1.0,0.5,outputs/l1/cells/cladder/do_nothing/seed-209/run_summary.json,not-published,,,validation,False
bert-base-uncased,L1,cladder,do_everything,209,l1:cladder:do_everything:209,0.8522012578616353,0.5024390243902439,0.6773201411259395,outputs/l1/cells/cladder/do_everything/seed-209/run_summary.json,not-published,,,validation,False
bert-base-uncased,L1,cladder,random_init,209,l1:cladder:random_init:209,0.41509433962264153,0.5609756097560976,0.48803497468936957,outputs/l1/cells/cladder/random_init/seed-209/run_summary.json,not-published,,,validation,False
bert-base-uncased,L1,cladder,core_base_1law,210,l1:cladder:core_base_1law:210,0.5146198830409356,0.5609756097560976,0.5377977463985166,outputs/l1/cells/cladder/core_base_1law/seed-210/run_summary.json,not-published,outputs/l1/cells/cladder/core_base_1law/seed-210/best.pt,not-published,validation,False
bert-base-uncased,L1,cladder,core_i_3law,210,l1:cladder:core_i_3law:210,0.5146198830409356,0.5609756097560976,0.5377977463985166,outputs/l1/cells/cladder/core_i_3law/seed-210/run_summary.json,not-published,outputs/l1/cells/cladder/core_i_3law/seed-210/best.pt,not-published,validation,False
bert-base-uncased,L1,cladder,core_full_4law,210,l1:cladder:core_full_4law:210,0.5146198830409356,0.5609756097560976,0.5377977463985166,outputs/l1/cells/cladder/core_full_4law/seed-210/run_summary.json,not-published,outputs/l1/cells/cladder/core_full_4law/seed-210/best.pt,not-published,validation,False
bert-base-uncased,L1,cladder,do_nothing,210,l1:cladder:do_nothing:210,0.0,1.0,0.5,outputs/l1/cells/cladder/do_nothing/seed-210/run_summary.json,not-published,,,validation,False
bert-base-uncased,L1,cladder,do_everything,210,l1:cladder:do_everything:210,0.8522012578616353,0.5024390243902439,0.6773201411259395,outputs/l1/cells/cladder/do_everything/seed-210/run_summary.json,not-published,,,validation,False
bert-base-uncased,L1,cladder,random_init,210,l1:cladder:random_init:210,0.49056603773584906,0.4585365853658537,0.4745513115508514,outputs/l1/cells/cladder/random_init/seed-210/run_summary.json,not-published,,,validation,False
bert-base-uncased,L1,cladder,core_base_1law,211,l1:cladder:core_base_1law:211,0.5146198830409356,0.5609756097560976,0.5377977463985166,outputs/l1/cells/cladder/core_base_1law/seed-211/run_summary.json,not-published,outputs/l1/cells/cladder/core_base_1law/seed-211/best.pt,not-published,validation,False
bert-base-uncased,L1,cladder,core_i_3law,211,l1:cladder:core_i_3law:211,0.5146198830409356,0.5609756097560976,0.5377977463985166,outputs/l1/cells/cladder/core_i_3law/seed-211/run_summary.json,not-published,outputs/l1/cells/cladder/core_i_3law/seed-211/best.pt,not-published,validation,False
bert-base-uncased,L1,cladder,core_full_4law,211,l1:cladder:core_full_4law:211,0.5146198830409356,0.5609756097560976,0.5377977463985166,outputs/l1/cells/cladder/core_full_4law/seed-211/run_summary.json,not-published,outputs/l1/cells/cladder/core_full_4law/seed-211/best.pt,not-published,validation,False
bert-base-uncased,L1,cladder,do_nothing,211,l1:cladder:do_nothing:211,0.0,1.0,0.5,outputs/l1/cells/cladder/do_nothing/seed-211/run_summary.json,not-published,,,validation,False
bert-base-uncased,L1,cladder,do_everything,211,l1:cladder:do_everything:211,0.8522012578616353,0.5024390243902439,0.6773201411259395,outputs/l1/cells/cladder/do_everything/seed-211/run_summary.json,not-published,,,validation,False
bert-base-uncased,L1,cladder,random_init,211,l1:cladder:random_init:211,0.5880503144654088,0.4195121951219512,0.50378125479368,outputs/l1/cells/cladder/random_init/seed-211/run_summary.json,not-published,,,validation,False
bert-base-uncased,L1,cladder,core_base_1law,212,l1:cladder:core_base_1law:212,0.4853801169590643,0.43902439024390244,0.46220225360148337,outputs/l1/cells/cladder/core_base_1law/seed-212/run_summary.json,not-published,outputs/l1/cells/cladder/core_base_1law/seed-212/best.pt,not-published,validation,False
bert-base-uncased,L1,cladder,core_i_3law,212,l1:cladder:core_i_3law:212,0.4853801169590643,0.43902439024390244,0.46220225360148337,outputs/l1/cells/cladder/core_i_3law/seed-212/run_summary.json,not-published,outputs/l1/cells/cladder/core_i_3law/seed-212/best.pt,not-published,validation,False
bert-base-uncased,L1,cladder,core_full_4law,212,l1:cladder:core_full_4law:212,0.4853801169590643,0.43902439024390244,0.46220225360148337,outputs/l1/cells/cladder/core_full_4law/seed-212/run_summary.json,not-published,outputs/l1/cells/cladder/core_full_4law/seed-212/best.pt,not-published,validation,False
bert-base-uncased,L1,cladder,do_nothing,212,l1:cladder:do_nothing:212,0.0,1.0,0.5,outputs/l1/cells/cladder/do_nothing/seed-212/run_summary.json,not-published,,,validation,False
bert-base-uncased,L1,cladder,do_everything,212,l1:cladder:do_everything:212,0.8522012578616353,0.5024390243902439,0.6773201411259395,outputs/l1/cells/cladder/do_everything/seed-212/run_summary.json,not-published,,,validation,False
bert-base-uncased,L1,cladder,random_init,212,l1:cladder:random_init:212,0.44339622641509435,0.5317073170731708,0.48755177174413256,outputs/l1/cells/cladder/random_init/seed-212/run_summary.json,not-published,,,validation,False
bert-base-uncased,L1,cladder,core_base_1law,213,l1:cladder:core_base_1law:213,0.5146198830409356,0.5609756097560976,0.5377977463985166,outputs/l1/cells/cladder/core_base_1law/seed-213/run_summary.json,not-published,outputs/l1/cells/cladder/core_base_1law/seed-213/best.pt,not-published,validation,False
bert-base-uncased,L1,cladder,core_i_3law,213,l1:cladder:core_i_3law:213,0.5146198830409356,0.5609756097560976,0.5377977463985166,outputs/l1/cells/cladder/core_i_3law/seed-213/run_summary.json,not-published,outputs/l1/cells/cladder/core_i_3law/seed-213/best.pt,not-published,validation,False
bert-base-uncased,L1,cladder,core_full_4law,213,l1:cladder:core_full_4law:213,0.5146198830409356,0.5609756097560976,0.5377977463985166,outputs/l1/cells/cladder/core_full_4law/seed-213/run_summary.json,not-published,outputs/l1/cells/cladder/core_full_4law/seed-213/best.pt,not-published,validation,False
bert-base-uncased,L1,cladder,do_nothing,213,l1:cladder:do_nothing:213,0.0,1.0,0.5,outputs/l1/cells/cladder/do_nothing/seed-213/run_summary.json,not-published,,,validation,False
bert-base-uncased,L1,cladder,do_everything,213,l1:cladder:do_everything:213,0.8522012578616353,0.5024390243902439,0.6773201411259395,outputs/l1/cells/cladder/do_everything/seed-213/run_summary.json,not-published,,,validation,False
bert-base-uncased,L1,cladder,random_init,213,l1:cladder:random_init:213,0.5408805031446541,0.47804878048780486,0.5094646418162294,outputs/l1/cells/cladder/random_init/seed-213/run_summary.json,not-published,,,validation,False
bert-base-uncased,L1,cladder,core_base_1law,214,l1:cladder:core_base_1law:214,0.4853801169590643,0.43902439024390244,0.46220225360148337,outputs/l1/cells/cladder/core_base_1law/seed-214/run_summary.json,not-published,outputs/l1/cells/cladder/core_base_1law/seed-214/best.pt,not-published,validation,False
bert-base-uncased,L1,cladder,core_i_3law,214,l1:cladder:core_i_3law:214,0.4853801169590643,0.43902439024390244,0.46220225360148337,outputs/l1/cells/cladder/core_i_3law/seed-214/run_summary.json,not-published,outputs/l1/cells/cladder/core_i_3law/seed-214/best.pt,not-published,validation,False
bert-base-uncased,L1,cladder,core_full_4law,214,l1:cladder:core_full_4law:214,0.4853801169590643,0.43902439024390244,0.46220225360148337,outputs/l1/cells/cladder/core_full_4law/seed-214/run_summary.json,not-published,outputs/l1/cells/cladder/core_full_4law/seed-214/best.pt,not-published,validation,False
bert-base-uncased,L1,cladder,do_nothing,214,l1:cladder:do_nothing:214,0.0,1.0,0.5,outputs/l1/cells/cladder/do_nothing/seed-214/run_summary.json,not-published,,,validation,False
bert-base-uncased,L1,cladder,do_everything,214,l1:cladder:do_everything:214,0.8522012578616353,0.5024390243902439,0.6773201411259395,outputs/l1/cells/cladder/do_everything/seed-214/run_summary.json,not-published,,,validation,False
bert-base-uncased,L1,cladder,random_init,214,l1:cladder:random_init:214,0.5440251572327044,0.3804878048780488,0.4622564810553766,outputs/l1/cells/cladder/random_init/seed-214/run_summary.json,not-published,,,validation,False
bert-base-uncased,L1,cladder,core_base_1law,215,l1:cladder:core_base_1law:215,0.5146198830409356,0.5609756097560976,0.5377977463985166,outputs/l1/cells/cladder/core_base_1law/seed-215/run_summary.json,not-published,outputs/l1/cells/cladder/core_base_1law/seed-215/best.pt,not-published,validation,False
bert-base-uncased,L1,cladder,core_i_3law,215,l1:cladder:core_i_3law:215,0.5146198830409356,0.5609756097560976,0.5377977463985166,outputs/l1/cells/cladder/core_i_3law/seed-215/run_summary.json,not-published,outputs/l1/cells/cladder/core_i_3law/seed-215/best.pt,not-published,validation,False
bert-base-uncased,L1,cladder,core_full_4law,215,l1:cladder:core_full_4law:215,0.5146198830409356,0.5609756097560976,0.5377977463985166,outputs/l1/cells/cladder/core_full_4law/seed-215/run_summary.json,not-published,outputs/l1/cells/cladder/core_full_4law/seed-215/best.pt,not-published,validation,False
bert-base-uncased,L1,cladder,do_nothing,215,l1:cladder:do_nothing:215,0.0,1.0,0.5,outputs/l1/cells/cladder/do_nothing/seed-215/run_summary.json,not-published,,,validation,False
bert-base-uncased,L1,cladder,do_everything,215,l1:cladder:do_everything:215,0.8522012578616353,0.5024390243902439,0.6773201411259395,outputs/l1/cells/cladder/do_everything/seed-215/run_summary.json,not-published,,,validation,False
bert-base-uncased,L1,cladder,random_init,215,l1:cladder:random_init:215,0.42138364779874216,0.5609756097560976,0.4911796287774199,outputs/l1/cells/cladder/random_init/seed-215/run_summary.json,not-published,,,validation,False
bert-base-uncased,L1,cladder,core_base_1law,216,l1:cladder:core_base_1law:216,0.5146198830409356,0.5609756097560976,0.5377977463985166,outputs/l1/cells/cladder/core_base_1law/seed-216/run_summary.json,not-published,outputs/l1/cells/cladder/core_base_1law/seed-216/best.pt,not-published,validation,False
bert-base-uncased,L1,cladder,core_i_3law,216,l1:cladder:core_i_3law:216,0.5146198830409356,0.5609756097560976,0.5377977463985166,outputs/l1/cells/cladder/core_i_3law/seed-216/run_summary.json,not-published,outputs/l1/cells/cladder/core_i_3law/seed-216/best.pt,not-published,validation,False
bert-base-uncased,L1,cladder,core_full_4law,216,l1:cladder:core_full_4law:216,0.5146198830409356,0.5609756097560976,0.5377977463985166,outputs/l1/cells/cladder/core_full_4law/seed-216/run_summary.json,not-published,outputs/l1/cells/cladder/core_full_4law/seed-216/best.pt,not-published,validation,False
bert-base-uncased,L1,cladder,do_nothing,216,l1:cladder:do_nothing:216,0.0,1.0,0.5,outputs/l1/cells/cladder/do_nothing/seed-216/run_summary.json,not-published,,,validation,False
bert-base-uncased,L1,cladder,do_everything,216,l1:cladder:do_everything:216,0.8522012578616353,0.5024390243902439,0.6773201411259395,outputs/l1/cells/cladder/do_everything/seed-216/run_summary.json,not-published,,,validation,False
bert-base-uncased,L1,cladder,random_init,216,l1:cladder:random_init:216,0.44025157232704404,0.375609756097561,0.4079306642123025,outputs/l1/cells/cladder/random_init/seed-216/run_summary.json,not-published,,,validation,False
bert-base-uncased,L1,cladder,core_base_1law,217,l1:cladder:core_base_1law:217,0.5146198830409356,0.5609756097560976,0.5377977463985166,outputs/l1/cells/cladder/core_base_1law/seed-217/run_summary.json,not-published,outputs/l1/cells/cladder/core_base_1law/seed-217/best.pt,not-published,validation,False
bert-base-uncased,L1,cladder,core_i_3law,217,l1:cladder:core_i_3law:217,0.5146198830409356,0.5609756097560976,0.5377977463985166,outputs/l1/cells/cladder/core_i_3law/seed-217/run_summary.json,not-published,outputs/l1/cells/cladder/core_i_3law/seed-217/best.pt,not-published,validation,False
bert-base-uncased,L1,cladder,core_full_4law,217,l1:cladder:core_full_4law:217,0.5146198830409356,0.5609756097560976,0.5377977463985166,outputs/l1/cells/cladder/core_full_4law/seed-217/run_summary.json,not-published,outputs/l1/cells/cladder/core_full_4law/seed-217/best.pt,not-published,validation,False
bert-base-uncased,L1,cladder,do_nothing,217,l1:cladder:do_nothing:217,0.0,1.0,0.5,outputs/l1/cells/cladder/do_nothing/seed-217/run_summary.json,not-published,,,validation,False
bert-base-uncased,L1,cladder,do_everything,217,l1:cladder:do_everything:217,0.8522012578616353,0.5024390243902439,0.6773201411259395,outputs/l1/cells/cladder/do_everything/seed-217/run_summary.json,not-published,,,validation,False
bert-base-uncased,L1,cladder,random_init,217,l1:cladder:random_init:217,0.48427672955974843,0.5609756097560976,0.5226261696579231,outputs/l1/cells/cladder/random_init/seed-217/run_summary.json,not-published,,,validation,False
bert-base-uncased,L1,cladder,core_base_1law,218,l1:cladder:core_base_1law:218,0.49707602339181284,0.5658536585365853,0.5314648409641991,outputs/l1/cells/cladder/core_base_1law/seed-218/run_summary.json,not-published,outputs/l1/cells/cladder/core_base_1law/seed-218/best.pt,not-published,validation,False
bert-base-uncased,L1,cladder,core_i_3law,218,l1:cladder:core_i_3law:218,0.49707602339181284,0.5658536585365853,0.5314648409641991,outputs/l1/cells/cladder/core_i_3law/seed-218/run_summary.json,not-published,outputs/l1/cells/cladder/core_i_3law/seed-218/best.pt,not-published,validation,False
bert-base-uncased,L1,cladder,core_full_4law,218,l1:cladder:core_full_4law:218,0.49707602339181284,0.5658536585365853,0.5314648409641991,outputs/l1/cells/cladder/core_full_4law/seed-218/run_summary.json,not-published,outputs/l1/cells/cladder/core_full_4law/seed-218/best.pt,not-published,validation,False
bert-base-uncased,L1,cladder,do_nothing,218,l1:cladder:do_nothing:218,0.0,1.0,0.5,outputs/l1/cells/cladder/do_nothing/seed-218/run_summary.json,not-published,,,validation,False
bert-base-uncased,L1,cladder,do_everything,218,l1:cladder:do_everything:218,0.8522012578616353,0.5024390243902439,0.6773201411259395,outputs/l1/cells/cladder/do_everything/seed-218/run_summary.json,not-published,,,validation,False
bert-base-uncased,L1,cladder,random_init,218,l1:cladder:random_init:218,0.449685534591195,0.48292682926829267,0.4663061819297438,outputs/l1/cells/cladder/random_init/seed-218/run_summary.json,not-published,,,validation,False
bert-base-uncased,L1,cladder,core_base_1law,219,l1:cladder:core_base_1law:219,0.5146198830409356,0.5609756097560976,0.5377977463985166,outputs/l1/cells/cladder/core_base_1law/seed-219/run_summary.json,not-published,outputs/l1/cells/cladder/core_base_1law/seed-219/best.pt,not-published,validation,False
bert-base-uncased,L1,cladder,core_i_3law,219,l1:cladder:core_i_3law:219,0.5146198830409356,0.5609756097560976,0.5377977463985166,outputs/l1/cells/cladder/core_i_3law/seed-219/run_summary.json,not-published,outputs/l1/cells/cladder/core_i_3law/seed-219/best.pt,not-published,validation,False
bert-base-uncased,L1,cladder,core_full_4law,219,l1:cladder:core_full_4law:219,0.5146198830409356,0.5609756097560976,0.5377977463985166,outputs/l1/cells/cladder/core_full_4law/seed-219/run_summary.json,not-published,outputs/l1/cells/cladder/core_full_4law/seed-219/best.pt,not-published,validation,False
bert-base-uncased,L1,cladder,do_nothing,219,l1:cladder:do_nothing:219,0.0,1.0,0.5,outputs/l1/cells/cladder/do_nothing/seed-219/run_summary.json,not-published,,,validation,False
bert-base-uncased,L1,cladder,do_everything,219,l1:cladder:do_everything:219,0.8522012578616353,0.5024390243902439,0.6773201411259395,outputs/l1/cells/cladder/do_everything/seed-219/run_summary.json,not-published,,,validation,False
bert-base-uncased,L1,cladder,random_init,219,l1:cladder:random_init:219,0.5408805031446541,0.4975609756097561,0.519220739377205,outputs/l1/cells/cladder/random_init/seed-219/run_summary.json,not-published,,,validation,False
bert-base-uncased,L1,cladder,core_base_1law,220,l1:cladder:core_base_1law:220,0.5146198830409356,0.5609756097560976,0.5377977463985166,outputs/l1/cells/cladder/core_base_1law/seed-220/run_summary.json,not-published,outputs/l1/cells/cladder/core_base_1law/seed-220/best.pt,not-published,validation,False
bert-base-uncased,L1,cladder,core_i_3law,220,l1:cladder:core_i_3law:220,0.5146198830409356,0.5609756097560976,0.5377977463985166,outputs/l1/cells/cladder/core_i_3law/seed-220/run_summary.json,not-published,outputs/l1/cells/cladder/core_i_3law/seed-220/best.pt,not-published,validation,False
bert-base-uncased,L1,cladder,core_full_4law,220,l1:cladder:core_full_4law:220,0.5146198830409356,0.5609756097560976,0.5377977463985166,outputs/l1/cells/cladder/core_full_4law/seed-220/run_summary.json,not-published,outputs/l1/cells/cladder/core_full_4law/seed-220/best.pt,not-published,validation,False
bert-base-uncased,L1,cladder,do_nothing,220,l1:cladder:do_nothing:220,0.0,1.0,0.5,outputs/l1/cells/cladder/do_nothing/seed-220/run_summary.json,not-published,,,validation,False
bert-base-uncased,L1,cladder,do_everything,220,l1:cladder:do_everything:220,0.8522012578616353,0.5024390243902439,0.6773201411259395,outputs/l1/cells/cladder/do_everything/seed-220/run_summary.json,not-published,,,validation,False
bert-base-uncased,L1,cladder,random_init,220,l1:cladder:random_init:220,0.5125786163522013,0.4634146341463415,0.48799662524927134,outputs/l1/cells/cladder/random_init/seed-220/run_summary.json,not-published,,,validation,False
bert-base-uncased,L2,xor,full,201,l2:xor:full:201,0.5,0.502375296912114,0.501187648456057,outputs/l2/cells/xor/full/seed-201/run_summary.json,not-published,outputs/l2/cells/xor/full/seed-201/best.pt,not-published,validation,False
bert-base-uncased,L2,xor,drop_identity,201,l2:xor:drop_identity:201,0.5,0.502375296912114,0.501187648456057,outputs/l2/cells/xor/drop_identity/seed-201/run_summary.json,not-published,outputs/l2/cells/xor/drop_identity/seed-201/best.pt,not-published,validation,False
bert-base-uncased,L2,xor,drop_idempotence,201,l2:xor:drop_idempotence:201,0.5,0.502375296912114,0.501187648456057,outputs/l2/cells/xor/drop_idempotence/seed-201/run_summary.json,not-published,outputs/l2/cells/xor/drop_idempotence/seed-201/best.pt,not-published,validation,False
bert-base-uncased,L2,xor,drop_commutation,201,l2:xor:drop_commutation:201,0.5,0.502375296912114,0.501187648456057,outputs/l2/cells/xor/drop_commutation/seed-201/run_summary.json,not-published,outputs/l2/cells/xor/drop_commutation/seed-201/best.pt,not-published,validation,False
bert-base-uncased,L2,xor,drop_selective_invariance,201,l2:xor:drop_selective_invariance:201,0.5,0.502375296912114,0.501187648456057,outputs/l2/cells/xor/drop_selective_invariance/seed-201/run_summary.json,not-published,outputs/l2/cells/xor/drop_selective_invariance/seed-201/best.pt,not-published,validation,False
bert-base-uncased,L2,xor,do_nothing,201,l2:xor:do_nothing:201,0.0,1.0,0.5,outputs/l2/cells/xor/do_nothing/seed-201/run_summary.json,not-published,,,validation,False
bert-base-uncased,L2,xor,do_everything,201,l2:xor:do_everything:201,0.5558659217877095,0.502375296912114,0.5291206093499118,outputs/l2/cells/xor/do_everything/seed-201/run_summary.json,not-published,,,validation,False
bert-base-uncased,L2,xor,random_init,201,l2:xor:random_init:201,0.5037243947858473,0.5098970704671417,0.5068107326264946,outputs/l2/cells/xor/random_init/seed-201/run_summary.json,not-published,,,validation,False
bert-base-uncased,L2,xor,full,202,l2:xor:full:202,0.5421810699588477,0.4194577352472089,0.48081940260302836,outputs/l2/cells/xor/full/seed-202/run_summary.json,not-published,outputs/l2/cells/xor/full/seed-202/best.pt,not-published,validation,False
bert-base-uncased,L2,xor,drop_identity,202,l2:xor:drop_identity:202,0.5421810699588477,0.4194577352472089,0.48081940260302836,outputs/l2/cells/xor/drop_identity/seed-202/run_summary.json,not-published,outputs/l2/cells/xor/drop_identity/seed-202/best.pt,not-published,validation,False
bert-base-uncased,L2,xor,drop_idempotence,202,l2:xor:drop_idempotence:202,0.5411522633744856,0.4194577352472089,0.48030499931084725,outputs/l2/cells/xor/drop_idempotence/seed-202/run_summary.json,not-published,outputs/l2/cells/xor/drop_idempotence/seed-202/best.pt,not-published,validation,False
bert-base-uncased,L2,xor,drop_commutation,202,l2:xor:drop_commutation:202,0.5421810699588477,0.4194577352472089,0.48081940260302836,outputs/l2/cells/xor/drop_commutation/seed-202/run_summary.json,not-published,outputs/l2/cells/xor/drop_commutation/seed-202/best.pt,not-published,validation,False
bert-base-uncased,L2,xor,drop_selective_invariance,202,l2:xor:drop_selective_invariance:202,0.5411522633744856,0.4194577352472089,0.48030499931084725,outputs/l2/cells/xor/drop_selective_invariance/seed-202/run_summary.json,not-published,outputs/l2/cells/xor/drop_selective_invariance/seed-202/best.pt,not-published,validation,False
bert-base-uncased,L2,xor,do_nothing,202,l2:xor:do_nothing:202,0.0,1.0,0.5,outputs/l2/cells/xor/do_nothing/seed-202/run_summary.json,not-published,,,validation,False
bert-base-uncased,L2,xor,do_everything,202,l2:xor:do_everything:202,0.565018315018315,0.47647527910685805,0.5207467970625865,outputs/l2/cells/xor/do_everything/seed-202/run_summary.json,not-published,,,validation,False
bert-base-uncased,L2,xor,random_init,202,l2:xor:random_init:202,0.4880952380952381,0.48724082934609253,0.4876680337206653,outputs/l2/cells/xor/random_init/seed-202/run_summary.json,not-published,,,validation,False
bert-base-uncased,L2,xor,full,203,l2:xor:full:203,0.498158379373849,0.5091896407685882,0.5036740100712186,outputs/l2/cells/xor/full/seed-203/run_summary.json,not-published,outputs/l2/cells/xor/full/seed-203/best.pt,not-published,validation,False
bert-base-uncased,L2,xor,drop_identity,203,l2:xor:drop_identity:203,0.498158379373849,0.5091896407685882,0.5036740100712186,outputs/l2/cells/xor/drop_identity/seed-203/run_summary.json,not-published,outputs/l2/cells/xor/drop_identity/seed-203/best.pt,not-published,validation,False
bert-base-uncased,L2,xor,drop_idempotence,203,l2:xor:drop_idempotence:203,0.498158379373849,0.5091896407685882,0.5036740100712186,outputs/l2/cells/xor/drop_idempotence/seed-203/run_summary.json,not-published,outputs/l2/cells/xor/drop_idempotence/seed-203/best.pt,not-published,validation,False
bert-base-uncased,L2,xor,drop_commutation,203,l2:xor:drop_commutation:203,0.498158379373849,0.5091896407685882,0.5036740100712186,outputs/l2/cells/xor/drop_commutation/seed-203/run_summary.json,not-published,outputs/l2/cells/xor/drop_commutation/seed-203/best.pt,not-published,validation,False
bert-base-uncased,L2,xor,drop_selective_invariance,203,l2:xor:drop_selective_invariance:203,0.498158379373849,0.5091896407685882,0.5036740100712186,outputs/l2/cells/xor/drop_selective_invariance/seed-203/run_summary.json,not-published,outputs/l2/cells/xor/drop_selective_invariance/seed-203/best.pt,not-published,validation,False
bert-base-uncased,L2,xor,do_nothing,203,l2:xor:do_nothing:203,0.0,1.0,0.5,outputs/l2/cells/xor/do_nothing/seed-203/run_summary.json,not-published,,,validation,False
bert-base-uncased,L2,xor,do_everything,203,l2:xor:do_everything:203,0.5480928689883914,0.5091896407685882,0.5286412548784898,outputs/l2/cells/xor/do_everything/seed-203/run_summary.json,not-published,,,validation,False
bert-base-uncased,L2,xor,random_init,203,l2:xor:random_init:203,0.494195688225539,0.49373433583959897,0.493965012032569,outputs/l2/cells/xor/random_init/seed-203/run_summary.json,not-published,,,validation,False
bert-base-uncased,L2,xor,full,204,l2:xor:full:204,0.4803921568627451,0.49379432624113473,0.4870932415519399,outputs/l2/cells/xor/full/seed-204/run_summary.json,not-published,outputs/l2/cells/xor/full/seed-204/best.pt,not-published,validation,False
bert-base-uncased,L2,xor,drop_identity,204,l2:xor:drop_identity:204,0.4803921568627451,0.49379432624113473,0.4870932415519399,outputs/l2/cells/xor/drop_identity/seed-204/run_summary.json,not-published,outputs/l2/cells/xor/drop_identity/seed-204/best.pt,not-published,validation,False
bert-base-uncased,L2,xor,drop_idempotence,204,l2:xor:drop_idempotence:204,0.4803921568627451,0.49379432624113473,0.4870932415519399,outputs/l2/cells/xor/drop_idempotence/seed-204/run_summary.json,not-published,outputs/l2/cells/xor/drop_idempotence/seed-204/best.pt,not-published,validation,False
bert-base-uncased,L2,xor,drop_commutation,204,l2:xor:drop_commutation:204,0.4803921568627451,0.49379432624113473,0.4870932415519399,outputs/l2/cells/xor/drop_commutation/seed-204/run_summary.json,not-published,outputs/l2/cells/xor/drop_commutation/seed-204/best.pt,not-published,validation,False
bert-base-uncased,L2,xor,drop_selective_invariance,204,l2:xor:drop_selective_invariance:204,0.4803921568627451,0.49379432624113473,0.4870932415519399,outputs/l2/cells/xor/drop_selective_invariance/seed-204/run_summary.json,not-published,outputs/l2/cells/xor/drop_selective_invariance/seed-204/best.pt,not-published,validation,False
bert-base-uncased,L2,xor,do_nothing,204,l2:xor:do_nothing:204,0.0,1.0,0.5,outputs/l2/cells/xor/do_nothing/seed-204/run_summary.json,not-published,,,validation,False
bert-base-uncased,L2,xor,do_everything,204,l2:xor:do_everything:204,0.5267857142857143,0.49379432624113473,0.5102900202634245,outputs/l2/cells/xor/do_everything/seed-204/run_summary.json,not-published,,,validation,False
bert-base-uncased,L2,xor,random_init,204,l2:xor:random_init:204,0.5081845238095238,0.5159574468085106,0.5120709853090173,outputs/l2/cells/xor/random_init/seed-204/run_summary.json,not-published,,,validation,False
bert-base-uncased,L2,xor,full,205,l2:xor:full:205,0.49156118143459915,0.4873617693522907,0.4894614753934449,outputs/l2/cells/xor/full/seed-205/run_summary.json,not-published,outputs/l2/cells/xor/full/seed-205/best.pt,not-published,validation,False
bert-base-uncased,L2,xor,drop_identity,205,l2:xor:drop_identity:205,0.49156118143459915,0.4873617693522907,0.4894614753934449,outputs/l2/cells/xor/drop_identity/seed-205/run_summary.json,not-published,outputs/l2/cells/xor/drop_identity/seed-205/best.pt,not-published,validation,False
bert-base-uncased,L2,xor,drop_idempotence,205,l2:xor:drop_idempotence:205,0.49156118143459915,0.4873617693522907,0.4894614753934449,outputs/l2/cells/xor/drop_idempotence/seed-205/run_summary.json,not-published,outputs/l2/cells/xor/drop_idempotence/seed-205/best.pt,not-published,validation,False
bert-base-uncased,L2,xor,drop_commutation,205,l2:xor:drop_commutation:205,0.49156118143459915,0.4873617693522907,0.4894614753934449,outputs/l2/cells/xor/drop_commutation/seed-205/run_summary.json,not-published,outputs/l2/cells/xor/drop_commutation/seed-205/best.pt,not-published,validation,False
bert-base-uncased,L2,xor,drop_selective_invariance,205,l2:xor:drop_selective_invariance:205,0.49156118143459915,0.4873617693522907,0.4894614753934449,outputs/l2/cells/xor/drop_selective_invariance/seed-205/run_summary.json,not-published,outputs/l2/cells/xor/drop_selective_invariance/seed-205/best.pt,not-published,validation,False
bert-base-uncased,L2,xor,do_nothing,205,l2:xor:do_nothing:205,0.0,1.0,0.5,outputs/l2/cells/xor/do_nothing/seed-205/run_summary.json,not-published,,,validation,False
bert-base-uncased,L2,xor,do_everything,205,l2:xor:do_everything:205,0.548689138576779,0.4873617693522907,0.5180254539645348,outputs/l2/cells/xor/do_everything/seed-205/run_summary.json,not-published,,,validation,False
bert-base-uncased,L2,xor,random_init,205,l2:xor:random_init:205,0.5056179775280899,0.5154028436018957,0.5105104105649928,outputs/l2/cells/xor/random_init/seed-205/run_summary.json,not-published,,,validation,False
bert-base-uncased,L2,xor,full,206,l2:xor:full:206,0.49901960784313726,0.5077235772357723,0.5033715925394548,outputs/l2/cells/xor/full/seed-206/run_summary.json,not-published,outputs/l2/cells/xor/full/seed-206/best.pt,not-published,validation,False
bert-base-uncased,L2,xor,drop_identity,206,l2:xor:drop_identity:206,0.49901960784313726,0.5073170731707317,0.5031683405069345,outputs/l2/cells/xor/drop_identity/seed-206/run_summary.json,not-published,outputs/l2/cells/xor/drop_identity/seed-206/best.pt,not-published,validation,False
bert-base-uncased,L2,xor,drop_idempotence,206,l2:xor:drop_idempotence:206,0.49901960784313726,0.5089430894308943,0.5039813486370157,outputs/l2/cells/xor/drop_idempotence/seed-206/run_summary.json,not-published,outputs/l2/cells/xor/drop_idempotence/seed-206/best.pt,not-published,validation,False
bert-base-uncased,L2,xor,drop_commutation,206,l2:xor:drop_commutation:206,0.49901960784313726,0.508130081300813,0.5035748445719752,outputs/l2/cells/xor/drop_commutation/seed-206/run_summary.json,not-published,outputs/l2/cells/xor/drop_commutation/seed-206/best.pt,not-published,validation,False
bert-base-uncased,L2,xor,drop_selective_invariance,206,l2:xor:drop_selective_invariance:206,0.49901960784313726,0.5089430894308943,0.5039813486370157,outputs/l2/cells/xor/drop_selective_invariance/seed-206/run_summary.json,not-published,outputs/l2/cells/xor/drop_selective_invariance/seed-206/best.pt,not-published,validation,False
bert-base-uncased,L2,xor,do_nothing,206,l2:xor:do_nothing:206,0.0,1.0,0.5,outputs/l2/cells/xor/do_nothing/seed-206/run_summary.json,not-published,,,validation,False
bert-base-uncased,L2,xor,do_everything,206,l2:xor:do_everything:206,0.5456140350877193,0.5138211382113821,0.5297175866495507,outputs/l2/cells/xor/do_everything/seed-206/run_summary.json,not-published,,,validation,False
bert-base-uncased,L2,xor,random_init,206,l2:xor:random_init:206,0.5184210526315789,0.5134146341463415,0.5159178433889602,outputs/l2/cells/xor/random_init/seed-206/run_summary.json,not-published,,,validation,False
bert-base-uncased,L2,xor,full,207,l2:xor:full:207,0.4361111111111111,0.5241666666666667,0.4801388888888889,outputs/l2/cells/xor/full/seed-207/run_summary.json,not-published,outputs/l2/cells/xor/full/seed-207/best.pt,not-published,validation,False
bert-base-uncased,L2,xor,drop_identity,207,l2:xor:drop_identity:207,0.4361111111111111,0.5241666666666667,0.4801388888888889,outputs/l2/cells/xor/drop_identity/seed-207/run_summary.json,not-published,outputs/l2/cells/xor/drop_identity/seed-207/best.pt,not-published,validation,False
bert-base-uncased,L2,xor,drop_idempotence,207,l2:xor:drop_idempotence:207,0.4361111111111111,0.5241666666666667,0.4801388888888889,outputs/l2/cells/xor/drop_idempotence/seed-207/run_summary.json,not-published,outputs/l2/cells/xor/drop_idempotence/seed-207/best.pt,not-published,validation,False
bert-base-uncased,L2,xor,drop_commutation,207,l2:xor:drop_commutation:207,0.4361111111111111,0.5241666666666667,0.4801388888888889,outputs/l2/cells/xor/drop_commutation/seed-207/run_summary.json,not-published,outputs/l2/cells/xor/drop_commutation/seed-207/best.pt,not-published,validation,False
bert-base-uncased,L2,xor,drop_selective_invariance,207,l2:xor:drop_selective_invariance:207,0.4361111111111111,0.5241666666666667,0.4801388888888889,outputs/l2/cells/xor/drop_selective_invariance/seed-207/run_summary.json,not-published,outputs/l2/cells/xor/drop_selective_invariance/seed-207/best.pt,not-published,validation,False
bert-base-uncased,L2,xor,do_nothing,207,l2:xor:do_nothing:207,0.0,1.0,0.5,outputs/l2/cells/xor/do_nothing/seed-207/run_summary.json,not-published,,,validation,False
bert-base-uncased,L2,xor,do_everything,207,l2:xor:do_everything:207,0.5441666666666667,0.4920833333333333,0.518125,outputs/l2/cells/xor/do_everything/seed-207/run_summary.json,not-published,,,validation,False
bert-base-uncased,L2,xor,random_init,207,l2:xor:random_init:207,0.49166666666666664,0.48291666666666666,0.4872916666666667,outputs/l2/cells/xor/random_init/seed-207/run_summary.json,not-published,,,validation,False
bert-base-uncased,L2,xor,full,208,l2:xor:full:208,0.4988888888888889,0.5131782945736434,0.5060335917312662,outputs/l2/cells/xor/full/seed-208/run_summary.json,not-published,outputs/l2/cells/xor/full/seed-208/best.pt,not-published,validation,False
bert-base-uncased,L2,xor,drop_identity,208,l2:xor:drop_identity:208,0.4988888888888889,0.5131782945736434,0.5060335917312662,outputs/l2/cells/xor/drop_identity/seed-208/run_summary.json,not-published,outputs/l2/cells/xor/drop_identity/seed-208/best.pt,not-published,validation,False
bert-base-uncased,L2,xor,drop_idempotence,208,l2:xor:drop_idempotence:208,0.4988888888888889,0.5131782945736434,0.5060335917312662,outputs/l2/cells/xor/drop_idempotence/seed-208/run_summary.json,not-published,outputs/l2/cells/xor/drop_idempotence/seed-208/best.pt,not-published,validation,False
bert-base-uncased,L2,xor,drop_commutation,208,l2:xor:drop_commutation:208,0.4988888888888889,0.5131782945736434,0.5060335917312662,outputs/l2/cells/xor/drop_commutation/seed-208/run_summary.json,not-published,outputs/l2/cells/xor/drop_commutation/seed-208/best.pt,not-published,validation,False
bert-base-uncased,L2,xor,drop_selective_invariance,208,l2:xor:drop_selective_invariance:208,0.4988888888888889,0.5131782945736434,0.5060335917312662,outputs/l2/cells/xor/drop_selective_invariance/seed-208/run_summary.json,not-published,outputs/l2/cells/xor/drop_selective_invariance/seed-208/best.pt,not-published,validation,False
bert-base-uncased,L2,xor,do_nothing,208,l2:xor:do_nothing:208,0.0,1.0,0.5,outputs/l2/cells/xor/do_nothing/seed-208/run_summary.json,not-published,,,validation,False
bert-base-uncased,L2,xor,do_everything,208,l2:xor:do_everything:208,0.542156862745098,0.512015503875969,0.5270861833105335,outputs/l2/cells/xor/do_everything/seed-208/run_summary.json,not-published,,,validation,False
bert-base-uncased,L2,xor,random_init,208,l2:xor:random_init:208,0.5225490196078432,0.5108527131782946,0.5167008663930689,outputs/l2/cells/xor/random_init/seed-208/run_summary.json,not-published,,,validation,False
bert-base-uncased,L2,xor,full,209,l2:xor:full:209,0.47379454926624737,0.5296912114014252,0.5017428803338363,outputs/l2/cells/xor/full/seed-209/run_summary.json,not-published,outputs/l2/cells/xor/full/seed-209/best.pt,not-published,validation,False
bert-base-uncased,L2,xor,drop_identity,209,l2:xor:drop_identity:209,0.47379454926624737,0.5296912114014252,0.5017428803338363,outputs/l2/cells/xor/drop_identity/seed-209/run_summary.json,not-published,outputs/l2/cells/xor/drop_identity/seed-209/best.pt,not-published,validation,False
bert-base-uncased,L2,xor,drop_idempotence,209,l2:xor:drop_idempotence:209,0.47379454926624737,0.5296912114014252,0.5017428803338363,outputs/l2/cells/xor/drop_idempotence/seed-209/run_summary.json,not-published,outputs/l2/cells/xor/drop_idempotence/seed-209/best.pt,not-published,validation,False
bert-base-uncased,L2,xor,drop_commutation,209,l2:xor:drop_commutation:209,0.47379454926624737,0.5296912114014252,0.5017428803338363,outputs/l2/cells/xor/drop_commutation/seed-209/run_summary.json,not-published,outputs/l2/cells/xor/drop_commutation/seed-209/best.pt,not-published,validation,False
bert-base-uncased,L2,xor,drop_selective_invariance,209,l2:xor:drop_selective_invariance:209,0.47379454926624737,0.5296912114014252,0.5017428803338363,outputs/l2/cells/xor/drop_selective_invariance/seed-209/run_summary.json,not-published,outputs/l2/cells/xor/drop_selective_invariance/seed-209/best.pt,not-published,validation,False
bert-base-uncased,L2,xor,do_nothing,209,l2:xor:do_nothing:209,0.0,1.0,0.5,outputs/l2/cells/xor/do_nothing/seed-209/run_summary.json,not-published,,,validation,False
bert-base-uncased,L2,xor,do_everything,209,l2:xor:do_everything:209,0.5456238361266295,0.5162311955661124,0.5309275158463709,outputs/l2/cells/xor/do_everything/seed-209/run_summary.json,not-published,,,validation,False
bert-base-uncased,L2,xor,random_init,209,l2:xor:random_init:209,0.4757914338919926,0.5146476642913698,0.4952195490916812,outputs/l2/cells/xor/random_init/seed-209/run_summary.json,not-published,,,validation,False
bert-base-uncased,L2,xor,full,210,l2:xor:full:210,0.5272331154684096,0.5039032006245121,0.5155681580464608,outputs/l2/cells/xor/full/seed-210/run_summary.json,not-published,outputs/l2/cells/xor/full/seed-210/best.pt,not-published,validation,False
bert-base-uncased,L2,xor,drop_identity,210,l2:xor:drop_identity:210,0.5272331154684096,0.5039032006245121,0.5155681580464608,outputs/l2/cells/xor/drop_identity/seed-210/run_summary.json,not-published,outputs/l2/cells/xor/drop_identity/seed-210/best.pt,not-published,validation,False
bert-base-uncased,L2,xor,drop_idempotence,210,l2:xor:drop_idempotence:210,0.5272331154684096,0.5039032006245121,0.5155681580464608,outputs/l2/cells/xor/drop_idempotence/seed-210/run_summary.json,not-published,outputs/l2/cells/xor/drop_idempotence/seed-210/best.pt,not-published,validation,False
bert-base-uncased,L2,xor,drop_commutation,210,l2:xor:drop_commutation:210,0.5272331154684096,0.5039032006245121,0.5155681580464608,outputs/l2/cells/xor/drop_commutation/seed-210/run_summary.json,not-published,outputs/l2/cells/xor/drop_commutation/seed-210/best.pt,not-published,validation,False
bert-base-uncased,L2,xor,drop_selective_invariance,210,l2:xor:drop_selective_invariance:210,0.5272331154684096,0.5039032006245121,0.5155681580464608,outputs/l2/cells/xor/drop_selective_invariance/seed-210/run_summary.json,not-published,outputs/l2/cells/xor/drop_selective_invariance/seed-210/best.pt,not-published,validation,False
bert-base-uncased,L2,xor,do_nothing,210,l2:xor:do_nothing:210,0.0,1.0,0.5,outputs/l2/cells/xor/do_nothing/seed-210/run_summary.json,not-published,,,validation,False
bert-base-uncased,L2,xor,do_everything,210,l2:xor:do_everything:210,0.5857418111753372,0.48633879781420764,0.5360403044947724,outputs/l2/cells/xor/do_everything/seed-210/run_summary.json,not-published,,,validation,False
bert-base-uncased,L2,xor,random_init,210,l2:xor:random_init:210,0.5067437379576107,0.5058548009367682,0.5062992694471895,outputs/l2/cells/xor/random_init/seed-210/run_summary.json,not-published,,,validation,False
bert-base-uncased,L2,xor,full,211,l2:xor:full:211,0.4810606060606061,0.5152640264026402,0.49816231623162316,outputs/l2/cells/xor/full/seed-211/run_summary.json,not-published,outputs/l2/cells/xor/full/seed-211/best.pt,not-published,validation,False
bert-base-uncased,L2,xor,drop_identity,211,l2:xor:drop_identity:211,0.4810606060606061,0.5148514851485149,0.49795604560456047,outputs/l2/cells/xor/drop_identity/seed-211/run_summary.json,not-published,outputs/l2/cells/xor/drop_identity/seed-211/best.pt,not-published,validation,False
bert-base-uncased,L2,xor,drop_idempotence,211,l2:xor:drop_idempotence:211,0.4810606060606061,0.5156765676567657,0.4983685868586859,outputs/l2/cells/xor/drop_idempotence/seed-211/run_summary.json,not-published,outputs/l2/cells/xor/drop_idempotence/seed-211/best.pt,not-published,validation,False
bert-base-uncased,L2,xor,drop_commutation,211,l2:xor:drop_commutation:211,0.4810606060606061,0.5148514851485149,0.49795604560456047,outputs/l2/cells/xor/drop_commutation/seed-211/run_summary.json,not-published,outputs/l2/cells/xor/drop_commutation/seed-211/best.pt,not-published,validation,False
bert-base-uncased,L2,xor,drop_selective_invariance,211,l2:xor:drop_selective_invariance:211,0.4810606060606061,0.5152640264026402,0.49816231623162316,outputs/l2/cells/xor/drop_selective_invariance/seed-211/run_summary.json,not-published,outputs/l2/cells/xor/drop_selective_invariance/seed-211/best.pt,not-published,validation,False
bert-base-uncased,L2,xor,do_nothing,211,l2:xor:do_nothing:211,0.0,1.0,0.5,outputs/l2/cells/xor/do_nothing/seed-211/run_summary.json,not-published,,,validation,False
bert-base-uncased,L2,xor,do_everything,211,l2:xor:do_everything:211,0.5510204081632653,0.4933993399339934,0.5222098740486293,outputs/l2/cells/xor/do_everything/seed-211/run_summary.json,not-published,,,validation,False
bert-base-uncased,L2,xor,random_init,211,l2:xor:random_init:211,0.5187074829931972,0.4793729372937294,0.49904021014346334,outputs/l2/cells/xor/random_init/seed-211/run_summary.json,not-published,,,validation,False
bert-base-uncased,L2,xor,full,212,l2:xor:full:212,0.47830374753451677,0.4983779399837794,0.4883408437591481,outputs/l2/cells/xor/full/seed-212/run_summary.json,not-published,outputs/l2/cells/xor/full/seed-212/best.pt,not-published,validation,False
bert-base-uncased,L2,xor,drop_identity,212,l2:xor:drop_identity:212,0.47830374753451677,0.4983779399837794,0.4883408437591481,outputs/l2/cells/xor/drop_identity/seed-212/run_summary.json,not-published,outputs/l2/cells/xor/drop_identity/seed-212/best.pt,not-published,validation,False
bert-base-uncased,L2,xor,drop_idempotence,212,l2:xor:drop_idempotence:212,0.47731755424063116,0.4983779399837794,0.48784774711220524,outputs/l2/cells/xor/drop_idempotence/seed-212/run_summary.json,not-published,outputs/l2/cells/xor/drop_idempotence/seed-212/best.pt,not-published,validation,False
bert-base-uncased,L2,xor,drop_commutation,212,l2:xor:drop_commutation:212,0.47830374753451677,0.4983779399837794,0.4883408437591481,outputs/l2/cells/xor/drop_commutation/seed-212/run_summary.json,not-published,outputs/l2/cells/xor/drop_commutation/seed-212/best.pt,not-published,validation,False
bert-base-uncased,L2,xor,drop_selective_invariance,212,l2:xor:drop_selective_invariance:212,0.47633136094674555,0.49797242497972427,0.4871518929632349,outputs/l2/cells/xor/drop_selective_invariance/seed-212/run_summary.json,not-published,outputs/l2/cells/xor/drop_selective_invariance/seed-212/best.pt,not-published,validation,False
bert-base-uncased,L2,xor,do_nothing,212,l2:xor:do_nothing:212,0.0,1.0,0.5,outputs/l2/cells/xor/do_nothing/seed-212/run_summary.json,not-published,,,validation,False
bert-base-uncased,L2,xor,do_everything,212,l2:xor:do_everything:212,0.5299823633156967,0.5008110300081103,0.5153966966619035,outputs/l2/cells/xor/do_everything/seed-212/run_summary.json,not-published,,,validation,False
bert-base-uncased,L2,xor,random_init,212,l2:xor:random_init:212,0.49206349206349204,0.4931062449310625,0.49258486849727723,outputs/l2/cells/xor/random_init/seed-212/run_summary.json,not-published,,,validation,False
bert-base-uncased,L2,xor,full,213,l2:xor:full:213,0.48148148148148145,0.49426605504587157,0.4878737682636765,outputs/l2/cells/xor/full/seed-213/run_summary.json,not-published,outputs/l2/cells/xor/full/seed-213/best.pt,not-published,validation,False
bert-base-uncased,L2,xor,drop_identity,213,l2:xor:drop_identity:213,0.48148148148148145,0.49426605504587157,0.4878737682636765,outputs/l2/cells/xor/drop_identity/seed-213/run_summary.json,not-published,outputs/l2/cells/xor/drop_identity/seed-213/best.pt,not-published,validation,False
bert-base-uncased,L2,xor,drop_idempotence,213,l2:xor:drop_idempotence:213,0.48148148148148145,0.49426605504587157,0.4878737682636765,outputs/l2/cells/xor/drop_idempotence/seed-213/run_summary.json,not-published,outputs/l2/cells/xor/drop_idempotence/seed-213/best.pt,not-published,validation,False
bert-base-uncased,L2,xor,drop_commutation,213,l2:xor:drop_commutation:213,0.48148148148148145,0.49426605504587157,0.4878737682636765,outputs/l2/cells/xor/drop_commutation/seed-213/run_summary.json,not-published,outputs/l2/cells/xor/drop_commutation/seed-213/best.pt,not-published,validation,False
bert-base-uncased,L2,xor,drop_selective_invariance,213,l2:xor:drop_selective_invariance:213,0.48148148148148145,0.49426605504587157,0.4878737682636765,outputs/l2/cells/xor/drop_selective_invariance/seed-213/run_summary.json,not-published,outputs/l2/cells/xor/drop_selective_invariance/seed-213/best.pt,not-published,validation,False
bert-base-uncased,L2,xor,do_nothing,213,l2:xor:do_nothing:213,0.0,1.0,0.5,outputs/l2/cells/xor/do_nothing/seed-213/run_summary.json,not-published,,,validation,False
bert-base-uncased,L2,xor,do_everything,213,l2:xor:do_everything:213,0.5548780487804879,0.5191131498470948,0.5369955993137914,outputs/l2/cells/xor/do_everything/seed-213/run_summary.json,not-published,,,validation,False
bert-base-uncased,L2,xor,random_init,213,l2:xor:random_init:213,0.47865853658536583,0.5187308868501529,0.49869471171775936,outputs/l2/cells/xor/random_init/seed-213/run_summary.json,not-published,,,validation,False
bert-base-uncased,L2,xor,full,214,l2:xor:full:214,0.5752314814814815,0.404434250764526,0.48983286612300375,outputs/l2/cells/xor/full/seed-214/run_summary.json,not-published,outputs/l2/cells/xor/full/seed-214/best.pt,not-published,validation,False
bert-base-uncased,L2,xor,drop_identity,214,l2:xor:drop_identity:214,0.5752314814814815,0.404434250764526,0.48983286612300375,outputs/l2/cells/xor/drop_identity/seed-214/run_summary.json,not-published,outputs/l2/cells/xor/drop_identity/seed-214/best.pt,not-published,validation,False
bert-base-uncased,L2,xor,drop_idempotence,214,l2:xor:drop_idempotence:214,0.5752314814814815,0.404434250764526,0.48983286612300375,outputs/l2/cells/xor/drop_idempotence/seed-214/run_summary.json,not-published,outputs/l2/cells/xor/drop_idempotence/seed-214/best.pt,not-published,validation,False
bert-base-uncased,L2,xor,drop_commutation,214,l2:xor:drop_commutation:214,0.5752314814814815,0.404434250764526,0.48983286612300375,outputs/l2/cells/xor/drop_commutation/seed-214/run_summary.json,not-published,outputs/l2/cells/xor/drop_commutation/seed-214/best.pt,not-published,validation,False
bert-base-uncased,L2,xor,drop_selective_invariance,214,l2:xor:drop_selective_invariance:214,0.5752314814814815,0.404434250764526,0.48983286612300375,outputs/l2/cells/xor/drop_selective_invariance/seed-214/run_summary.json,not-published,outputs/l2/cells/xor/drop_selective_invariance/seed-214/best.pt,not-published,validation,False
bert-base-uncased,L2,xor,do_nothing,214,l2:xor:do_nothing:214,0.0,1.0,0.5,outputs/l2/cells/xor/do_nothing/seed-214/run_summary.json,not-published,,,validation,False
bert-base-uncased,L2,xor,do_everything,214,l2:xor:do_everything:214,0.556910569105691,0.5053516819571865,0.5311311255314388,outputs/l2/cells/xor/do_everything/seed-214/run_summary.json,not-published,,,validation,False
bert-base-uncased,L2,xor,random_init,214,l2:xor:random_init:214,0.4695121951219512,0.4996177370030581,0.48456496606250465,outputs/l2/cells/xor/random_init/seed-214/run_summary.json,not-published,,,validation,False
bert-base-uncased,L2,xor,full,215,l2:xor:full:215,0.5436507936507936,0.47006472491909385,0.5068577592849437,outputs/l2/cells/xor/full/seed-215/run_summary.json,not-published,outputs/l2/cells/xor/full/seed-215/best.pt,not-published,validation,False
bert-base-uncased,L2,xor,drop_identity,215,l2:xor:drop_identity:215,0.5436507936507936,0.47006472491909385,0.5068577592849437,outputs/l2/cells/xor/drop_identity/seed-215/run_summary.json,not-published,outputs/l2/cells/xor/drop_identity/seed-215/best.pt,not-published,validation,False
bert-base-uncased,L2,xor,drop_idempotence,215,l2:xor:drop_idempotence:215,0.5436507936507936,0.47006472491909385,0.5068577592849437,outputs/l2/cells/xor/drop_idempotence/seed-215/run_summary.json,not-published,outputs/l2/cells/xor/drop_idempotence/seed-215/best.pt,not-published,validation,False
bert-base-uncased,L2,xor,drop_commutation,215,l2:xor:drop_commutation:215,0.5436507936507936,0.47006472491909385,0.5068577592849437,outputs/l2/cells/xor/drop_commutation/seed-215/run_summary.json,not-published,outputs/l2/cells/xor/drop_commutation/seed-215/best.pt,not-published,validation,False
bert-base-uncased,L2,xor,drop_selective_invariance,215,l2:xor:drop_selective_invariance:215,0.5436507936507936,0.47006472491909385,0.5068577592849437,outputs/l2/cells/xor/drop_selective_invariance/seed-215/run_summary.json,not-published,outputs/l2/cells/xor/drop_selective_invariance/seed-215/best.pt,not-published,validation,False
bert-base-uncased,L2,xor,do_nothing,215,l2:xor:do_nothing:215,0.0,1.0,0.5,outputs/l2/cells/xor/do_nothing/seed-215/run_summary.json,not-published,,,validation,False
bert-base-uncased,L2,xor,do_everything,215,l2:xor:do_everything:215,0.5620567375886525,0.511326860841424,0.5366917992150382,outputs/l2/cells/xor/do_everything/seed-215/run_summary.json,not-published,,,validation,False
bert-base-uncased,L2,xor,random_init,215,l2:xor:random_init:215,0.5168439716312057,0.5004045307443366,0.5086242511877711,outputs/l2/cells/xor/random_init/seed-215/run_summary.json,not-published,,,validation,False
bert-base-uncased,L2,xor,full,216,l2:xor:full:216,0.42919389978213507,0.5534738485558157,0.4913338741689754,outputs/l2/cells/xor/full/seed-216/run_summary.json,not-published,outputs/l2/cells/xor/full/seed-216/best.pt,not-published,validation,False
bert-base-uncased,L2,xor,drop_identity,216,l2:xor:drop_identity:216,0.42919389978213507,0.5534738485558157,0.4913338741689754,outputs/l2/cells/xor/drop_identity/seed-216/run_summary.json,not-published,outputs/l2/cells/xor/drop_identity/seed-216/best.pt,not-published,validation,False
bert-base-uncased,L2,xor,drop_idempotence,216,l2:xor:drop_idempotence:216,0.42919389978213507,0.5534738485558157,0.4913338741689754,outputs/l2/cells/xor/drop_idempotence/seed-216/run_summary.json,not-published,outputs/l2/cells/xor/drop_idempotence/seed-216/best.pt,not-published,validation,False
bert-base-uncased,L2,xor,drop_commutation,216,l2:xor:drop_commutation:216,0.42919389978213507,0.5534738485558157,0.4913338741689754,outputs/l2/cells/xor/drop_commutation/seed-216/run_summary.json,not-published,outputs/l2/cells/xor/drop_commutation/seed-216/best.pt,not-published,validation,False
bert-base-uncased,L2,xor,drop_selective_invariance,216,l2:xor:drop_selective_invariance:216,0.42919389978213507,0.5534738485558157,0.4913338741689754,outputs/l2/cells/xor/drop_selective_invariance/seed-216/run_summary.json,not-published,outputs/l2/cells/xor/drop_selective_invariance/seed-216/best.pt,not-published,validation,False
bert-base-uncased,L2,xor,do_nothing,216,l2:xor:do_nothing:216,0.0,1.0,0.5,outputs/l2/cells/xor/do_nothing/seed-216/run_summary.json,not-published,,,validation,False
bert-base-uncased,L2,xor,do_everything,216,l2:xor:do_everything:216,0.5645472061657033,0.5183450429352069,0.5414461245504552,outputs/l2/cells/xor/do_everything/seed-216/run_summary.json,not-published,,,validation,False
bert-base-uncased,L2,xor,random_init,216,l2:xor:random_init:216,0.48554913294797686,0.4996096799375488,0.4925794064427628,outputs/l2/cells/xor/random_init/seed-216/run_summary.json,not-published,,,validation,False
bert-base-uncased,L2,xor,full,217,l2:xor:full:217,0.49797979797979797,0.5088353413654618,0.5034075696726299,outputs/l2/cells/xor/full/seed-217/run_summary.json,not-published,outputs/l2/cells/xor/full/seed-217/best.pt,not-published,validation,False
bert-base-uncased,L2,xor,drop_identity,217,l2:xor:drop_identity:217,0.49797979797979797,0.5088353413654618,0.5034075696726299,outputs/l2/cells/xor/drop_identity/seed-217/run_summary.json,not-published,outputs/l2/cells/xor/drop_identity/seed-217/best.pt,not-published,validation,False
bert-base-uncased,L2,xor,drop_idempotence,217,l2:xor:drop_idempotence:217,0.49797979797979797,0.5088353413654618,0.5034075696726299,outputs/l2/cells/xor/drop_idempotence/seed-217/run_summary.json,not-published,outputs/l2/cells/xor/drop_idempotence/seed-217/best.pt,not-published,validation,False
bert-base-uncased,L2,xor,drop_commutation,217,l2:xor:drop_commutation:217,0.49797979797979797,0.5088353413654618,0.5034075696726299,outputs/l2/cells/xor/drop_commutation/seed-217/run_summary.json,not-published,outputs/l2/cells/xor/drop_commutation/seed-217/best.pt,not-published,validation,False
bert-base-uncased,L2,xor,drop_selective_invariance,217,l2:xor:drop_selective_invariance:217,0.49797979797979797,0.5088353413654618,0.5034075696726299,outputs/l2/cells/xor/drop_selective_invariance/seed-217/run_summary.json,not-published,outputs/l2/cells/xor/drop_selective_invariance/seed-217/best.pt,not-published,validation,False
bert-base-uncased,L2,xor,do_nothing,217,l2:xor:do_nothing:217,0.0,1.0,0.5,outputs/l2/cells/xor/do_nothing/seed-217/run_summary.json,not-published,,,validation,False
bert-base-uncased,L2,xor,do_everything,217,l2:xor:do_everything:217,0.5522522522522523,0.5088353413654618,0.5305437968088571,outputs/l2/cells/xor/do_everything/seed-217/run_summary.json,not-published,,,validation,False
bert-base-uncased,L2,xor,random_init,217,l2:xor:random_init:217,0.5,0.5120481927710844,0.5060240963855422,outputs/l2/cells/xor/random_init/seed-217/run_summary.json,not-published,,,validation,False
bert-base-uncased,L2,xor,full,218,l2:xor:full:218,0.4902534113060429,0.5093724531377343,0.4998129322218886,outputs/l2/cells/xor/full/seed-218/run_summary.json,not-published,outputs/l2/cells/xor/full/seed-218/best.pt,not-published,validation,False
bert-base-uncased,L2,xor,drop_identity,218,l2:xor:drop_identity:218,0.4902534113060429,0.5093724531377343,0.4998129322218886,outputs/l2/cells/xor/drop_identity/seed-218/run_summary.json,not-published,outputs/l2/cells/xor/drop_identity/seed-218/best.pt,not-published,validation,False
bert-base-uncased,L2,xor,drop_idempotence,218,l2:xor:drop_idempotence:218,0.4902534113060429,0.5093724531377343,0.4998129322218886,outputs/l2/cells/xor/drop_idempotence/seed-218/run_summary.json,not-published,outputs/l2/cells/xor/drop_idempotence/seed-218/best.pt,not-published,validation,False
bert-base-uncased,L2,xor,drop_commutation,218,l2:xor:drop_commutation:218,0.4902534113060429,0.5093724531377343,0.4998129322218886,outputs/l2/cells/xor/drop_commutation/seed-218/run_summary.json,not-published,outputs/l2/cells/xor/drop_commutation/seed-218/best.pt,not-published,validation,False
bert-base-uncased,L2,xor,drop_selective_invariance,218,l2:xor:drop_selective_invariance:218,0.4902534113060429,0.5093724531377343,0.4998129322218886,outputs/l2/cells/xor/drop_selective_invariance/seed-218/run_summary.json,not-published,outputs/l2/cells/xor/drop_selective_invariance/seed-218/best.pt,not-published,validation,False
bert-base-uncased,L2,xor,do_nothing,218,l2:xor:do_nothing:218,0.0,1.0,0.5,outputs/l2/cells/xor/do_nothing/seed-218/run_summary.json,not-published,,,validation,False
bert-base-uncased,L2,xor,do_everything,218,l2:xor:do_everything:218,0.5401396160558464,0.5114099429502853,0.5257747795030658,outputs/l2/cells/xor/do_everything/seed-218/run_summary.json,not-published,,,validation,False
bert-base-uncased,L2,xor,random_init,218,l2:xor:random_init:218,0.4965095986038394,0.48940505297473513,0.4929573257892873,outputs/l2/cells/xor/random_init/seed-218/run_summary.json,not-published,,,validation,False
bert-base-uncased,L2,xor,full,219,l2:xor:full:219,0.41383219954648526,0.523094688221709,0.4684634438840971,outputs/l2/cells/xor/full/seed-219/run_summary.json,not-published,outputs/l2/cells/xor/full/seed-219/best.pt,not-published,validation,False
bert-base-uncased,L2,xor,drop_identity,219,l2:xor:drop_identity:219,0.41383219954648526,0.523094688221709,0.4684634438840971,outputs/l2/cells/xor/drop_identity/seed-219/run_summary.json,not-published,outputs/l2/cells/xor/drop_identity/seed-219/best.pt,not-published,validation,False
bert-base-uncased,L2,xor,drop_idempotence,219,l2:xor:drop_idempotence:219,0.41383219954648526,0.523094688221709,0.4684634438840971,outputs/l2/cells/xor/drop_idempotence/seed-219/run_summary.json,not-published,outputs/l2/cells/xor/drop_idempotence/seed-219/best.pt,not-published,validation,False
bert-base-uncased,L2,xor,drop_commutation,219,l2:xor:drop_commutation:219,0.41383219954648526,0.523094688221709,0.4684634438840971,outputs/l2/cells/xor/drop_commutation/seed-219/run_summary.json,not-published,outputs/l2/cells/xor/drop_commutation/seed-219/best.pt,not-published,validation,False
bert-base-uncased,L2,xor,drop_selective_invariance,219,l2:xor:drop_selective_invariance:219,0.41383219954648526,0.523094688221709,0.4684634438840971,outputs/l2/cells/xor/drop_selective_invariance/seed-219/run_summary.json,not-published,outputs/l2/cells/xor/drop_selective_invariance/seed-219/best.pt,not-published,validation,False
bert-base-uncased,L2,xor,do_nothing,219,l2:xor:do_nothing:219,0.0,1.0,0.5,outputs/l2/cells/xor/do_nothing/seed-219/run_summary.json,not-published,,,validation,False
bert-base-uncased,L2,xor,do_everything,219,l2:xor:do_everything:219,0.5728542914171657,0.5073133179368745,0.5400838046770201,outputs/l2/cells/xor/do_everything/seed-219/run_summary.json,not-published,,,validation,False
bert-base-uncased,L2,xor,random_init,219,l2:xor:random_init:219,0.48902195608782434,0.5007698229407236,0.494895889514274,outputs/l2/cells/xor/random_init/seed-219/run_summary.json,not-published,,,validation,False
bert-base-uncased,L2,xor,full,220,l2:xor:full:220,0.46,0.4868217054263566,0.4734108527131783,outputs/l2/cells/xor/full/seed-220/run_summary.json,not-published,outputs/l2/cells/xor/full/seed-220/best.pt,not-published,validation,False
bert-base-uncased,L2,xor,drop_identity,220,l2:xor:drop_identity:220,0.46,0.4868217054263566,0.4734108527131783,outputs/l2/cells/xor/drop_identity/seed-220/run_summary.json,not-published,outputs/l2/cells/xor/drop_identity/seed-220/best.pt,not-published,validation,False
bert-base-uncased,L2,xor,drop_idempotence,220,l2:xor:drop_idempotence:220,0.46,0.4868217054263566,0.4734108527131783,outputs/l2/cells/xor/drop_idempotence/seed-220/run_summary.json,not-published,outputs/l2/cells/xor/drop_idempotence/seed-220/best.pt,not-published,validation,False
bert-base-uncased,L2,xor,drop_commutation,220,l2:xor:drop_commutation:220,0.46,0.4868217054263566,0.4734108527131783,outputs/l2/cells/xor/drop_commutation/seed-220/run_summary.json,not-published,outputs/l2/cells/xor/drop_commutation/seed-220/best.pt,not-published,validation,False
bert-base-uncased,L2,xor,drop_selective_invariance,220,l2:xor:drop_selective_invariance:220,0.46,0.4868217054263566,0.4734108527131783,outputs/l2/cells/xor/drop_selective_invariance/seed-220/run_summary.json,not-published,outputs/l2/cells/xor/drop_selective_invariance/seed-220/best.pt,not-published,validation,False
bert-base-uncased,L2,xor,do_nothing,220,l2:xor:do_nothing:220,0.0,1.0,0.5,outputs/l2/cells/xor/do_nothing/seed-220/run_summary.json,not-published,,,validation,False
bert-base-uncased,L2,xor,do_everything,220,l2:xor:do_everything:220,0.557843137254902,0.5104651162790698,0.5341541267669858,outputs/l2/cells/xor/do_everything/seed-220/run_summary.json,not-published,,,validation,False
bert-base-uncased,L2,xor,random_init,220,l2:xor:random_init:220,0.5166666666666667,0.5073643410852713,0.5120155038759691,outputs/l2/cells/xor/random_init/seed-220/run_summary.json,not-published,,,validation,False
bert-base-uncased,L2,cladder,full,201,l2:cladder:full:201,0.4853801169590643,0.43902439024390244,0.46220225360148337,outputs/l2/cells/cladder/full/seed-201/run_summary.json,not-published,outputs/l2/cells/cladder/full/seed-201/best.pt,not-published,validation,False
bert-base-uncased,L2,cladder,drop_identity,201,l2:cladder:drop_identity:201,0.4853801169590643,0.43902439024390244,0.46220225360148337,outputs/l2/cells/cladder/drop_identity/seed-201/run_summary.json,not-published,outputs/l2/cells/cladder/drop_identity/seed-201/best.pt,not-published,validation,False
bert-base-uncased,L2,cladder,drop_idempotence,201,l2:cladder:drop_idempotence:201,0.4853801169590643,0.43902439024390244,0.46220225360148337,outputs/l2/cells/cladder/drop_idempotence/seed-201/run_summary.json,not-published,outputs/l2/cells/cladder/drop_idempotence/seed-201/best.pt,not-published,validation,False
bert-base-uncased,L2,cladder,drop_commutation,201,l2:cladder:drop_commutation:201,0.4853801169590643,0.43902439024390244,0.46220225360148337,outputs/l2/cells/cladder/drop_commutation/seed-201/run_summary.json,not-published,outputs/l2/cells/cladder/drop_commutation/seed-201/best.pt,not-published,validation,False
bert-base-uncased,L2,cladder,drop_selective_invariance,201,l2:cladder:drop_selective_invariance:201,0.4853801169590643,0.43902439024390244,0.46220225360148337,outputs/l2/cells/cladder/drop_selective_invariance/seed-201/run_summary.json,not-published,outputs/l2/cells/cladder/drop_selective_invariance/seed-201/best.pt,not-published,validation,False
bert-base-uncased,L2,cladder,do_nothing,201,l2:cladder:do_nothing:201,0.0,1.0,0.5,outputs/l2/cells/cladder/do_nothing/seed-201/run_summary.json,not-published,,,validation,False
bert-base-uncased,L2,cladder,do_everything,201,l2:cladder:do_everything:201,0.8522012578616353,0.5024390243902439,0.6773201411259395,outputs/l2/cells/cladder/do_everything/seed-201/run_summary.json,not-published,,,validation,False
bert-base-uncased,L2,cladder,random_init,201,l2:cladder:random_init:201,0.33962264150943394,0.6926829268292682,0.5161527841693511,outputs/l2/cells/cladder/random_init/seed-201/run_summary.json,not-published,,,validation,False
bert-base-uncased,L2,cladder,full,202,l2:cladder:full:202,0.4853801169590643,0.43902439024390244,0.46220225360148337,outputs/l2/cells/cladder/full/seed-202/run_summary.json,not-published,outputs/l2/cells/cladder/full/seed-202/best.pt,not-published,validation,False
bert-base-uncased,L2,cladder,drop_identity,202,l2:cladder:drop_identity:202,0.4853801169590643,0.43902439024390244,0.46220225360148337,outputs/l2/cells/cladder/drop_identity/seed-202/run_summary.json,not-published,outputs/l2/cells/cladder/drop_identity/seed-202/best.pt,not-published,validation,False
bert-base-uncased,L2,cladder,drop_idempotence,202,l2:cladder:drop_idempotence:202,0.4853801169590643,0.43902439024390244,0.46220225360148337,outputs/l2/cells/cladder/drop_idempotence/seed-202/run_summary.json,not-published,outputs/l2/cells/cladder/drop_idempotence/seed-202/best.pt,not-published,validation,False
bert-base-uncased,L2,cladder,drop_commutation,202,l2:cladder:drop_commutation:202,0.4853801169590643,0.43902439024390244,0.46220225360148337,outputs/l2/cells/cladder/drop_commutation/seed-202/run_summary.json,not-published,outputs/l2/cells/cladder/drop_commutation/seed-202/best.pt,not-published,validation,False
bert-base-uncased,L2,cladder,drop_selective_invariance,202,l2:cladder:drop_selective_invariance:202,0.4853801169590643,0.43902439024390244,0.46220225360148337,outputs/l2/cells/cladder/drop_selective_invariance/seed-202/run_summary.json,not-published,outputs/l2/cells/cladder/drop_selective_invariance/seed-202/best.pt,not-published,validation,False
bert-base-uncased,L2,cladder,do_nothing,202,l2:cladder:do_nothing:202,0.0,1.0,0.5,outputs/l2/cells/cladder/do_nothing/seed-202/run_summary.json,not-published,,,validation,False
bert-base-uncased,L2,cladder,do_everything,202,l2:cladder:do_everything:202,0.8522012578616353,0.5024390243902439,0.6773201411259395,outputs/l2/cells/cladder/do_everything/seed-202/run_summary.json,not-published,,,validation,False
bert-base-uncased,L2,cladder,random_init,202,l2:cladder:random_init:202,0.42138364779874216,0.4682926829268293,0.44483816536278575,outputs/l2/cells/cladder/random_init/seed-202/run_summary.json,not-published,,,validation,False
bert-base-uncased,L2,cladder,full,203,l2:cladder:full:203,0.5146198830409356,0.5609756097560976,0.5377977463985166,outputs/l2/cells/cladder/full/seed-203/run_summary.json,not-published,outputs/l2/cells/cladder/full/seed-203/best.pt,not-published,validation,False
bert-base-uncased,L2,cladder,drop_identity,203,l2:cladder:drop_identity:203,0.5146198830409356,0.5609756097560976,0.5377977463985166,outputs/l2/cells/cladder/drop_identity/seed-203/run_summary.json,not-published,outputs/l2/cells/cladder/drop_identity/seed-203/best.pt,not-published,validation,False
bert-base-uncased,L2,cladder,drop_idempotence,203,l2:cladder:drop_idempotence:203,0.5146198830409356,0.5609756097560976,0.5377977463985166,outputs/l2/cells/cladder/drop_idempotence/seed-203/run_summary.json,not-published,outputs/l2/cells/cladder/drop_idempotence/seed-203/best.pt,not-published,validation,False
bert-base-uncased,L2,cladder,drop_commutation,203,l2:cladder:drop_commutation:203,0.5146198830409356,0.5609756097560976,0.5377977463985166,outputs/l2/cells/cladder/drop_commutation/seed-203/run_summary.json,not-published,outputs/l2/cells/cladder/drop_commutation/seed-203/best.pt,not-published,validation,False
bert-base-uncased,L2,cladder,drop_selective_invariance,203,l2:cladder:drop_selective_invariance:203,0.5146198830409356,0.5609756097560976,0.5377977463985166,outputs/l2/cells/cladder/drop_selective_invariance/seed-203/run_summary.json,not-published,outputs/l2/cells/cladder/drop_selective_invariance/seed-203/best.pt,not-published,validation,False
bert-base-uncased,L2,cladder,do_nothing,203,l2:cladder:do_nothing:203,0.0,1.0,0.5,outputs/l2/cells/cladder/do_nothing/seed-203/run_summary.json,not-published,,,validation,False
bert-base-uncased,L2,cladder,do_everything,203,l2:cladder:do_everything:203,0.8522012578616353,0.5024390243902439,0.6773201411259395,outputs/l2/cells/cladder/do_everything/seed-203/run_summary.json,not-published,,,validation,False
bert-base-uncased,L2,cladder,random_init,203,l2:cladder:random_init:203,0.6352201257861635,0.3951219512195122,0.5151710385028379,outputs/l2/cells/cladder/random_init/seed-203/run_summary.json,not-published,,,validation,False
bert-base-uncased,L2,cladder,full,204,l2:cladder:full:204,0.5146198830409356,0.5609756097560976,0.5377977463985166,outputs/l2/cells/cladder/full/seed-204/run_summary.json,not-published,outputs/l2/cells/cladder/full/seed-204/best.pt,not-published,validation,False
bert-base-uncased,L2,cladder,drop_identity,204,l2:cladder:drop_identity:204,0.5146198830409356,0.5609756097560976,0.5377977463985166,outputs/l2/cells/cladder/drop_identity/seed-204/run_summary.json,not-published,outputs/l2/cells/cladder/drop_identity/seed-204/best.pt,not-published,validation,False
bert-base-uncased,L2,cladder,drop_idempotence,204,l2:cladder:drop_idempotence:204,0.5146198830409356,0.5609756097560976,0.5377977463985166,outputs/l2/cells/cladder/drop_idempotence/seed-204/run_summary.json,not-published,outputs/l2/cells/cladder/drop_idempotence/seed-204/best.pt,not-published,validation,False
bert-base-uncased,L2,cladder,drop_commutation,204,l2:cladder:drop_commutation:204,0.5146198830409356,0.5609756097560976,0.5377977463985166,outputs/l2/cells/cladder/drop_commutation/seed-204/run_summary.json,not-published,outputs/l2/cells/cladder/drop_commutation/seed-204/best.pt,not-published,validation,False
bert-base-uncased,L2,cladder,drop_selective_invariance,204,l2:cladder:drop_selective_invariance:204,0.5146198830409356,0.5609756097560976,0.5377977463985166,outputs/l2/cells/cladder/drop_selective_invariance/seed-204/run_summary.json,not-published,outputs/l2/cells/cladder/drop_selective_invariance/seed-204/best.pt,not-published,validation,False
bert-base-uncased,L2,cladder,do_nothing,204,l2:cladder:do_nothing:204,0.0,1.0,0.5,outputs/l2/cells/cladder/do_nothing/seed-204/run_summary.json,not-published,,,validation,False
bert-base-uncased,L2,cladder,do_everything,204,l2:cladder:do_everything:204,0.8522012578616353,0.5024390243902439,0.6773201411259395,outputs/l2/cells/cladder/do_everything/seed-204/run_summary.json,not-published,,,validation,False
bert-base-uncased,L2,cladder,random_init,204,l2:cladder:random_init:204,0.34591194968553457,0.4926829268292683,0.4192974382574014,outputs/l2/cells/cladder/random_init/seed-204/run_summary.json,not-published,,,validation,False
bert-base-uncased,L2,cladder,full,205,l2:cladder:full:205,0.5146198830409356,0.5609756097560976,0.5377977463985166,outputs/l2/cells/cladder/full/seed-205/run_summary.json,not-published,outputs/l2/cells/cladder/full/seed-205/best.pt,not-published,validation,False
bert-base-uncased,L2,cladder,drop_identity,205,l2:cladder:drop_identity:205,0.5146198830409356,0.5609756097560976,0.5377977463985166,outputs/l2/cells/cladder/drop_identity/seed-205/run_summary.json,not-published,outputs/l2/cells/cladder/drop_identity/seed-205/best.pt,not-published,validation,False
bert-base-uncased,L2,cladder,drop_idempotence,205,l2:cladder:drop_idempotence:205,0.5146198830409356,0.5609756097560976,0.5377977463985166,outputs/l2/cells/cladder/drop_idempotence/seed-205/run_summary.json,not-published,outputs/l2/cells/cladder/drop_idempotence/seed-205/best.pt,not-published,validation,False
bert-base-uncased,L2,cladder,drop_commutation,205,l2:cladder:drop_commutation:205,0.5146198830409356,0.5609756097560976,0.5377977463985166,outputs/l2/cells/cladder/drop_commutation/seed-205/run_summary.json,not-published,outputs/l2/cells/cladder/drop_commutation/seed-205/best.pt,not-published,validation,False
bert-base-uncased,L2,cladder,drop_selective_invariance,205,l2:cladder:drop_selective_invariance:205,0.5146198830409356,0.5609756097560976,0.5377977463985166,outputs/l2/cells/cladder/drop_selective_invariance/seed-205/run_summary.json,not-published,outputs/l2/cells/cladder/drop_selective_invariance/seed-205/best.pt,not-published,validation,False
bert-base-uncased,L2,cladder,do_nothing,205,l2:cladder:do_nothing:205,0.0,1.0,0.5,outputs/l2/cells/cladder/do_nothing/seed-205/run_summary.json,not-published,,,validation,False
bert-base-uncased,L2,cladder,do_everything,205,l2:cladder:do_everything:205,0.8522012578616353,0.5024390243902439,0.6773201411259395,outputs/l2/cells/cladder/do_everything/seed-205/run_summary.json,not-published,,,validation,False
bert-base-uncased,L2,cladder,random_init,205,l2:cladder:random_init:205,0.5691823899371069,0.44878048780487806,0.5089814388709925,outputs/l2/cells/cladder/random_init/seed-205/run_summary.json,not-published,,,validation,False
bert-base-uncased,L2,cladder,full,206,l2:cladder:full:206,0.5146198830409356,0.5609756097560976,0.5377977463985166,outputs/l2/cells/cladder/full/seed-206/run_summary.json,not-published,outputs/l2/cells/cladder/full/seed-206/best.pt,not-published,validation,False
bert-base-uncased,L2,cladder,drop_identity,206,l2:cladder:drop_identity:206,0.5146198830409356,0.5609756097560976,0.5377977463985166,outputs/l2/cells/cladder/drop_identity/seed-206/run_summary.json,not-published,outputs/l2/cells/cladder/drop_identity/seed-206/best.pt,not-published,validation,False
bert-base-uncased,L2,cladder,drop_idempotence,206,l2:cladder:drop_idempotence:206,0.5146198830409356,0.5609756097560976,0.5377977463985166,outputs/l2/cells/cladder/drop_idempotence/seed-206/run_summary.json,not-published,outputs/l2/cells/cladder/drop_idempotence/seed-206/best.pt,not-published,validation,False
bert-base-uncased,L2,cladder,drop_commutation,206,l2:cladder:drop_commutation:206,0.5146198830409356,0.5609756097560976,0.5377977463985166,outputs/l2/cells/cladder/drop_commutation/seed-206/run_summary.json,not-published,outputs/l2/cells/cladder/drop_commutation/seed-206/best.pt,not-published,validation,False
bert-base-uncased,L2,cladder,drop_selective_invariance,206,l2:cladder:drop_selective_invariance:206,0.5146198830409356,0.5609756097560976,0.5377977463985166,outputs/l2/cells/cladder/drop_selective_invariance/seed-206/run_summary.json,not-published,outputs/l2/cells/cladder/drop_selective_invariance/seed-206/best.pt,not-published,validation,False
bert-base-uncased,L2,cladder,do_nothing,206,l2:cladder:do_nothing:206,0.0,1.0,0.5,outputs/l2/cells/cladder/do_nothing/seed-206/run_summary.json,not-published,,,validation,False
bert-base-uncased,L2,cladder,do_everything,206,l2:cladder:do_everything:206,0.8522012578616353,0.5024390243902439,0.6773201411259395,outputs/l2/cells/cladder/do_everything/seed-206/run_summary.json,not-published,,,validation,False
bert-base-uncased,L2,cladder,random_init,206,l2:cladder:random_init:206,0.5566037735849056,0.5073170731707317,0.5319604233778187,outputs/l2/cells/cladder/random_init/seed-206/run_summary.json,not-published,,,validation,False
bert-base-uncased,L2,cladder,full,207,l2:cladder:full:207,0.5146198830409356,0.5609756097560976,0.5377977463985166,outputs/l2/cells/cladder/full/seed-207/run_summary.json,not-published,outputs/l2/cells/cladder/full/seed-207/best.pt,not-published,validation,False
bert-base-uncased,L2,cladder,drop_identity,207,l2:cladder:drop_identity:207,0.5146198830409356,0.5609756097560976,0.5377977463985166,outputs/l2/cells/cladder/drop_identity/seed-207/run_summary.json,not-published,outputs/l2/cells/cladder/drop_identity/seed-207/best.pt,not-published,validation,False
bert-base-uncased,L2,cladder,drop_idempotence,207,l2:cladder:drop_idempotence:207,0.5146198830409356,0.5609756097560976,0.5377977463985166,outputs/l2/cells/cladder/drop_idempotence/seed-207/run_summary.json,not-published,outputs/l2/cells/cladder/drop_idempotence/seed-207/best.pt,not-published,validation,False
bert-base-uncased,L2,cladder,drop_commutation,207,l2:cladder:drop_commutation:207,0.5146198830409356,0.5609756097560976,0.5377977463985166,outputs/l2/cells/cladder/drop_commutation/seed-207/run_summary.json,not-published,outputs/l2/cells/cladder/drop_commutation/seed-207/best.pt,not-published,validation,False
bert-base-uncased,L2,cladder,drop_selective_invariance,207,l2:cladder:drop_selective_invariance:207,0.5146198830409356,0.5609756097560976,0.5377977463985166,outputs/l2/cells/cladder/drop_selective_invariance/seed-207/run_summary.json,not-published,outputs/l2/cells/cladder/drop_selective_invariance/seed-207/best.pt,not-published,validation,False
bert-base-uncased,L2,cladder,do_nothing,207,l2:cladder:do_nothing:207,0.0,1.0,0.5,outputs/l2/cells/cladder/do_nothing/seed-207/run_summary.json,not-published,,,validation,False
bert-base-uncased,L2,cladder,do_everything,207,l2:cladder:do_everything:207,0.8522012578616353,0.5024390243902439,0.6773201411259395,outputs/l2/cells/cladder/do_everything/seed-207/run_summary.json,not-published,,,validation,False
bert-base-uncased,L2,cladder,random_init,207,l2:cladder:random_init:207,0.449685534591195,0.4585365853658537,0.4541110599785243,outputs/l2/cells/cladder/random_init/seed-207/run_summary.json,not-published,,,validation,False
bert-base-uncased,L2,cladder,full,208,l2:cladder:full:208,0.5146198830409356,0.5609756097560976,0.5377977463985166,outputs/l2/cells/cladder/full/seed-208/run_summary.json,not-published,outputs/l2/cells/cladder/full/seed-208/best.pt,not-published,validation,False
bert-base-uncased,L2,cladder,drop_identity,208,l2:cladder:drop_identity:208,0.5146198830409356,0.5609756097560976,0.5377977463985166,outputs/l2/cells/cladder/drop_identity/seed-208/run_summary.json,not-published,outputs/l2/cells/cladder/drop_identity/seed-208/best.pt,not-published,validation,False
bert-base-uncased,L2,cladder,drop_idempotence,208,l2:cladder:drop_idempotence:208,0.5146198830409356,0.5609756097560976,0.5377977463985166,outputs/l2/cells/cladder/drop_idempotence/seed-208/run_summary.json,not-published,outputs/l2/cells/cladder/drop_idempotence/seed-208/best.pt,not-published,validation,False
bert-base-uncased,L2,cladder,drop_commutation,208,l2:cladder:drop_commutation:208,0.5146198830409356,0.5609756097560976,0.5377977463985166,outputs/l2/cells/cladder/drop_commutation/seed-208/run_summary.json,not-published,outputs/l2/cells/cladder/drop_commutation/seed-208/best.pt,not-published,validation,False
bert-base-uncased,L2,cladder,drop_selective_invariance,208,l2:cladder:drop_selective_invariance:208,0.5146198830409356,0.5609756097560976,0.5377977463985166,outputs/l2/cells/cladder/drop_selective_invariance/seed-208/run_summary.json,not-published,outputs/l2/cells/cladder/drop_selective_invariance/seed-208/best.pt,not-published,validation,False
bert-base-uncased,L2,cladder,do_nothing,208,l2:cladder:do_nothing:208,0.0,1.0,0.5,outputs/l2/cells/cladder/do_nothing/seed-208/run_summary.json,not-published,,,validation,False
bert-base-uncased,L2,cladder,do_everything,208,l2:cladder:do_everything:208,0.8522012578616353,0.5024390243902439,0.6773201411259395,outputs/l2/cells/cladder/do_everything/seed-208/run_summary.json,not-published,,,validation,False
bert-base-uncased,L2,cladder,random_init,208,l2:cladder:random_init:208,0.4748427672955975,0.5414634146341464,0.5081530909648719,outputs/l2/cells/cladder/random_init/seed-208/run_summary.json,not-published,,,validation,False
bert-base-uncased,L2,cladder,full,209,l2:cladder:full:209,0.4853801169590643,0.5121951219512195,0.49878761945514194,outputs/l2/cells/cladder/full/seed-209/run_summary.json,not-published,outputs/l2/cells/cladder/full/seed-209/best.pt,not-published,validation,False
bert-base-uncased,L2,cladder,drop_identity,209,l2:cladder:drop_identity:209,0.4853801169590643,0.5121951219512195,0.49878761945514194,outputs/l2/cells/cladder/drop_identity/seed-209/run_summary.json,not-published,outputs/l2/cells/cladder/drop_identity/seed-209/best.pt,not-published,validation,False
bert-base-uncased,L2,cladder,drop_idempotence,209,l2:cladder:drop_idempotence:209,0.4853801169590643,0.5121951219512195,0.49878761945514194,outputs/l2/cells/cladder/drop_idempotence/seed-209/run_summary.json,not-published,outputs/l2/cells/cladder/drop_idempotence/seed-209/best.pt,not-published,validation,False
bert-base-uncased,L2,cladder,drop_commutation,209,l2:cladder:drop_commutation:209,0.4853801169590643,0.5121951219512195,0.49878761945514194,outputs/l2/cells/cladder/drop_commutation/seed-209/run_summary.json,not-published,outputs/l2/cells/cladder/drop_commutation/seed-209/best.pt,not-published,validation,False
bert-base-uncased,L2,cladder,drop_selective_invariance,209,l2:cladder:drop_selective_invariance:209,0.4853801169590643,0.5121951219512195,0.49878761945514194,outputs/l2/cells/cladder/drop_selective_invariance/seed-209/run_summary.json,not-published,outputs/l2/cells/cladder/drop_selective_invariance/seed-209/best.pt,not-published,validation,False
bert-base-uncased,L2,cladder,do_nothing,209,l2:cladder:do_nothing:209,0.0,1.0,0.5,outputs/l2/cells/cladder/do_nothing/seed-209/run_summary.json,not-published,,,validation,False
bert-base-uncased,L2,cladder,do_everything,209,l2:cladder:do_everything:209,0.8522012578616353,0.5024390243902439,0.6773201411259395,outputs/l2/cells/cladder/do_everything/seed-209/run_summary.json,not-published,,,validation,False
bert-base-uncased,L2,cladder,random_init,209,l2:cladder:random_init:209,0.41509433962264153,0.5609756097560976,0.48803497468936957,outputs/l2/cells/cladder/random_init/seed-209/run_summary.json,not-published,,,validation,False
bert-base-uncased,L2,cladder,full,210,l2:cladder:full:210,0.5146198830409356,0.5609756097560976,0.5377977463985166,outputs/l2/cells/cladder/full/seed-210/run_summary.json,not-published,outputs/l2/cells/cladder/full/seed-210/best.pt,not-published,validation,False
bert-base-uncased,L2,cladder,drop_identity,210,l2:cladder:drop_identity:210,0.5146198830409356,0.5609756097560976,0.5377977463985166,outputs/l2/cells/cladder/drop_identity/seed-210/run_summary.json,not-published,outputs/l2/cells/cladder/drop_identity/seed-210/best.pt,not-published,validation,False
bert-base-uncased,L2,cladder,drop_idempotence,210,l2:cladder:drop_idempotence:210,0.5146198830409356,0.5609756097560976,0.5377977463985166,outputs/l2/cells/cladder/drop_idempotence/seed-210/run_summary.json,not-published,outputs/l2/cells/cladder/drop_idempotence/seed-210/best.pt,not-published,validation,False
bert-base-uncased,L2,cladder,drop_commutation,210,l2:cladder:drop_commutation:210,0.5146198830409356,0.5609756097560976,0.5377977463985166,outputs/l2/cells/cladder/drop_commutation/seed-210/run_summary.json,not-published,outputs/l2/cells/cladder/drop_commutation/seed-210/best.pt,not-published,validation,False
bert-base-uncased,L2,cladder,drop_selective_invariance,210,l2:cladder:drop_selective_invariance:210,0.5146198830409356,0.5609756097560976,0.5377977463985166,outputs/l2/cells/cladder/drop_selective_invariance/seed-210/run_summary.json,not-published,outputs/l2/cells/cladder/drop_selective_invariance/seed-210/best.pt,not-published,validation,False
bert-base-uncased,L2,cladder,do_nothing,210,l2:cladder:do_nothing:210,0.0,1.0,0.5,outputs/l2/cells/cladder/do_nothing/seed-210/run_summary.json,not-published,,,validation,False
bert-base-uncased,L2,cladder,do_everything,210,l2:cladder:do_everything:210,0.8522012578616353,0.5024390243902439,0.6773201411259395,outputs/l2/cells/cladder/do_everything/seed-210/run_summary.json,not-published,,,validation,False
bert-base-uncased,L2,cladder,random_init,210,l2:cladder:random_init:210,0.49056603773584906,0.4585365853658537,0.4745513115508514,outputs/l2/cells/cladder/random_init/seed-210/run_summary.json,not-published,,,validation,False
bert-base-uncased,L2,cladder,full,211,l2:cladder:full:211,0.5146198830409356,0.5609756097560976,0.5377977463985166,outputs/l2/cells/cladder/full/seed-211/run_summary.json,not-published,outputs/l2/cells/cladder/full/seed-211/best.pt,not-published,validation,False
bert-base-uncased,L2,cladder,drop_identity,211,l2:cladder:drop_identity:211,0.5146198830409356,0.5609756097560976,0.5377977463985166,outputs/l2/cells/cladder/drop_identity/seed-211/run_summary.json,not-published,outputs/l2/cells/cladder/drop_identity/seed-211/best.pt,not-published,validation,False
bert-base-uncased,L2,cladder,drop_idempotence,211,l2:cladder:drop_idempotence:211,0.5146198830409356,0.5609756097560976,0.5377977463985166,outputs/l2/cells/cladder/drop_idempotence/seed-211/run_summary.json,not-published,outputs/l2/cells/cladder/drop_idempotence/seed-211/best.pt,not-published,validation,False
bert-base-uncased,L2,cladder,drop_commutation,211,l2:cladder:drop_commutation:211,0.5146198830409356,0.5609756097560976,0.5377977463985166,outputs/l2/cells/cladder/drop_commutation/seed-211/run_summary.json,not-published,outputs/l2/cells/cladder/drop_commutation/seed-211/best.pt,not-published,validation,False
bert-base-uncased,L2,cladder,drop_selective_invariance,211,l2:cladder:drop_selective_invariance:211,0.5146198830409356,0.5609756097560976,0.5377977463985166,outputs/l2/cells/cladder/drop_selective_invariance/seed-211/run_summary.json,not-published,outputs/l2/cells/cladder/drop_selective_invariance/seed-211/best.pt,not-published,validation,False
bert-base-uncased,L2,cladder,do_nothing,211,l2:cladder:do_nothing:211,0.0,1.0,0.5,outputs/l2/cells/cladder/do_nothing/seed-211/run_summary.json,not-published,,,validation,False
bert-base-uncased,L2,cladder,do_everything,211,l2:cladder:do_everything:211,0.8522012578616353,0.5024390243902439,0.6773201411259395,outputs/l2/cells/cladder/do_everything/seed-211/run_summary.json,not-published,,,validation,False
bert-base-uncased,L2,cladder,random_init,211,l2:cladder:random_init:211,0.5880503144654088,0.4195121951219512,0.50378125479368,outputs/l2/cells/cladder/random_init/seed-211/run_summary.json,not-published,,,validation,False
bert-base-uncased,L2,cladder,full,212,l2:cladder:full:212,0.4853801169590643,0.4195121951219512,0.45244615604050775,outputs/l2/cells/cladder/full/seed-212/run_summary.json,not-published,outputs/l2/cells/cladder/full/seed-212/best.pt,not-published,validation,False
bert-base-uncased,L2,cladder,drop_identity,212,l2:cladder:drop_identity:212,0.4853801169590643,0.4195121951219512,0.45244615604050775,outputs/l2/cells/cladder/drop_identity/seed-212/run_summary.json,not-published,outputs/l2/cells/cladder/drop_identity/seed-212/best.pt,not-published,validation,False
bert-base-uncased,L2,cladder,drop_idempotence,212,l2:cladder:drop_idempotence:212,0.4853801169590643,0.4195121951219512,0.45244615604050775,outputs/l2/cells/cladder/drop_idempotence/seed-212/run_summary.json,not-published,outputs/l2/cells/cladder/drop_idempotence/seed-212/best.pt,not-published,validation,False
bert-base-uncased,L2,cladder,drop_commutation,212,l2:cladder:drop_commutation:212,0.4853801169590643,0.4195121951219512,0.45244615604050775,outputs/l2/cells/cladder/drop_commutation/seed-212/run_summary.json,not-published,outputs/l2/cells/cladder/drop_commutation/seed-212/best.pt,not-published,validation,False
bert-base-uncased,L2,cladder,drop_selective_invariance,212,l2:cladder:drop_selective_invariance:212,0.4853801169590643,0.4195121951219512,0.45244615604050775,outputs/l2/cells/cladder/drop_selective_invariance/seed-212/run_summary.json,not-published,outputs/l2/cells/cladder/drop_selective_invariance/seed-212/best.pt,not-published,validation,False
bert-base-uncased,L2,cladder,do_nothing,212,l2:cladder:do_nothing:212,0.0,1.0,0.5,outputs/l2/cells/cladder/do_nothing/seed-212/run_summary.json,not-published,,,validation,False
bert-base-uncased,L2,cladder,do_everything,212,l2:cladder:do_everything:212,0.8522012578616353,0.5024390243902439,0.6773201411259395,outputs/l2/cells/cladder/do_everything/seed-212/run_summary.json,not-published,,,validation,False
bert-base-uncased,L2,cladder,random_init,212,l2:cladder:random_init:212,0.44339622641509435,0.5317073170731708,0.48755177174413256,outputs/l2/cells/cladder/random_init/seed-212/run_summary.json,not-published,,,validation,False
bert-base-uncased,L2,cladder,full,213,l2:cladder:full:213,0.5146198830409356,0.5609756097560976,0.5377977463985166,outputs/l2/cells/cladder/full/seed-213/run_summary.json,not-published,outputs/l2/cells/cladder/full/seed-213/best.pt,not-published,validation,False
bert-base-uncased,L2,cladder,drop_identity,213,l2:cladder:drop_identity:213,0.5146198830409356,0.5609756097560976,0.5377977463985166,outputs/l2/cells/cladder/drop_identity/seed-213/run_summary.json,not-published,outputs/l2/cells/cladder/drop_identity/seed-213/best.pt,not-published,validation,False
bert-base-uncased,L2,cladder,drop_idempotence,213,l2:cladder:drop_idempotence:213,0.5146198830409356,0.5609756097560976,0.5377977463985166,outputs/l2/cells/cladder/drop_idempotence/seed-213/run_summary.json,not-published,outputs/l2/cells/cladder/drop_idempotence/seed-213/best.pt,not-published,validation,False
bert-base-uncased,L2,cladder,drop_commutation,213,l2:cladder:drop_commutation:213,0.5146198830409356,0.5609756097560976,0.5377977463985166,outputs/l2/cells/cladder/drop_commutation/seed-213/run_summary.json,not-published,outputs/l2/cells/cladder/drop_commutation/seed-213/best.pt,not-published,validation,False
bert-base-uncased,L2,cladder,drop_selective_invariance,213,l2:cladder:drop_selective_invariance:213,0.5146198830409356,0.5609756097560976,0.5377977463985166,outputs/l2/cells/cladder/drop_selective_invariance/seed-213/run_summary.json,not-published,outputs/l2/cells/cladder/drop_selective_invariance/seed-213/best.pt,not-published,validation,False
bert-base-uncased,L2,cladder,do_nothing,213,l2:cladder:do_nothing:213,0.0,1.0,0.5,outputs/l2/cells/cladder/do_nothing/seed-213/run_summary.json,not-published,,,validation,False
bert-base-uncased,L2,cladder,do_everything,213,l2:cladder:do_everything:213,0.8522012578616353,0.5024390243902439,0.6773201411259395,outputs/l2/cells/cladder/do_everything/seed-213/run_summary.json,not-published,,,validation,False
bert-base-uncased,L2,cladder,random_init,213,l2:cladder:random_init:213,0.5408805031446541,0.47804878048780486,0.5094646418162294,outputs/l2/cells/cladder/random_init/seed-213/run_summary.json,not-published,,,validation,False
bert-base-uncased,L2,cladder,full,214,l2:cladder:full:214,0.4853801169590643,0.43902439024390244,0.46220225360148337,outputs/l2/cells/cladder/full/seed-214/run_summary.json,not-published,outputs/l2/cells/cladder/full/seed-214/best.pt,not-published,validation,False
bert-base-uncased,L2,cladder,drop_identity,214,l2:cladder:drop_identity:214,0.4853801169590643,0.43902439024390244,0.46220225360148337,outputs/l2/cells/cladder/drop_identity/seed-214/run_summary.json,not-published,outputs/l2/cells/cladder/drop_identity/seed-214/best.pt,not-published,validation,False
bert-base-uncased,L2,cladder,drop_idempotence,214,l2:cladder:drop_idempotence:214,0.4853801169590643,0.43902439024390244,0.46220225360148337,outputs/l2/cells/cladder/drop_idempotence/seed-214/run_summary.json,not-published,outputs/l2/cells/cladder/drop_idempotence/seed-214/best.pt,not-published,validation,False
bert-base-uncased,L2,cladder,drop_commutation,214,l2:cladder:drop_commutation:214,0.4853801169590643,0.43902439024390244,0.46220225360148337,outputs/l2/cells/cladder/drop_commutation/seed-214/run_summary.json,not-published,outputs/l2/cells/cladder/drop_commutation/seed-214/best.pt,not-published,validation,False
bert-base-uncased,L2,cladder,drop_selective_invariance,214,l2:cladder:drop_selective_invariance:214,0.4853801169590643,0.43902439024390244,0.46220225360148337,outputs/l2/cells/cladder/drop_selective_invariance/seed-214/run_summary.json,not-published,outputs/l2/cells/cladder/drop_selective_invariance/seed-214/best.pt,not-published,validation,False
bert-base-uncased,L2,cladder,do_nothing,214,l2:cladder:do_nothing:214,0.0,1.0,0.5,outputs/l2/cells/cladder/do_nothing/seed-214/run_summary.json,not-published,,,validation,False
bert-base-uncased,L2,cladder,do_everything,214,l2:cladder:do_everything:214,0.8522012578616353,0.5024390243902439,0.6773201411259395,outputs/l2/cells/cladder/do_everything/seed-214/run_summary.json,not-published,,,validation,False
bert-base-uncased,L2,cladder,random_init,214,l2:cladder:random_init:214,0.5440251572327044,0.3804878048780488,0.4622564810553766,outputs/l2/cells/cladder/random_init/seed-214/run_summary.json,not-published,,,validation,False
bert-base-uncased,L2,cladder,full,215,l2:cladder:full:215,0.4619883040935672,0.4975609756097561,0.4797746398516617,outputs/l2/cells/cladder/full/seed-215/run_summary.json,not-published,outputs/l2/cells/cladder/full/seed-215/best.pt,not-published,validation,False
bert-base-uncased,L2,cladder,drop_identity,215,l2:cladder:drop_identity:215,0.4619883040935672,0.4975609756097561,0.4797746398516617,outputs/l2/cells/cladder/drop_identity/seed-215/run_summary.json,not-published,outputs/l2/cells/cladder/drop_identity/seed-215/best.pt,not-published,validation,False
bert-base-uncased,L2,cladder,drop_idempotence,215,l2:cladder:drop_idempotence:215,0.4619883040935672,0.4975609756097561,0.4797746398516617,outputs/l2/cells/cladder/drop_idempotence/seed-215/run_summary.json,not-published,outputs/l2/cells/cladder/drop_idempotence/seed-215/best.pt,not-published,validation,False
bert-base-uncased,L2,cladder,drop_commutation,215,l2:cladder:drop_commutation:215,0.4619883040935672,0.4975609756097561,0.4797746398516617,outputs/l2/cells/cladder/drop_commutation/seed-215/run_summary.json,not-published,outputs/l2/cells/cladder/drop_commutation/seed-215/best.pt,not-published,validation,False
bert-base-uncased,L2,cladder,drop_selective_invariance,215,l2:cladder:drop_selective_invariance:215,0.4619883040935672,0.4975609756097561,0.4797746398516617,outputs/l2/cells/cladder/drop_selective_invariance/seed-215/run_summary.json,not-published,outputs/l2/cells/cladder/drop_selective_invariance/seed-215/best.pt,not-published,validation,False
bert-base-uncased,L2,cladder,do_nothing,215,l2:cladder:do_nothing:215,0.0,1.0,0.5,outputs/l2/cells/cladder/do_nothing/seed-215/run_summary.json,not-published,,,validation,False
bert-base-uncased,L2,cladder,do_everything,215,l2:cladder:do_everything:215,0.8522012578616353,0.5024390243902439,0.6773201411259395,outputs/l2/cells/cladder/do_everything/seed-215/run_summary.json,not-published,,,validation,False
bert-base-uncased,L2,cladder,random_init,215,l2:cladder:random_init:215,0.42138364779874216,0.5609756097560976,0.4911796287774199,outputs/l2/cells/cladder/random_init/seed-215/run_summary.json,not-published,,,validation,False
bert-base-uncased,L2,cladder,full,216,l2:cladder:full:216,0.5146198830409356,0.5609756097560976,0.5377977463985166,outputs/l2/cells/cladder/full/seed-216/run_summary.json,not-published,outputs/l2/cells/cladder/full/seed-216/best.pt,not-published,validation,False
bert-base-uncased,L2,cladder,drop_identity,216,l2:cladder:drop_identity:216,0.5146198830409356,0.5609756097560976,0.5377977463985166,outputs/l2/cells/cladder/drop_identity/seed-216/run_summary.json,not-published,outputs/l2/cells/cladder/drop_identity/seed-216/best.pt,not-published,validation,False
bert-base-uncased,L2,cladder,drop_idempotence,216,l2:cladder:drop_idempotence:216,0.5146198830409356,0.5609756097560976,0.5377977463985166,outputs/l2/cells/cladder/drop_idempotence/seed-216/run_summary.json,not-published,outputs/l2/cells/cladder/drop_idempotence/seed-216/best.pt,not-published,validation,False
bert-base-uncased,L2,cladder,drop_commutation,216,l2:cladder:drop_commutation:216,0.5146198830409356,0.5609756097560976,0.5377977463985166,outputs/l2/cells/cladder/drop_commutation/seed-216/run_summary.json,not-published,outputs/l2/cells/cladder/drop_commutation/seed-216/best.pt,not-published,validation,False
bert-base-uncased,L2,cladder,drop_selective_invariance,216,l2:cladder:drop_selective_invariance:216,0.5146198830409356,0.5609756097560976,0.5377977463985166,outputs/l2/cells/cladder/drop_selective_invariance/seed-216/run_summary.json,not-published,outputs/l2/cells/cladder/drop_selective_invariance/seed-216/best.pt,not-published,validation,False
bert-base-uncased,L2,cladder,do_nothing,216,l2:cladder:do_nothing:216,0.0,1.0,0.5,outputs/l2/cells/cladder/do_nothing/seed-216/run_summary.json,not-published,,,validation,False
bert-base-uncased,L2,cladder,do_everything,216,l2:cladder:do_everything:216,0.8522012578616353,0.5024390243902439,0.6773201411259395,outputs/l2/cells/cladder/do_everything/seed-216/run_summary.json,not-published,,,validation,False
bert-base-uncased,L2,cladder,random_init,216,l2:cladder:random_init:216,0.44025157232704404,0.375609756097561,0.4079306642123025,outputs/l2/cells/cladder/random_init/seed-216/run_summary.json,not-published,,,validation,False
bert-base-uncased,L2,cladder,full,217,l2:cladder:full:217,0.4853801169590643,0.43902439024390244,0.46220225360148337,outputs/l2/cells/cladder/full/seed-217/run_summary.json,not-published,outputs/l2/cells/cladder/full/seed-217/best.pt,not-published,validation,False
bert-base-uncased,L2,cladder,drop_identity,217,l2:cladder:drop_identity:217,0.4853801169590643,0.43902439024390244,0.46220225360148337,outputs/l2/cells/cladder/drop_identity/seed-217/run_summary.json,not-published,outputs/l2/cells/cladder/drop_identity/seed-217/best.pt,not-published,validation,False
bert-base-uncased,L2,cladder,drop_idempotence,217,l2:cladder:drop_idempotence:217,0.4853801169590643,0.43902439024390244,0.46220225360148337,outputs/l2/cells/cladder/drop_idempotence/seed-217/run_summary.json,not-published,outputs/l2/cells/cladder/drop_idempotence/seed-217/best.pt,not-published,validation,False
bert-base-uncased,L2,cladder,drop_commutation,217,l2:cladder:drop_commutation:217,0.4853801169590643,0.43902439024390244,0.46220225360148337,outputs/l2/cells/cladder/drop_commutation/seed-217/run_summary.json,not-published,outputs/l2/cells/cladder/drop_commutation/seed-217/best.pt,not-published,validation,False
bert-base-uncased,L2,cladder,drop_selective_invariance,217,l2:cladder:drop_selective_invariance:217,0.4853801169590643,0.43902439024390244,0.46220225360148337,outputs/l2/cells/cladder/drop_selective_invariance/seed-217/run_summary.json,not-published,outputs/l2/cells/cladder/drop_selective_invariance/seed-217/best.pt,not-published,validation,False
bert-base-uncased,L2,cladder,do_nothing,217,l2:cladder:do_nothing:217,0.0,1.0,0.5,outputs/l2/cells/cladder/do_nothing/seed-217/run_summary.json,not-published,,,validation,False
bert-base-uncased,L2,cladder,do_everything,217,l2:cladder:do_everything:217,0.8522012578616353,0.5024390243902439,0.6773201411259395,outputs/l2/cells/cladder/do_everything/seed-217/run_summary.json,not-published,,,validation,False
bert-base-uncased,L2,cladder,random_init,217,l2:cladder:random_init:217,0.48427672955974843,0.5609756097560976,0.5226261696579231,outputs/l2/cells/cladder/random_init/seed-217/run_summary.json,not-published,,,validation,False
bert-base-uncased,L2,cladder,full,218,l2:cladder:full:218,0.5146198830409356,0.5609756097560976,0.5377977463985166,outputs/l2/cells/cladder/full/seed-218/run_summary.json,not-published,outputs/l2/cells/cladder/full/seed-218/best.pt,not-published,validation,False
bert-base-uncased,L2,cladder,drop_identity,218,l2:cladder:drop_identity:218,0.5146198830409356,0.5609756097560976,0.5377977463985166,outputs/l2/cells/cladder/drop_identity/seed-218/run_summary.json,not-published,outputs/l2/cells/cladder/drop_identity/seed-218/best.pt,not-published,validation,False
bert-base-uncased,L2,cladder,drop_idempotence,218,l2:cladder:drop_idempotence:218,0.5146198830409356,0.5609756097560976,0.5377977463985166,outputs/l2/cells/cladder/drop_idempotence/seed-218/run_summary.json,not-published,outputs/l2/cells/cladder/drop_idempotence/seed-218/best.pt,not-published,validation,False
bert-base-uncased,L2,cladder,drop_commutation,218,l2:cladder:drop_commutation:218,0.5146198830409356,0.5609756097560976,0.5377977463985166,outputs/l2/cells/cladder/drop_commutation/seed-218/run_summary.json,not-published,outputs/l2/cells/cladder/drop_commutation/seed-218/best.pt,not-published,validation,False
bert-base-uncased,L2,cladder,drop_selective_invariance,218,l2:cladder:drop_selective_invariance:218,0.5146198830409356,0.5609756097560976,0.5377977463985166,outputs/l2/cells/cladder/drop_selective_invariance/seed-218/run_summary.json,not-published,outputs/l2/cells/cladder/drop_selective_invariance/seed-218/best.pt,not-published,validation,False
bert-base-uncased,L2,cladder,do_nothing,218,l2:cladder:do_nothing:218,0.0,1.0,0.5,outputs/l2/cells/cladder/do_nothing/seed-218/run_summary.json,not-published,,,validation,False
bert-base-uncased,L2,cladder,do_everything,218,l2:cladder:do_everything:218,0.8522012578616353,0.5024390243902439,0.6773201411259395,outputs/l2/cells/cladder/do_everything/seed-218/run_summary.json,not-published,,,validation,False
bert-base-uncased,L2,cladder,random_init,218,l2:cladder:random_init:218,0.449685534591195,0.48292682926829267,0.4663061819297438,outputs/l2/cells/cladder/random_init/seed-218/run_summary.json,not-published,,,validation,False
bert-base-uncased,L2,cladder,full,219,l2:cladder:full:219,0.5146198830409356,0.5609756097560976,0.5377977463985166,outputs/l2/cells/cladder/full/seed-219/run_summary.json,not-published,outputs/l2/cells/cladder/full/seed-219/best.pt,not-published,validation,False
bert-base-uncased,L2,cladder,drop_identity,219,l2:cladder:drop_identity:219,0.5146198830409356,0.5609756097560976,0.5377977463985166,outputs/l2/cells/cladder/drop_identity/seed-219/run_summary.json,not-published,outputs/l2/cells/cladder/drop_identity/seed-219/best.pt,not-published,validation,False
bert-base-uncased,L2,cladder,drop_idempotence,219,l2:cladder:drop_idempotence:219,0.5146198830409356,0.5609756097560976,0.5377977463985166,outputs/l2/cells/cladder/drop_idempotence/seed-219/run_summary.json,not-published,outputs/l2/cells/cladder/drop_idempotence/seed-219/best.pt,not-published,validation,False
bert-base-uncased,L2,cladder,drop_commutation,219,l2:cladder:drop_commutation:219,0.5146198830409356,0.5609756097560976,0.5377977463985166,outputs/l2/cells/cladder/drop_commutation/seed-219/run_summary.json,not-published,outputs/l2/cells/cladder/drop_commutation/seed-219/best.pt,not-published,validation,False
bert-base-uncased,L2,cladder,drop_selective_invariance,219,l2:cladder:drop_selective_invariance:219,0.5146198830409356,0.5609756097560976,0.5377977463985166,outputs/l2/cells/cladder/drop_selective_invariance/seed-219/run_summary.json,not-published,outputs/l2/cells/cladder/drop_selective_invariance/seed-219/best.pt,not-published,validation,False
bert-base-uncased,L2,cladder,do_nothing,219,l2:cladder:do_nothing:219,0.0,1.0,0.5,outputs/l2/cells/cladder/do_nothing/seed-219/run_summary.json,not-published,,,validation,False
bert-base-uncased,L2,cladder,do_everything,219,l2:cladder:do_everything:219,0.8522012578616353,0.5024390243902439,0.6773201411259395,outputs/l2/cells/cladder/do_everything/seed-219/run_summary.json,not-published,,,validation,False
bert-base-uncased,L2,cladder,random_init,219,l2:cladder:random_init:219,0.5408805031446541,0.4975609756097561,0.519220739377205,outputs/l2/cells/cladder/random_init/seed-219/run_summary.json,not-published,,,validation,False
bert-base-uncased,L2,cladder,full,220,l2:cladder:full:220,0.5146198830409356,0.5609756097560976,0.5377977463985166,outputs/l2/cells/cladder/full/seed-220/run_summary.json,not-published,outputs/l2/cells/cladder/full/seed-220/best.pt,not-published,validation,False
bert-base-uncased,L2,cladder,drop_identity,220,l2:cladder:drop_identity:220,0.5146198830409356,0.5609756097560976,0.5377977463985166,outputs/l2/cells/cladder/drop_identity/seed-220/run_summary.json,not-published,outputs/l2/cells/cladder/drop_identity/seed-220/best.pt,not-published,validation,False
bert-base-uncased,L2,cladder,drop_idempotence,220,l2:cladder:drop_idempotence:220,0.5146198830409356,0.5609756097560976,0.5377977463985166,outputs/l2/cells/cladder/drop_idempotence/seed-220/run_summary.json,not-published,outputs/l2/cells/cladder/drop_idempotence/seed-220/best.pt,not-published,validation,False
bert-base-uncased,L2,cladder,drop_commutation,220,l2:cladder:drop_commutation:220,0.5146198830409356,0.5609756097560976,0.5377977463985166,outputs/l2/cells/cladder/drop_commutation/seed-220/run_summary.json,not-published,outputs/l2/cells/cladder/drop_commutation/seed-220/best.pt,not-published,validation,False
bert-base-uncased,L2,cladder,drop_selective_invariance,220,l2:cladder:drop_selective_invariance:220,0.5146198830409356,0.5609756097560976,0.5377977463985166,outputs/l2/cells/cladder/drop_selective_invariance/seed-220/run_summary.json,not-published,outputs/l2/cells/cladder/drop_selective_invariance/seed-220/best.pt,not-published,validation,False
bert-base-uncased,L2,cladder,do_nothing,220,l2:cladder:do_nothing:220,0.0,1.0,0.5,outputs/l2/cells/cladder/do_nothing/seed-220/run_summary.json,not-published,,,validation,False
bert-base-uncased,L2,cladder,do_everything,220,l2:cladder:do_everything:220,0.8522012578616353,0.5024390243902439,0.6773201411259395,outputs/l2/cells/cladder/do_everything/seed-220/run_summary.json,not-published,,,validation,False
bert-base-uncased,L2,cladder,random_init,220,l2:cladder:random_init:220,0.5125786163522013,0.4634146341463415,0.48799662524927134,outputs/l2/cells/cladder/random_init/seed-220/run_summary.json,not-published,,,validation,False
bert-base-uncased,L3,xor,lora_matched,301,l3:xor:lora_matched:301,0.48148149251937866,0.5264493227005005,0.5039654076099396,outputs/l3/lora_matched/seed-301/run_summary.json,not-published,,not-published,validation,False
bert-base-uncased,L3,xor,lora_matched,302,l3:xor:lora_matched:302,0.40067338943481445,0.6909646987915039,0.5458190441131592,outputs/l3/lora_matched/seed-302/run_summary.json,not-published,,not-published,validation,False
bert-base-uncased,L3,xor,lora_matched,303,l3:xor:lora_matched:303,0.5298398733139038,0.47297295928001404,0.5014064162969589,outputs/l3/lora_matched/seed-303/run_summary.json,not-published,,not-published,validation,False
bert-base-uncased,L3,xor,lora_matched,304,l3:xor:lora_matched:304,0.46875,0.5464778542518616,0.5076139271259308,outputs/l3/lora_matched/seed-304/run_summary.json,not-published,,not-published,validation,False
bert-base-uncased,L3,xor,lora_matched,305,l3:xor:lora_matched:305,0.5691244006156921,0.47105997800827026,0.5200921893119812,outputs/l3/lora_matched/seed-305/run_summary.json,not-published,,not-published,validation,False
bert-base-uncased,L3,xor,loreft,301,l3:xor:loreft:301,0.493558794260025,0.4648550748825073,0.4792069345712662,outputs/l3/loreft/seed-301/run_summary.json,not-published,,not-published,validation,False
bert-base-uncased,L3,xor,loreft,302,l3:xor:loreft:302,0.44528618454933167,0.6564074754714966,0.5508468300104141,outputs/l3/loreft/seed-302/run_summary.json,not-published,,not-published,validation,False
bert-base-uncased,L3,xor,loreft,303,l3:xor:loreft:303,0.4701601266860962,0.5270270109176636,0.4985935688018799,outputs/l3/loreft/seed-303/run_summary.json,not-published,,not-published,validation,False
bert-base-uncased,L3,xor,loreft,304,l3:xor:loreft:304,0.6184896230697632,0.4832970201969147,0.5508933216333389,outputs/l3/loreft/seed-304/run_summary.json,not-published,,not-published,validation,False
bert-base-uncased,L3,xor,loreft,305,l3:xor:loreft:305,0.5691244006156921,0.47105997800827026,0.5200921893119812,outputs/l3/loreft/seed-305/run_summary.json,not-published,,not-published,validation,False
bert-base-uncased,L3,xor,o1,301,l3:xor:o1:301,0.5362318754196167,0.4757246673107147,0.5059782713651657,outputs/l3/o1/seed-301/run_summary.json,not-published,,not-published,validation,False
bert-base-uncased,L3,xor,o1,302,l3:xor:o1:302,0.46296295523643494,0.6470482349395752,0.5550055950880051,outputs/l3/o1/seed-302/run_summary.json,not-published,,not-published,validation,False
bert-base-uncased,L3,xor,o1,303,l3:xor:o1:303,0.4701601266860962,0.5270270109176636,0.4985935688018799,outputs/l3/o1/seed-303/run_summary.json,not-published,,not-published,validation,False
bert-base-uncased,L3,xor,o1,304,l3:xor:o1:304,0.6393229365348816,0.4026870131492615,0.5210049748420715,outputs/l3/o1/seed-304/run_summary.json,not-published,,not-published,validation,False
bert-base-uncased,L3,xor,o1,305,l3:xor:o1:305,0.5691244006156921,0.47105997800827026,0.5200921893119812,outputs/l3/o1/seed-305/run_summary.json,not-published,,not-published,validation,False
bert-base-uncased,L3,xor,o2,301,l3:xor:o2:301,0.533011257648468,0.4757246673107147,0.5043679624795914,outputs/l3/o2/seed-301/run_summary.json,not-published,,not-published,validation,False
bert-base-uncased,L3,xor,o2,302,l3:xor:o2:302,0.44107744097709656,0.6501079797744751,0.5455927103757858,outputs/l3/o2/seed-302/run_summary.json,not-published,,not-published,validation,False
bert-base-uncased,L3,xor,o2,303,l3:xor:o2:303,0.4701601266860962,0.5270270109176636,0.4985935688018799,outputs/l3/o2/seed-303/run_summary.json,not-published,,not-published,validation,False
bert-base-uncased,L3,xor,o2,304,l3:xor:o2:304,0.6393229365348816,0.4026870131492615,0.5210049748420715,outputs/l3/o2/seed-304/run_summary.json,not-published,,not-published,validation,False
bert-base-uncased,L3,xor,o2,305,l3:xor:o2:305,0.5691244006156921,0.47105997800827026,0.5200921893119812,outputs/l3/o2/seed-305/run_summary.json,not-published,,not-published,validation,False
bert-base-uncased,L3,xor,o3,301,l3:xor:o3:301,0.5297906398773193,0.4630434811115265,0.4964170604944229,outputs/l3/o3/seed-301/run_summary.json,not-published,,not-published,validation,False
bert-base-uncased,L3,xor,o3,302,l3:xor:o3:302,0.4814814627170563,0.6463282704353333,0.5639048665761948,outputs/l3/o3/seed-302/run_summary.json,not-published,,not-published,validation,False
bert-base-uncased,L3,xor,o3,303,l3:xor:o3:303,0.4701601266860962,0.5270270109176636,0.4985935688018799,outputs/l3/o3/seed-303/run_summary.json,not-published,,not-published,validation,False
bert-base-uncased,L3,xor,o3,304,l3:xor:o3:304,0.6393229365348816,0.4026870131492615,0.5210049748420715,outputs/l3/o3/seed-304/run_summary.json,not-published,,not-published,validation,False
bert-base-uncased,L3,xor,o3,305,l3:xor:o3:305,0.5691244006156921,0.47105997800827026,0.5200921893119812,outputs/l3/o3/seed-305/run_summary.json,not-published,,not-published,validation,False
bert-base-uncased,L3,xor,prompting,301,l3:xor:prompting:301,0.5394524931907654,0.47717392444610596,0.5083132088184357,outputs/l3/prompting/seed-301/run_summary.json,not-published,,not-published,validation,False
bert-base-uncased,L3,xor,prompting,302,l3:xor:prompting:302,0.4259259104728699,0.63318932056427,0.52955761551857,outputs/l3/prompting/seed-302/run_summary.json,not-published,,not-published,validation,False
bert-base-uncased,L3,xor,prompting,303,l3:xor:prompting:303,0.4701601266860962,0.5270270109176636,0.4985935688018799,outputs/l3/prompting/seed-303/run_summary.json,not-published,,not-published,validation,False
bert-base-uncased,L3,xor,prompting,304,l3:xor:prompting:304,0.6393229365348816,0.4026870131492615,0.5210049748420715,outputs/l3/prompting/seed-304/run_summary.json,not-published,,not-published,validation,False
bert-base-uncased,L3,xor,prompting,305,l3:xor:prompting:305,0.5691244006156921,0.47105997800827026,0.5200921893119812,outputs/l3/prompting/seed-305/run_summary.json,not-published,,not-published,validation,False
bert-base-uncased,L3,xor,router,301,l3:xor:router:301,0.5362318754196167,0.46775364875793457,0.5019927620887756,outputs/l3/router/seed-301/run_summary.json,not-published,,not-published,validation,False
bert-base-uncased,L3,xor,router,302,l3:xor:router:302,0.46043768525123596,0.6380489468574524,0.5492433160543442,outputs/l3/router/seed-302/run_summary.json,not-published,,not-published,validation,False
bert-base-uncased,L3,xor,router,303,l3:xor:router:303,0.4701601266860962,0.5270270109176636,0.4985935688018799,outputs/l3/router/seed-303/run_summary.json,not-published,,not-published,validation,False
bert-base-uncased,L3,xor,router,304,l3:xor:router:304,0.6393229365348816,0.4026870131492615,0.5210049748420715,outputs/l3/router/seed-304/run_summary.json,not-published,,not-published,validation,False
bert-base-uncased,L3,xor,router,305,l3:xor:router:305,0.5691244006156921,0.47105997800827026,0.5200921893119812,outputs/l3/router/seed-305/run_summary.json,not-published,,not-published,validation,False
bert-base-uncased,L3,xor,task_vector_add,301,l3:xor:task_vector_add:301,0.5362318754196167,0.4757246673107147,0.5059782713651657,outputs/l3/task_vector_add/seed-301/run_summary.json,not-published,,not-published,validation,False
bert-base-uncased,L3,xor,task_vector_add,302,l3:xor:task_vector_add:302,0.46043768525123596,0.6465082764625549,0.5534729808568954,outputs/l3/task_vector_add/seed-302/run_summary.json,not-published,,not-published,validation,False
bert-base-uncased,L3,xor,task_vector_add,303,l3:xor:task_vector_add:303,0.4701601266860962,0.5270270109176636,0.4985935688018799,outputs/l3/task_vector_add/seed-303/run_summary.json,not-published,,not-published,validation,False
bert-base-uncased,L3,xor,task_vector_add,304,l3:xor:task_vector_add:304,0.6393229365348816,0.4026870131492615,0.5210049748420715,outputs/l3/task_vector_add/seed-304/run_summary.json,not-published,,not-published,validation,False
bert-base-uncased,L3,xor,task_vector_add,305,l3:xor:task_vector_add:305,0.5691244006156921,0.47105997800827026,0.5200921893119812,outputs/l3/task_vector_add/seed-305/run_summary.json,not-published,,not-published,validation,False
