derived_experiment,family,method,seed,source_experiment,source_cell_id,source_checkpoint_sha256,metric_source_path,expected_source_sha256,actual_source_sha256,hash_verified,metric,derived_value,source_value,reason
T1,xor,prompting,301,F2,f2:xor:prompting:301,,outputs/f2/xor/prompting/seed-301/run_summary.json,not-published,not-published,True,two_edit_balanced,0.5062084943056107,0.5062084943056107,T1 is a preregistered re-aggregation of F2 composed-pair measurements; it is not independent evidence.
T1,xor,o2,301,F2,f2:xor:o2:301,,outputs/f2/xor/o2/seed-301/run_summary.json,not-published,not-published,True,two_edit_balanced,0.5106553137302399,0.5106553137302399,T1 is a preregistered re-aggregation of F2 composed-pair measurements; it is not independent evidence.
T1,xor,o3,301,F2,f2:xor:o3:301,,outputs/f2/xor/o3/seed-301/run_summary.json,not-published,not-published,True,two_edit_balanced,0.5037483721971512,0.5037483721971512,T1 is a preregistered re-aggregation of F2 composed-pair measurements; it is not independent evidence.
T1,xor,prompting,302,F2,f2:xor:prompting:302,,outputs/f2/xor/prompting/seed-302/run_summary.json,not-published,not-published,True,two_edit_balanced,0.5008724629878998,0.5008724629878998,T1 is a preregistered re-aggregation of F2 composed-pair measurements; it is not independent evidence.
T1,xor,o2,302,F2,f2:xor:o2:302,,outputs/f2/xor/o2/seed-302/run_summary.json,not-published,not-published,True,two_edit_balanced,0.518817201256752,0.518817201256752,T1 is a preregistered re-aggregation of F2 composed-pair measurements; it is not independent evidence.
T1,xor,o3,302,F2,f2:xor:o3:302,,outputs/f2/xor/o3/seed-302/run_summary.json,not-published,not-published,True,two_edit_balanced,0.5428221076726913,0.5428221076726913,T1 is a preregistered re-aggregation of F2 composed-pair measurements; it is not independent evidence.
T1,xor,prompting,303,F2,f2:xor:prompting:303,,outputs/f2/xor/prompting/seed-303/run_summary.json,not-published,not-published,True,two_edit_balanced,0.5049886256456375,0.5049886256456375,T1 is a preregistered re-aggregation of F2 composed-pair measurements; it is not independent evidence.
T1,xor,o2,303,F2,f2:xor:o2:303,,outputs/f2/xor/o2/seed-303/run_summary.json,not-published,not-published,True,two_edit_balanced,0.5049886256456375,0.5049886256456375,T1 is a preregistered re-aggregation of F2 composed-pair measurements; it is not independent evidence.
T1,xor,o3,303,F2,f2:xor:o3:303,,outputs/f2/xor/o3/seed-303/run_summary.json,not-published,not-published,True,two_edit_balanced,0.5049886256456375,0.5049886256456375,T1 is a preregistered re-aggregation of F2 composed-pair measurements; it is not independent evidence.
T1,xor,prompting,304,F2,f2:xor:prompting:304,,outputs/f2/xor/prompting/seed-304/run_summary.json,not-published,not-published,True,two_edit_balanced,0.5117865800857544,0.5117865800857544,T1 is a preregistered re-aggregation of F2 composed-pair measurements; it is not independent evidence.
T1,xor,o2,304,F2,f2:xor:o2:304,,outputs/f2/xor/o2/seed-304/run_summary.json,not-published,not-published,True,two_edit_balanced,0.5117865800857544,0.5117865800857544,T1 is a preregistered re-aggregation of F2 composed-pair measurements; it is not independent evidence.
T1,xor,o3,304,F2,f2:xor:o3:304,,outputs/f2/xor/o3/seed-304/run_summary.json,not-published,not-published,True,two_edit_balanced,0.5117865800857544,0.5117865800857544,T1 is a preregistered re-aggregation of F2 composed-pair measurements; it is not independent evidence.
T1,xor,prompting,305,F2,f2:xor:prompting:305,,outputs/f2/xor/prompting/seed-305/run_summary.json,not-published,not-published,True,two_edit_balanced,0.4945162683725357,0.4945162683725357,T1 is a preregistered re-aggregation of F2 composed-pair measurements; it is not independent evidence.
T1,xor,o2,305,F2,f2:xor:o2:305,,outputs/f2/xor/o2/seed-305/run_summary.json,not-published,not-published,True,two_edit_balanced,0.4945162683725357,0.4945162683725357,T1 is a preregistered re-aggregation of F2 composed-pair measurements; it is not independent evidence.
T1,xor,o3,305,F2,f2:xor:o3:305,,outputs/f2/xor/o3/seed-305/run_summary.json,not-published,not-published,True,two_edit_balanced,0.4945162683725357,0.4945162683725357,T1 is a preregistered re-aggregation of F2 composed-pair measurements; it is not independent evidence.
T1,xor,prompting,306,F2,f2:xor:prompting:306,,outputs/f2/xor/prompting/seed-306/run_summary.json,not-published,not-published,True,two_edit_balanced,0.5056796073913574,0.5056796073913574,T1 is a preregistered re-aggregation of F2 composed-pair measurements; it is not independent evidence.
T1,xor,o2,306,F2,f2:xor:o2:306,,outputs/f2/xor/o2/seed-306/run_summary.json,not-published,not-published,True,two_edit_balanced,0.5056796073913574,0.5056796073913574,T1 is a preregistered re-aggregation of F2 composed-pair measurements; it is not independent evidence.
T1,xor,o3,306,F2,f2:xor:o3:306,,outputs/f2/xor/o3/seed-306/run_summary.json,not-published,not-published,True,two_edit_balanced,0.5056796073913574,0.5056796073913574,T1 is a preregistered re-aggregation of F2 composed-pair measurements; it is not independent evidence.
T1,xor,prompting,307,F2,f2:xor:prompting:307,,outputs/f2/xor/prompting/seed-307/run_summary.json,not-published,not-published,True,two_edit_balanced,0.5286195427179337,0.5286195427179337,T1 is a preregistered re-aggregation of F2 composed-pair measurements; it is not independent evidence.
T1,xor,o2,307,F2,f2:xor:o2:307,,outputs/f2/xor/o2/seed-307/run_summary.json,not-published,not-published,True,two_edit_balanced,0.5286195427179337,0.5286195427179337,T1 is a preregistered re-aggregation of F2 composed-pair measurements; it is not independent evidence.
T1,xor,o3,307,F2,f2:xor:o3:307,,outputs/f2/xor/o3/seed-307/run_summary.json,not-published,not-published,True,two_edit_balanced,0.5286195427179337,0.5286195427179337,T1 is a preregistered re-aggregation of F2 composed-pair measurements; it is not independent evidence.
T1,xor,prompting,308,F2,f2:xor:prompting:308,,outputs/f2/xor/prompting/seed-308/run_summary.json,not-published,not-published,True,two_edit_balanced,0.4952577203512192,0.4952577203512192,T1 is a preregistered re-aggregation of F2 composed-pair measurements; it is not independent evidence.
T1,xor,o2,308,F2,f2:xor:o2:308,,outputs/f2/xor/o2/seed-308/run_summary.json,not-published,not-published,True,two_edit_balanced,0.4952577203512192,0.4952577203512192,T1 is a preregistered re-aggregation of F2 composed-pair measurements; it is not independent evidence.
T1,xor,o3,308,F2,f2:xor:o3:308,,outputs/f2/xor/o3/seed-308/run_summary.json,not-published,not-published,True,two_edit_balanced,0.4952577203512192,0.4952577203512192,T1 is a preregistered re-aggregation of F2 composed-pair measurements; it is not independent evidence.
T1,xor,prompting,309,F2,f2:xor:prompting:309,,outputs/f2/xor/prompting/seed-309/run_summary.json,not-published,not-published,True,two_edit_balanced,0.4988209754228592,0.4988209754228592,T1 is a preregistered re-aggregation of F2 composed-pair measurements; it is not independent evidence.
T1,xor,o2,309,F2,f2:xor:o2:309,,outputs/f2/xor/o2/seed-309/run_summary.json,not-published,not-published,True,two_edit_balanced,0.4988209754228592,0.4988209754228592,T1 is a preregistered re-aggregation of F2 composed-pair measurements; it is not independent evidence.
T1,xor,o3,309,F2,f2:xor:o3:309,,outputs/f2/xor/o3/seed-309/run_summary.json,not-published,not-published,True,two_edit_balanced,0.4988209754228592,0.4988209754228592,T1 is a preregistered re-aggregation of F2 composed-pair measurements; it is not independent evidence.
T1,xor,prompting,310,F2,f2:xor:prompting:310,,outputs/f2/xor/prompting/seed-310/run_summary.json,not-published,not-published,True,two_edit_balanced,0.5193653106689453,0.5193653106689453,T1 is a preregistered re-aggregation of F2 composed-pair measurements; it is not independent evidence.
T1,xor,o2,310,F2,f2:xor:o2:310,,outputs/f2/xor/o2/seed-310/run_summary.json,not-published,not-published,True,two_edit_balanced,0.5193653106689453,0.5193653106689453,T1 is a preregistered re-aggregation of F2 composed-pair measurements; it is not independent evidence.
T1,xor,o3,310,F2,f2:xor:o3:310,,outputs/f2/xor/o3/seed-310/run_summary.json,not-published,not-published,True,two_edit_balanced,0.5193653106689453,0.5193653106689453,T1 is a preregistered re-aggregation of F2 composed-pair measurements; it is not independent evidence.
T1,xor,prompting,311,F2,f2:xor:prompting:311,,outputs/f2/xor/prompting/seed-311/run_summary.json,not-published,not-published,True,two_edit_balanced,0.4908134788274765,0.4908134788274765,T1 is a preregistered re-aggregation of F2 composed-pair measurements; it is not independent evidence.
T1,xor,o2,311,F2,f2:xor:o2:311,,outputs/f2/xor/o2/seed-311/run_summary.json,not-published,not-published,True,two_edit_balanced,0.4908134788274765,0.4908134788274765,T1 is a preregistered re-aggregation of F2 composed-pair measurements; it is not independent evidence.
T1,xor,o3,311,F2,f2:xor:o3:311,,outputs/f2/xor/o3/seed-311/run_summary.json,not-published,not-published,True,two_edit_balanced,0.4908134788274765,0.4908134788274765,T1 is a preregistered re-aggregation of F2 composed-pair measurements; it is not independent evidence.
T1,xor,prompting,312,F2,f2:xor:prompting:312,,outputs/f2/xor/prompting/seed-312/run_summary.json,not-published,not-published,True,two_edit_balanced,0.526571586728096,0.526571586728096,T1 is a preregistered re-aggregation of F2 composed-pair measurements; it is not independent evidence.
T1,xor,o2,312,F2,f2:xor:o2:312,,outputs/f2/xor/o2/seed-312/run_summary.json,not-published,not-published,True,two_edit_balanced,0.526571586728096,0.526571586728096,T1 is a preregistered re-aggregation of F2 composed-pair measurements; it is not independent evidence.
T1,xor,o3,312,F2,f2:xor:o3:312,,outputs/f2/xor/o3/seed-312/run_summary.json,not-published,not-published,True,two_edit_balanced,0.526571586728096,0.526571586728096,T1 is a preregistered re-aggregation of F2 composed-pair measurements; it is not independent evidence.
T1,xor,prompting,313,F2,f2:xor:prompting:313,,outputs/f2/xor/prompting/seed-313/run_summary.json,not-published,not-published,True,two_edit_balanced,0.49862538278102875,0.49862538278102875,T1 is a preregistered re-aggregation of F2 composed-pair measurements; it is not independent evidence.
T1,xor,o2,313,F2,f2:xor:o2:313,,outputs/f2/xor/o2/seed-313/run_summary.json,not-published,not-published,True,two_edit_balanced,0.49862538278102875,0.49862538278102875,T1 is a preregistered re-aggregation of F2 composed-pair measurements; it is not independent evidence.
T1,xor,o3,313,F2,f2:xor:o3:313,,outputs/f2/xor/o3/seed-313/run_summary.json,not-published,not-published,True,two_edit_balanced,0.49862538278102875,0.49862538278102875,T1 is a preregistered re-aggregation of F2 composed-pair measurements; it is not independent evidence.
T1,xor,prompting,314,F2,f2:xor:prompting:314,,outputs/f2/xor/prompting/seed-314/run_summary.json,not-published,not-published,True,two_edit_balanced,0.5309124439954758,0.5309124439954758,T1 is a preregistered re-aggregation of F2 composed-pair measurements; it is not independent evidence.
T1,xor,o2,314,F2,f2:xor:o2:314,,outputs/f2/xor/o2/seed-314/run_summary.json,not-published,not-published,True,two_edit_balanced,0.5172164440155029,0.5172164440155029,T1 is a preregistered re-aggregation of F2 composed-pair measurements; it is not independent evidence.
T1,xor,o3,314,F2,f2:xor:o3:314,,outputs/f2/xor/o3/seed-314/run_summary.json,not-published,not-published,True,two_edit_balanced,0.5130208432674408,0.5130208432674408,T1 is a preregistered re-aggregation of F2 composed-pair measurements; it is not independent evidence.
T1,xor,prompting,315,F2,f2:xor:prompting:315,,outputs/f2/xor/prompting/seed-315/run_summary.json,not-published,not-published,True,two_edit_balanced,0.5139553397893906,0.5139553397893906,T1 is a preregistered re-aggregation of F2 composed-pair measurements; it is not independent evidence.
T1,xor,o2,315,F2,f2:xor:o2:315,,outputs/f2/xor/o2/seed-315/run_summary.json,not-published,not-published,True,two_edit_balanced,0.5139553397893906,0.5139553397893906,T1 is a preregistered re-aggregation of F2 composed-pair measurements; it is not independent evidence.
T1,xor,o3,315,F2,f2:xor:o3:315,,outputs/f2/xor/o3/seed-315/run_summary.json,not-published,not-published,True,two_edit_balanced,0.5139553397893906,0.5139553397893906,T1 is a preregistered re-aggregation of F2 composed-pair measurements; it is not independent evidence.
T1,xor,prompting,316,F2,f2:xor:prompting:316,,outputs/f2/xor/prompting/seed-316/run_summary.json,not-published,not-published,True,two_edit_balanced,0.5103097558021545,0.5103097558021545,T1 is a preregistered re-aggregation of F2 composed-pair measurements; it is not independent evidence.
T1,xor,o2,316,F2,f2:xor:o2:316,,outputs/f2/xor/o2/seed-316/run_summary.json,not-published,not-published,True,two_edit_balanced,0.5103097558021545,0.5103097558021545,T1 is a preregistered re-aggregation of F2 composed-pair measurements; it is not independent evidence.
T1,xor,o3,316,F2,f2:xor:o3:316,,outputs/f2/xor/o3/seed-316/run_summary.json,not-published,not-published,True,two_edit_balanced,0.5103097558021545,0.5103097558021545,T1 is a preregistered re-aggregation of F2 composed-pair measurements; it is not independent evidence.
T1,xor,prompting,317,F2,f2:xor:prompting:317,,outputs/f2/xor/prompting/seed-317/run_summary.json,not-published,not-published,True,two_edit_balanced,0.5450127273797989,0.5450127273797989,T1 is a preregistered re-aggregation of F2 composed-pair measurements; it is not independent evidence.
T1,xor,o2,317,F2,f2:xor:o2:317,,outputs/f2/xor/o2/seed-317/run_summary.json,not-published,not-published,True,two_edit_balanced,0.5235888957977295,0.5235888957977295,T1 is a preregistered re-aggregation of F2 composed-pair measurements; it is not independent evidence.
T1,xor,o3,317,F2,f2:xor:o3:317,,outputs/f2/xor/o3/seed-317/run_summary.json,not-published,not-published,True,two_edit_balanced,0.5580486953258514,0.5580486953258514,T1 is a preregistered re-aggregation of F2 composed-pair measurements; it is not independent evidence.
T1,xor,prompting,318,F2,f2:xor:prompting:318,,outputs/f2/xor/prompting/seed-318/run_summary.json,not-published,not-published,True,two_edit_balanced,0.49599553644657135,0.49599553644657135,T1 is a preregistered re-aggregation of F2 composed-pair measurements; it is not independent evidence.
T1,xor,o2,318,F2,f2:xor:o2:318,,outputs/f2/xor/o2/seed-318/run_summary.json,not-published,not-published,True,two_edit_balanced,0.5167551338672638,0.5167551338672638,T1 is a preregistered re-aggregation of F2 composed-pair measurements; it is not independent evidence.
T1,xor,o3,318,F2,f2:xor:o3:318,,outputs/f2/xor/o3/seed-318/run_summary.json,not-published,not-published,True,two_edit_balanced,0.48983362317085266,0.48983362317085266,T1 is a preregistered re-aggregation of F2 composed-pair measurements; it is not independent evidence.
T1,xor,prompting,319,F2,f2:xor:prompting:319,,outputs/f2/xor/prompting/seed-319/run_summary.json,not-published,not-published,True,two_edit_balanced,0.47810615599155426,0.47810615599155426,T1 is a preregistered re-aggregation of F2 composed-pair measurements; it is not independent evidence.
T1,xor,o2,319,F2,f2:xor:o2:319,,outputs/f2/xor/o2/seed-319/run_summary.json,not-published,not-published,True,two_edit_balanced,0.47810615599155426,0.47810615599155426,T1 is a preregistered re-aggregation of F2 composed-pair measurements; it is not independent evidence.
T1,xor,o3,319,F2,f2:xor:o3:319,,outputs/f2/xor/o3/seed-319/run_summary.json,not-published,not-published,True,two_edit_balanced,0.47810615599155426,0.47810615599155426,T1 is a preregistered re-aggregation of F2 composed-pair measurements; it is not independent evidence.
T1,xor,prompting,320,F2,f2:xor:prompting:320,,outputs/f2/xor/prompting/seed-320/run_summary.json,not-published,not-published,True,two_edit_balanced,0.5006139874458313,0.5006139874458313,T1 is a preregistered re-aggregation of F2 composed-pair measurements; it is not independent evidence.
T1,xor,o2,320,F2,f2:xor:o2:320,,outputs/f2/xor/o2/seed-320/run_summary.json,not-published,not-published,True,two_edit_balanced,0.5006139874458313,0.5006139874458313,T1 is a preregistered re-aggregation of F2 composed-pair measurements; it is not independent evidence.
T1,xor,o3,320,F2,f2:xor:o3:320,,outputs/f2/xor/o3/seed-320/run_summary.json,not-published,not-published,True,two_edit_balanced,0.5006139874458313,0.5006139874458313,T1 is a preregistered re-aggregation of F2 composed-pair measurements; it is not independent evidence.
T1,ccrgb,prompting,301,F2,f2:ccrgb:prompting:301,not-published,outputs/f2/ccrgb/prompting/seed-301/run_summary.json,not-published,not-published,True,two_edit_balanced,0.4807692307692308,0.4807692307692308,T1 is a preregistered re-aggregation of F2 composed-pair measurements; it is not independent evidence.
T1,ccrgb,o2,301,F2,f2:ccrgb:o2:301,not-published,outputs/f2/ccrgb/o2/seed-301/run_summary.json,not-published,not-published,True,two_edit_balanced,0.7797202797202798,0.7797202797202798,T1 is a preregistered re-aggregation of F2 composed-pair measurements; it is not independent evidence.
T1,ccrgb,o3,301,F2,f2:ccrgb:o3:301,not-published,outputs/f2/ccrgb/o3/seed-301/run_summary.json,not-published,not-published,True,two_edit_balanced,0.5804195804195804,0.5804195804195804,T1 is a preregistered re-aggregation of F2 composed-pair measurements; it is not independent evidence.
T1,ccrgb,prompting,302,F2,f2:ccrgb:prompting:302,not-published,outputs/f2/ccrgb/prompting/seed-302/run_summary.json,not-published,not-published,True,two_edit_balanced,0.6468531468531469,0.6468531468531469,T1 is a preregistered re-aggregation of F2 composed-pair measurements; it is not independent evidence.
T1,ccrgb,o2,302,F2,f2:ccrgb:o2:302,not-published,outputs/f2/ccrgb/o2/seed-302/run_summary.json,not-published,not-published,True,two_edit_balanced,0.7797202797202798,0.7797202797202798,T1 is a preregistered re-aggregation of F2 composed-pair measurements; it is not independent evidence.
T1,ccrgb,o3,302,F2,f2:ccrgb:o3:302,not-published,outputs/f2/ccrgb/o3/seed-302/run_summary.json,not-published,not-published,True,two_edit_balanced,0.5804195804195804,0.5804195804195804,T1 is a preregistered re-aggregation of F2 composed-pair measurements; it is not independent evidence.
T1,ccrgb,prompting,303,F2,f2:ccrgb:prompting:303,not-published,outputs/f2/ccrgb/prompting/seed-303/run_summary.json,not-published,not-published,True,two_edit_balanced,0.5,0.5,T1 is a preregistered re-aggregation of F2 composed-pair measurements; it is not independent evidence.
T1,ccrgb,o2,303,F2,f2:ccrgb:o2:303,not-published,outputs/f2/ccrgb/o2/seed-303/run_summary.json,not-published,not-published,True,two_edit_balanced,0.7797202797202798,0.7797202797202798,T1 is a preregistered re-aggregation of F2 composed-pair measurements; it is not independent evidence.
T1,ccrgb,o3,303,F2,f2:ccrgb:o3:303,not-published,outputs/f2/ccrgb/o3/seed-303/run_summary.json,not-published,not-published,True,two_edit_balanced,0.5262237762237763,0.5262237762237763,T1 is a preregistered re-aggregation of F2 composed-pair measurements; it is not independent evidence.
T1,ccrgb,prompting,304,F2,f2:ccrgb:prompting:304,not-published,outputs/f2/ccrgb/prompting/seed-304/run_summary.json,not-published,not-published,True,two_edit_balanced,0.6206293706293706,0.6206293706293706,T1 is a preregistered re-aggregation of F2 composed-pair measurements; it is not independent evidence.
T1,ccrgb,o2,304,F2,f2:ccrgb:o2:304,not-published,outputs/f2/ccrgb/o2/seed-304/run_summary.json,not-published,not-published,True,two_edit_balanced,0.8706293706293706,0.8706293706293706,T1 is a preregistered re-aggregation of F2 composed-pair measurements; it is not independent evidence.
T1,ccrgb,o3,304,F2,f2:ccrgb:o3:304,not-published,outputs/f2/ccrgb/o3/seed-304/run_summary.json,not-published,not-published,True,two_edit_balanced,0.6520979020979021,0.6520979020979021,T1 is a preregistered re-aggregation of F2 composed-pair measurements; it is not independent evidence.
T1,ccrgb,prompting,305,F2,f2:ccrgb:prompting:305,not-published,outputs/f2/ccrgb/prompting/seed-305/run_summary.json,not-published,not-published,True,two_edit_balanced,0.5,0.5,T1 is a preregistered re-aggregation of F2 composed-pair measurements; it is not independent evidence.
T1,ccrgb,o2,305,F2,f2:ccrgb:o2:305,not-published,outputs/f2/ccrgb/o2/seed-305/run_summary.json,not-published,not-published,True,two_edit_balanced,0.7797202797202798,0.7797202797202798,T1 is a preregistered re-aggregation of F2 composed-pair measurements; it is not independent evidence.
T1,ccrgb,o3,305,F2,f2:ccrgb:o3:305,not-published,outputs/f2/ccrgb/o3/seed-305/run_summary.json,not-published,not-published,True,two_edit_balanced,0.5419580419580419,0.5419580419580419,T1 is a preregistered re-aggregation of F2 composed-pair measurements; it is not independent evidence.
T1,ccrgb,prompting,306,F2,f2:ccrgb:prompting:306,not-published,outputs/f2/ccrgb/prompting/seed-306/run_summary.json,not-published,not-published,True,two_edit_balanced,0.5,0.5,T1 is a preregistered re-aggregation of F2 composed-pair measurements; it is not independent evidence.
T1,ccrgb,o2,306,F2,f2:ccrgb:o2:306,not-published,outputs/f2/ccrgb/o2/seed-306/run_summary.json,not-published,not-published,True,two_edit_balanced,0.7797202797202798,0.7797202797202798,T1 is a preregistered re-aggregation of F2 composed-pair measurements; it is not independent evidence.
T1,ccrgb,o3,306,F2,f2:ccrgb:o3:306,not-published,outputs/f2/ccrgb/o3/seed-306/run_summary.json,not-published,not-published,True,two_edit_balanced,0.5699300699300699,0.5699300699300699,T1 is a preregistered re-aggregation of F2 composed-pair measurements; it is not independent evidence.
T1,ccrgb,prompting,307,F2,f2:ccrgb:prompting:307,not-published,outputs/f2/ccrgb/prompting/seed-307/run_summary.json,not-published,not-published,True,two_edit_balanced,0.5,0.5,T1 is a preregistered re-aggregation of F2 composed-pair measurements; it is not independent evidence.
T1,ccrgb,o2,307,F2,f2:ccrgb:o2:307,not-published,outputs/f2/ccrgb/o2/seed-307/run_summary.json,not-published,not-published,True,two_edit_balanced,0.8706293706293706,0.8706293706293706,T1 is a preregistered re-aggregation of F2 composed-pair measurements; it is not independent evidence.
T1,ccrgb,o3,307,F2,f2:ccrgb:o3:307,not-published,outputs/f2/ccrgb/o3/seed-307/run_summary.json,not-published,not-published,True,two_edit_balanced,0.6136363636363636,0.6136363636363636,T1 is a preregistered re-aggregation of F2 composed-pair measurements; it is not independent evidence.
T1,ccrgb,prompting,308,F2,f2:ccrgb:prompting:308,not-published,outputs/f2/ccrgb/prompting/seed-308/run_summary.json,not-published,not-published,True,two_edit_balanced,0.6468531468531469,0.6468531468531469,T1 is a preregistered re-aggregation of F2 composed-pair measurements; it is not independent evidence.
T1,ccrgb,o2,308,F2,f2:ccrgb:o2:308,not-published,outputs/f2/ccrgb/o2/seed-308/run_summary.json,not-published,not-published,True,two_edit_balanced,0.7797202797202798,0.7797202797202798,T1 is a preregistered re-aggregation of F2 composed-pair measurements; it is not independent evidence.
T1,ccrgb,o3,308,F2,f2:ccrgb:o3:308,not-published,outputs/f2/ccrgb/o3/seed-308/run_summary.json,not-published,not-published,True,two_edit_balanced,0.6713286713286714,0.6713286713286714,T1 is a preregistered re-aggregation of F2 composed-pair measurements; it is not independent evidence.
T1,ccrgb,prompting,309,F2,f2:ccrgb:prompting:309,not-published,outputs/f2/ccrgb/prompting/seed-309/run_summary.json,not-published,not-published,True,two_edit_balanced,0.5,0.5,T1 is a preregistered re-aggregation of F2 composed-pair measurements; it is not independent evidence.
T1,ccrgb,o2,309,F2,f2:ccrgb:o2:309,not-published,outputs/f2/ccrgb/o2/seed-309/run_summary.json,not-published,not-published,True,two_edit_balanced,0.7797202797202798,0.7797202797202798,T1 is a preregistered re-aggregation of F2 composed-pair measurements; it is not independent evidence.
T1,ccrgb,o3,309,F2,f2:ccrgb:o3:309,not-published,outputs/f2/ccrgb/o3/seed-309/run_summary.json,not-published,not-published,True,two_edit_balanced,0.6486013986013985,0.6486013986013985,T1 is a preregistered re-aggregation of F2 composed-pair measurements; it is not independent evidence.
T1,ccrgb,prompting,310,F2,f2:ccrgb:prompting:310,not-published,outputs/f2/ccrgb/prompting/seed-310/run_summary.json,not-published,not-published,True,two_edit_balanced,0.6013986013986015,0.6013986013986015,T1 is a preregistered re-aggregation of F2 composed-pair measurements; it is not independent evidence.
T1,ccrgb,o2,310,F2,f2:ccrgb:o2:310,not-published,outputs/f2/ccrgb/o2/seed-310/run_summary.json,not-published,not-published,True,two_edit_balanced,0.7797202797202798,0.7797202797202798,T1 is a preregistered re-aggregation of F2 composed-pair measurements; it is not independent evidence.
T1,ccrgb,o3,310,F2,f2:ccrgb:o3:310,not-published,outputs/f2/ccrgb/o3/seed-310/run_summary.json,not-published,not-published,True,two_edit_balanced,0.6031468531468531,0.6031468531468531,T1 is a preregistered re-aggregation of F2 composed-pair measurements; it is not independent evidence.
T1,ccrgb,prompting,311,F2,f2:ccrgb:prompting:311,not-published,outputs/f2/ccrgb/prompting/seed-311/run_summary.json,not-published,not-published,True,two_edit_balanced,0.6783216783216783,0.6783216783216783,T1 is a preregistered re-aggregation of F2 composed-pair measurements; it is not independent evidence.
T1,ccrgb,o2,311,F2,f2:ccrgb:o2:311,not-published,outputs/f2/ccrgb/o2/seed-311/run_summary.json,not-published,not-published,True,two_edit_balanced,0.7797202797202798,0.7797202797202798,T1 is a preregistered re-aggregation of F2 composed-pair measurements; it is not independent evidence.
T1,ccrgb,o3,311,F2,f2:ccrgb:o3:311,not-published,outputs/f2/ccrgb/o3/seed-311/run_summary.json,not-published,not-published,True,two_edit_balanced,0.5874125874125874,0.5874125874125874,T1 is a preregistered re-aggregation of F2 composed-pair measurements; it is not independent evidence.
T1,ccrgb,prompting,312,F2,f2:ccrgb:prompting:312,not-published,outputs/f2/ccrgb/prompting/seed-312/run_summary.json,not-published,not-published,True,two_edit_balanced,0.6783216783216783,0.6783216783216783,T1 is a preregistered re-aggregation of F2 composed-pair measurements; it is not independent evidence.
T1,ccrgb,o2,312,F2,f2:ccrgb:o2:312,not-published,outputs/f2/ccrgb/o2/seed-312/run_summary.json,not-published,not-published,True,two_edit_balanced,0.7797202797202798,0.7797202797202798,T1 is a preregistered re-aggregation of F2 composed-pair measurements; it is not independent evidence.
T1,ccrgb,o3,312,F2,f2:ccrgb:o3:312,not-published,outputs/f2/ccrgb/o3/seed-312/run_summary.json,not-published,not-published,True,two_edit_balanced,0.8164335664335665,0.8164335664335665,T1 is a preregistered re-aggregation of F2 composed-pair measurements; it is not independent evidence.
T1,ccrgb,prompting,313,F2,f2:ccrgb:prompting:313,not-published,outputs/f2/ccrgb/prompting/seed-313/run_summary.json,not-published,not-published,True,two_edit_balanced,0.6468531468531469,0.6468531468531469,T1 is a preregistered re-aggregation of F2 composed-pair measurements; it is not independent evidence.
T1,ccrgb,o2,313,F2,f2:ccrgb:o2:313,not-published,outputs/f2/ccrgb/o2/seed-313/run_summary.json,not-published,not-published,True,two_edit_balanced,0.7797202797202798,0.7797202797202798,T1 is a preregistered re-aggregation of F2 composed-pair measurements; it is not independent evidence.
T1,ccrgb,o3,313,F2,f2:ccrgb:o3:313,not-published,outputs/f2/ccrgb/o3/seed-313/run_summary.json,not-published,not-published,True,two_edit_balanced,0.5576923076923077,0.5576923076923077,T1 is a preregistered re-aggregation of F2 composed-pair measurements; it is not independent evidence.
T1,ccrgb,prompting,314,F2,f2:ccrgb:prompting:314,not-published,outputs/f2/ccrgb/prompting/seed-314/run_summary.json,not-published,not-published,True,two_edit_balanced,0.5,0.5,T1 is a preregistered re-aggregation of F2 composed-pair measurements; it is not independent evidence.
T1,ccrgb,o2,314,F2,f2:ccrgb:o2:314,not-published,outputs/f2/ccrgb/o2/seed-314/run_summary.json,not-published,not-published,True,two_edit_balanced,0.7797202797202798,0.7797202797202798,T1 is a preregistered re-aggregation of F2 composed-pair measurements; it is not independent evidence.
T1,ccrgb,o3,314,F2,f2:ccrgb:o3:314,not-published,outputs/f2/ccrgb/o3/seed-314/run_summary.json,not-published,not-published,True,two_edit_balanced,0.75,0.75,T1 is a preregistered re-aggregation of F2 composed-pair measurements; it is not independent evidence.
T1,ccrgb,prompting,315,F2,f2:ccrgb:prompting:315,not-published,outputs/f2/ccrgb/prompting/seed-315/run_summary.json,not-published,not-published,True,two_edit_balanced,0.5,0.5,T1 is a preregistered re-aggregation of F2 composed-pair measurements; it is not independent evidence.
T1,ccrgb,o2,315,F2,f2:ccrgb:o2:315,not-published,outputs/f2/ccrgb/o2/seed-315/run_summary.json,not-published,not-published,True,two_edit_balanced,0.7797202797202798,0.7797202797202798,T1 is a preregistered re-aggregation of F2 composed-pair measurements; it is not independent evidence.
T1,ccrgb,o3,315,F2,f2:ccrgb:o3:315,not-published,outputs/f2/ccrgb/o3/seed-315/run_summary.json,not-published,not-published,True,two_edit_balanced,0.7552447552447552,0.7552447552447552,T1 is a preregistered re-aggregation of F2 composed-pair measurements; it is not independent evidence.
T1,ccrgb,prompting,316,F2,f2:ccrgb:prompting:316,not-published,outputs/f2/ccrgb/prompting/seed-316/run_summary.json,not-published,not-published,True,two_edit_balanced,0.5314685314685315,0.5314685314685315,T1 is a preregistered re-aggregation of F2 composed-pair measurements; it is not independent evidence.
T1,ccrgb,o2,316,F2,f2:ccrgb:o2:316,not-published,outputs/f2/ccrgb/o2/seed-316/run_summary.json,not-published,not-published,True,two_edit_balanced,0.8706293706293706,0.8706293706293706,T1 is a preregistered re-aggregation of F2 composed-pair measurements; it is not independent evidence.
T1,ccrgb,o3,316,F2,f2:ccrgb:o3:316,not-published,outputs/f2/ccrgb/o3/seed-316/run_summary.json,not-published,not-published,True,two_edit_balanced,0.5961538461538461,0.5961538461538461,T1 is a preregistered re-aggregation of F2 composed-pair measurements; it is not independent evidence.
T1,ccrgb,prompting,317,F2,f2:ccrgb:prompting:317,not-published,outputs/f2/ccrgb/prompting/seed-317/run_summary.json,not-published,not-published,True,two_edit_balanced,0.2902097902097902,0.2902097902097902,T1 is a preregistered re-aggregation of F2 composed-pair measurements; it is not independent evidence.
T1,ccrgb,o2,317,F2,f2:ccrgb:o2:317,not-published,outputs/f2/ccrgb/o2/seed-317/run_summary.json,not-published,not-published,True,two_edit_balanced,0.7797202797202798,0.7797202797202798,T1 is a preregistered re-aggregation of F2 composed-pair measurements; it is not independent evidence.
T1,ccrgb,o3,317,F2,f2:ccrgb:o3:317,not-published,outputs/f2/ccrgb/o3/seed-317/run_summary.json,not-published,not-published,True,two_edit_balanced,0.7447552447552448,0.7447552447552448,T1 is a preregistered re-aggregation of F2 composed-pair measurements; it is not independent evidence.
T1,ccrgb,prompting,318,F2,f2:ccrgb:prompting:318,not-published,outputs/f2/ccrgb/prompting/seed-318/run_summary.json,not-published,not-published,True,two_edit_balanced,0.4475524475524476,0.4475524475524476,T1 is a preregistered re-aggregation of F2 composed-pair measurements; it is not independent evidence.
T1,ccrgb,o2,318,F2,f2:ccrgb:o2:318,not-published,outputs/f2/ccrgb/o2/seed-318/run_summary.json,not-published,not-published,True,two_edit_balanced,0.8706293706293706,0.8706293706293706,T1 is a preregistered re-aggregation of F2 composed-pair measurements; it is not independent evidence.
T1,ccrgb,o3,318,F2,f2:ccrgb:o3:318,not-published,outputs/f2/ccrgb/o3/seed-318/run_summary.json,not-published,not-published,True,two_edit_balanced,0.5804195804195804,0.5804195804195804,T1 is a preregistered re-aggregation of F2 composed-pair measurements; it is not independent evidence.
T1,ccrgb,prompting,319,F2,f2:ccrgb:prompting:319,not-published,outputs/f2/ccrgb/prompting/seed-319/run_summary.json,not-published,not-published,True,two_edit_balanced,0.5367132867132867,0.5367132867132867,T1 is a preregistered re-aggregation of F2 composed-pair measurements; it is not independent evidence.
T1,ccrgb,o2,319,F2,f2:ccrgb:o2:319,not-published,outputs/f2/ccrgb/o2/seed-319/run_summary.json,not-published,not-published,True,two_edit_balanced,0.8251748251748252,0.8251748251748252,T1 is a preregistered re-aggregation of F2 composed-pair measurements; it is not independent evidence.
T1,ccrgb,o3,319,F2,f2:ccrgb:o3:319,not-published,outputs/f2/ccrgb/o3/seed-319/run_summary.json,not-published,not-published,True,two_edit_balanced,0.6800699300699301,0.6800699300699301,T1 is a preregistered re-aggregation of F2 composed-pair measurements; it is not independent evidence.
T1,ccrgb,prompting,320,F2,f2:ccrgb:prompting:320,not-published,outputs/f2/ccrgb/prompting/seed-320/run_summary.json,not-published,not-published,True,two_edit_balanced,0.5,0.5,T1 is a preregistered re-aggregation of F2 composed-pair measurements; it is not independent evidence.
T1,ccrgb,o2,320,F2,f2:ccrgb:o2:320,not-published,outputs/f2/ccrgb/o2/seed-320/run_summary.json,not-published,not-published,True,two_edit_balanced,0.8706293706293706,0.8706293706293706,T1 is a preregistered re-aggregation of F2 composed-pair measurements; it is not independent evidence.
T1,ccrgb,o3,320,F2,f2:ccrgb:o3:320,not-published,outputs/f2/ccrgb/o3/seed-320/run_summary.json,not-published,not-published,True,two_edit_balanced,0.6835664335664335,0.6835664335664335,T1 is a preregistered re-aggregation of F2 composed-pair measurements; it is not independent evidence.
T1,cladder,prompting,301,F2,f2:cladder:prompting:301,not-published,outputs/f2/cladder/prompting/seed-301/run_summary.json,not-published,not-published,True,two_edit_balanced,0.5251221001221001,0.5251221001221001,T1 is a preregistered re-aggregation of F2 composed-pair measurements; it is not independent evidence.
T1,cladder,o2,301,F2,f2:cladder:o2:301,not-published,outputs/f2/cladder/o2/seed-301/run_summary.json,not-published,not-published,True,two_edit_balanced,0.764041514041514,0.764041514041514,T1 is a preregistered re-aggregation of F2 composed-pair measurements; it is not independent evidence.
T1,cladder,o3,301,F2,f2:cladder:o3:301,not-published,outputs/f2/cladder/o3/seed-301/run_summary.json,not-published,not-published,True,two_edit_balanced,0.5938135938135938,0.5938135938135938,T1 is a preregistered re-aggregation of F2 composed-pair measurements; it is not independent evidence.
T1,cladder,prompting,302,F2,f2:cladder:prompting:302,not-published,outputs/f2/cladder/prompting/seed-302/run_summary.json,not-published,not-published,True,two_edit_balanced,0.5121794871794871,0.5121794871794871,T1 is a preregistered re-aggregation of F2 composed-pair measurements; it is not independent evidence.
T1,cladder,o2,302,F2,f2:cladder:o2:302,not-published,outputs/f2/cladder/o2/seed-302/run_summary.json,not-published,not-published,True,two_edit_balanced,0.7550637633970967,0.7550637633970967,T1 is a preregistered re-aggregation of F2 composed-pair measurements; it is not independent evidence.
T1,cladder,o3,302,F2,f2:cladder:o3:302,not-published,outputs/f2/cladder/o3/seed-302/run_summary.json,not-published,not-published,True,two_edit_balanced,0.6397775064441731,0.6397775064441731,T1 is a preregistered re-aggregation of F2 composed-pair measurements; it is not independent evidence.
T1,cladder,prompting,303,F2,f2:cladder:prompting:303,not-published,outputs/f2/cladder/prompting/seed-303/run_summary.json,not-published,not-published,True,two_edit_balanced,0.5256003256003257,0.5256003256003257,T1 is a preregistered re-aggregation of F2 composed-pair measurements; it is not independent evidence.
T1,cladder,o2,303,F2,f2:cladder:o2:303,not-published,outputs/f2/cladder/o2/seed-303/run_summary.json,not-published,not-published,True,two_edit_balanced,0.7509462759462759,0.7509462759462759,T1 is a preregistered re-aggregation of F2 composed-pair measurements; it is not independent evidence.
T1,cladder,o3,303,F2,f2:cladder:o3:303,not-published,outputs/f2/cladder/o3/seed-303/run_summary.json,not-published,not-published,True,two_edit_balanced,0.6382037715371048,0.6382037715371048,T1 is a preregistered re-aggregation of F2 composed-pair measurements; it is not independent evidence.
T1,cladder,prompting,304,F2,f2:cladder:prompting:304,not-published,outputs/f2/cladder/prompting/seed-304/run_summary.json,not-published,not-published,True,two_edit_balanced,0.507000407000407,0.507000407000407,T1 is a preregistered re-aggregation of F2 composed-pair measurements; it is not independent evidence.
T1,cladder,o2,304,F2,f2:cladder:o2:304,not-published,outputs/f2/cladder/o2/seed-304/run_summary.json,not-published,not-published,True,two_edit_balanced,0.7568986568986569,0.7568986568986569,T1 is a preregistered re-aggregation of F2 composed-pair measurements; it is not independent evidence.
T1,cladder,o3,304,F2,f2:cladder:o3:304,not-published,outputs/f2/cladder/o3/seed-304/run_summary.json,not-published,not-published,True,two_edit_balanced,0.5324311490978157,0.5324311490978157,T1 is a preregistered re-aggregation of F2 composed-pair measurements; it is not independent evidence.
T1,cladder,prompting,305,F2,f2:cladder:prompting:305,not-published,outputs/f2/cladder/prompting/seed-305/run_summary.json,not-published,not-published,True,two_edit_balanced,0.5109042192375526,0.5109042192375526,T1 is a preregistered re-aggregation of F2 composed-pair measurements; it is not independent evidence.
T1,cladder,o2,305,F2,f2:cladder:o2:305,not-published,outputs/f2/cladder/o2/seed-305/run_summary.json,not-published,not-published,True,two_edit_balanced,0.7596900013566681,0.7596900013566681,T1 is a preregistered re-aggregation of F2 composed-pair measurements; it is not independent evidence.
T1,cladder,o3,305,F2,f2:cladder:o3:305,not-published,outputs/f2/cladder/o3/seed-305/run_summary.json,not-published,not-published,True,two_edit_balanced,0.6683998100664768,0.6683998100664768,T1 is a preregistered re-aggregation of F2 composed-pair measurements; it is not independent evidence.
T1,cladder,prompting,306,F2,f2:cladder:prompting:306,not-published,outputs/f2/cladder/prompting/seed-306/run_summary.json,not-published,not-published,True,two_edit_balanced,0.5037444037444038,0.5037444037444038,T1 is a preregistered re-aggregation of F2 composed-pair measurements; it is not independent evidence.
T1,cladder,o2,306,F2,f2:cladder:o2:306,not-published,outputs/f2/cladder/o2/seed-306/run_summary.json,not-published,not-published,True,two_edit_balanced,0.7581535748202415,0.7581535748202415,T1 is a preregistered re-aggregation of F2 composed-pair measurements; it is not independent evidence.
T1,cladder,o3,306,F2,f2:cladder:o3:306,not-published,outputs/f2/cladder/o3/seed-306/run_summary.json,not-published,not-published,True,two_edit_balanced,0.5568409985076652,0.5568409985076652,T1 is a preregistered re-aggregation of F2 composed-pair measurements; it is not independent evidence.
T1,cladder,prompting,307,F2,f2:cladder:prompting:307,not-published,outputs/f2/cladder/prompting/seed-307/run_summary.json,not-published,not-published,True,two_edit_balanced,0.4890957807624474,0.4890957807624474,T1 is a preregistered re-aggregation of F2 composed-pair measurements; it is not independent evidence.
T1,cladder,o2,307,F2,f2:cladder:o2:307,not-published,outputs/f2/cladder/o2/seed-307/run_summary.json,not-published,not-published,True,two_edit_balanced,0.7424365757699091,0.7424365757699091,T1 is a preregistered re-aggregation of F2 composed-pair measurements; it is not independent evidence.
T1,cladder,o3,307,F2,f2:cladder:o3:307,not-published,outputs/f2/cladder/o3/seed-307/run_summary.json,not-published,not-published,True,two_edit_balanced,0.6575091575091575,0.6575091575091575,T1 is a preregistered re-aggregation of F2 composed-pair measurements; it is not independent evidence.
T1,cladder,prompting,308,F2,f2:cladder:prompting:308,not-published,outputs/f2/cladder/prompting/seed-308/run_summary.json,not-published,not-published,True,two_edit_balanced,0.5109042192375526,0.5109042192375526,T1 is a preregistered re-aggregation of F2 composed-pair measurements; it is not independent evidence.
T1,cladder,o2,308,F2,f2:cladder:o2:308,not-published,outputs/f2/cladder/o2/seed-308/run_summary.json,not-published,not-published,True,two_edit_balanced,0.7473884140550807,0.7473884140550807,T1 is a preregistered re-aggregation of F2 composed-pair measurements; it is not independent evidence.
T1,cladder,o3,308,F2,f2:cladder:o3:308,not-published,outputs/f2/cladder/o3/seed-308/run_summary.json,not-published,not-published,True,two_edit_balanced,0.6604497354497354,0.6604497354497354,T1 is a preregistered re-aggregation of F2 composed-pair measurements; it is not independent evidence.
T1,cladder,prompting,309,F2,f2:cladder:prompting:309,not-published,outputs/f2/cladder/prompting/seed-309/run_summary.json,not-published,not-published,True,two_edit_balanced,0.4879968796635463,0.4879968796635463,T1 is a preregistered re-aggregation of F2 composed-pair measurements; it is not independent evidence.
T1,cladder,o2,309,F2,f2:cladder:o2:309,not-published,outputs/f2/cladder/o2/seed-309/run_summary.json,not-published,not-published,True,two_edit_balanced,0.7494369827703161,0.7494369827703161,T1 is a preregistered re-aggregation of F2 composed-pair measurements; it is not independent evidence.
T1,cladder,o3,309,F2,f2:cladder:o3:309,not-published,outputs/f2/cladder/o3/seed-309/run_summary.json,not-published,not-published,True,two_edit_balanced,0.6497897164563831,0.6497897164563831,T1 is a preregistered re-aggregation of F2 composed-pair measurements; it is not independent evidence.
T1,cladder,prompting,310,F2,f2:cladder:prompting:310,not-published,outputs/f2/cladder/prompting/seed-310/run_summary.json,not-published,not-published,True,two_edit_balanced,0.5177486094152761,0.5177486094152761,T1 is a preregistered re-aggregation of F2 composed-pair measurements; it is not independent evidence.
T1,cladder,o2,310,F2,f2:cladder:o2:310,not-published,outputs/f2/cladder/o2/seed-310/run_summary.json,not-published,not-published,True,two_edit_balanced,0.7668769502102836,0.7668769502102836,T1 is a preregistered re-aggregation of F2 composed-pair measurements; it is not independent evidence.
T1,cladder,o3,310,F2,f2:cladder:o3:310,not-published,outputs/f2/cladder/o3/seed-310/run_summary.json,not-published,not-published,True,two_edit_balanced,0.5070580653913987,0.5070580653913987,T1 is a preregistered re-aggregation of F2 composed-pair measurements; it is not independent evidence.
T1,cladder,prompting,311,F2,f2:cladder:prompting:311,not-published,outputs/f2/cladder/prompting/seed-311/run_summary.json,not-published,not-published,True,two_edit_balanced,0.5031779948446615,0.5031779948446615,T1 is a preregistered re-aggregation of F2 composed-pair measurements; it is not independent evidence.
T1,cladder,o2,311,F2,f2:cladder:o2:311,not-published,outputs/f2/cladder/o2/seed-311/run_summary.json,not-published,not-published,True,two_edit_balanced,0.7586284086284086,0.7586284086284086,T1 is a preregistered re-aggregation of F2 composed-pair measurements; it is not independent evidence.
T1,cladder,o3,311,F2,f2:cladder:o3:311,not-published,outputs/f2/cladder/o3/seed-311/run_summary.json,not-published,not-published,True,two_edit_balanced,0.624023199023199,0.624023199023199,T1 is a preregistered re-aggregation of F2 composed-pair measurements; it is not independent evidence.
T1,cladder,prompting,312,F2,f2:cladder:prompting:312,not-published,outputs/f2/cladder/prompting/seed-312/run_summary.json,not-published,not-published,True,two_edit_balanced,0.496011396011396,0.496011396011396,T1 is a preregistered re-aggregation of F2 composed-pair measurements; it is not independent evidence.
T1,cladder,o2,312,F2,f2:cladder:o2:312,not-published,outputs/f2/cladder/o2/seed-312/run_summary.json,not-published,not-published,True,two_edit_balanced,0.7538732872066205,0.7538732872066205,T1 is a preregistered re-aggregation of F2 composed-pair measurements; it is not independent evidence.
T1,cladder,o3,312,F2,f2:cladder:o3:312,not-published,outputs/f2/cladder/o3/seed-312/run_summary.json,not-published,not-published,True,two_edit_balanced,0.6670329670329671,0.6670329670329671,T1 is a preregistered re-aggregation of F2 composed-pair measurements; it is not independent evidence.
T1,cladder,prompting,313,F2,f2:cladder:prompting:313,not-published,outputs/f2/cladder/prompting/seed-313/run_summary.json,not-published,not-published,True,two_edit_balanced,0.4890957807624474,0.4890957807624474,T1 is a preregistered re-aggregation of F2 composed-pair measurements; it is not independent evidence.
T1,cladder,o2,313,F2,f2:cladder:o2:313,not-published,outputs/f2/cladder/o2/seed-313/run_summary.json,not-published,not-published,True,two_edit_balanced,0.7551553384886718,0.7551553384886718,T1 is a preregistered re-aggregation of F2 composed-pair measurements; it is not independent evidence.
T1,cladder,o3,313,F2,f2:cladder:o3:313,not-published,outputs/f2/cladder/o3/seed-313/run_summary.json,not-published,not-published,True,two_edit_balanced,0.5756783340116673,0.5756783340116673,T1 is a preregistered re-aggregation of F2 composed-pair measurements; it is not independent evidence.
T1,cladder,prompting,314,F2,f2:cladder:prompting:314,not-published,outputs/f2/cladder/prompting/seed-314/run_summary.json,not-published,not-published,True,two_edit_balanced,0.47077397910731245,0.47077397910731245,T1 is a preregistered re-aggregation of F2 composed-pair measurements; it is not independent evidence.
T1,cladder,o2,314,F2,f2:cladder:o2:314,not-published,outputs/f2/cladder/o2/seed-314/run_summary.json,not-published,not-published,True,two_edit_balanced,0.74494301994302,0.74494301994302,T1 is a preregistered re-aggregation of F2 composed-pair measurements; it is not independent evidence.
T1,cladder,o3,314,F2,f2:cladder:o3:314,not-published,outputs/f2/cladder/o3/seed-314/run_summary.json,not-published,not-published,True,two_edit_balanced,0.6597476597476597,0.6597476597476597,T1 is a preregistered re-aggregation of F2 composed-pair measurements; it is not independent evidence.
T1,cladder,prompting,315,F2,f2:cladder:prompting:315,not-published,outputs/f2/cladder/prompting/seed-315/run_summary.json,not-published,not-published,True,two_edit_balanced,0.4890957807624474,0.4890957807624474,T1 is a preregistered re-aggregation of F2 composed-pair measurements; it is not independent evidence.
T1,cladder,o2,315,F2,f2:cladder:o2:315,not-published,outputs/f2/cladder/o2/seed-315/run_summary.json,not-published,not-published,True,two_edit_balanced,0.7687118437118436,0.7687118437118436,T1 is a preregistered re-aggregation of F2 composed-pair measurements; it is not independent evidence.
T1,cladder,o3,315,F2,f2:cladder:o3:315,not-published,outputs/f2/cladder/o3/seed-315/run_summary.json,not-published,not-published,True,two_edit_balanced,0.6895333061999729,0.6895333061999729,T1 is a preregistered re-aggregation of F2 composed-pair measurements; it is not independent evidence.
T1,cladder,prompting,316,F2,f2:cladder:prompting:316,not-published,outputs/f2/cladder/prompting/seed-316/run_summary.json,not-published,not-published,True,two_edit_balanced,0.4890957807624474,0.4890957807624474,T1 is a preregistered re-aggregation of F2 composed-pair measurements; it is not independent evidence.
T1,cladder,o2,316,F2,f2:cladder:o2:316,not-published,outputs/f2/cladder/o2/seed-316/run_summary.json,not-published,not-published,True,two_edit_balanced,0.7686067019400353,0.7686067019400353,T1 is a preregistered re-aggregation of F2 composed-pair measurements; it is not independent evidence.
T1,cladder,o3,316,F2,f2:cladder:o3:316,not-published,outputs/f2/cladder/o3/seed-316/run_summary.json,not-published,not-published,True,two_edit_balanced,0.6248032831366165,0.6248032831366165,T1 is a preregistered re-aggregation of F2 composed-pair measurements; it is not independent evidence.
T1,cladder,prompting,317,F2,f2:cladder:prompting:317,not-published,outputs/f2/cladder/prompting/seed-317/run_summary.json,not-published,not-published,True,two_edit_balanced,0.4924501424501425,0.4924501424501425,T1 is a preregistered re-aggregation of F2 composed-pair measurements; it is not independent evidence.
T1,cladder,o2,317,F2,f2:cladder:o2:317,not-published,outputs/f2/cladder/o2/seed-317/run_summary.json,not-published,not-published,True,two_edit_balanced,0.7433150183150183,0.7433150183150183,T1 is a preregistered re-aggregation of F2 composed-pair measurements; it is not independent evidence.
T1,cladder,o3,317,F2,f2:cladder:o3:317,not-published,outputs/f2/cladder/o3/seed-317/run_summary.json,not-published,not-published,True,two_edit_balanced,0.635938135938136,0.635938135938136,T1 is a preregistered re-aggregation of F2 composed-pair measurements; it is not independent evidence.
T1,cladder,prompting,318,F2,f2:cladder:prompting:318,not-published,outputs/f2/cladder/prompting/seed-318/run_summary.json,not-published,not-published,True,two_edit_balanced,0.5000203500203501,0.5000203500203501,T1 is a preregistered re-aggregation of F2 composed-pair measurements; it is not independent evidence.
T1,cladder,o2,318,F2,f2:cladder:o2:318,not-published,outputs/f2/cladder/o2/seed-318/run_summary.json,not-published,not-published,True,two_edit_balanced,0.7663512413512413,0.7663512413512413,T1 is a preregistered re-aggregation of F2 composed-pair measurements; it is not independent evidence.
T1,cladder,o3,318,F2,f2:cladder:o3:318,not-published,outputs/f2/cladder/o3/seed-318/run_summary.json,not-published,not-published,True,two_edit_balanced,0.6503086419753086,0.6503086419753086,T1 is a preregistered re-aggregation of F2 composed-pair measurements; it is not independent evidence.
T1,cladder,prompting,319,F2,f2:cladder:prompting:319,not-published,outputs/f2/cladder/prompting/seed-319/run_summary.json,not-published,not-published,True,two_edit_balanced,0.4890957807624474,0.4890957807624474,T1 is a preregistered re-aggregation of F2 composed-pair measurements; it is not independent evidence.
T1,cladder,o2,319,F2,f2:cladder:o2:319,not-published,outputs/f2/cladder/o2/seed-319/run_summary.json,not-published,not-published,True,two_edit_balanced,0.7513159679826347,0.7513159679826347,T1 is a preregistered re-aggregation of F2 composed-pair measurements; it is not independent evidence.
T1,cladder,o3,319,F2,f2:cladder:o3:319,not-published,outputs/f2/cladder/o3/seed-319/run_summary.json,not-published,not-published,True,two_edit_balanced,0.676600868267535,0.676600868267535,T1 is a preregistered re-aggregation of F2 composed-pair measurements; it is not independent evidence.
T1,cladder,prompting,320,F2,f2:cladder:prompting:320,not-published,outputs/f2/cladder/prompting/seed-320/run_summary.json,not-published,not-published,True,two_edit_balanced,0.5200786867453534,0.5200786867453534,T1 is a preregistered re-aggregation of F2 composed-pair measurements; it is not independent evidence.
T1,cladder,o2,320,F2,f2:cladder:o2:320,not-published,outputs/f2/cladder/o2/seed-320/run_summary.json,not-published,not-published,True,two_edit_balanced,0.7621150454483787,0.7621150454483787,T1 is a preregistered re-aggregation of F2 composed-pair measurements; it is not independent evidence.
T1,cladder,o3,320,F2,f2:cladder:o3:320,not-published,outputs/f2/cladder/o3/seed-320/run_summary.json,not-published,not-published,True,two_edit_balanced,0.632414190747524,0.632414190747524,T1 is a preregistered re-aggregation of F2 composed-pair measurements; it is not independent evidence.
T1,wiqa,prompting,301,F2,f2:wiqa:prompting:301,not-published,outputs/f2/wiqa/prompting/seed-301/run_summary.json,not-published,not-published,True,two_edit_balanced,0.5893314366998577,0.5893314366998577,T1 is a preregistered re-aggregation of F2 composed-pair measurements; it is not independent evidence.
T1,wiqa,o2,301,F2,f2:wiqa:o2:301,not-published,outputs/f2/wiqa/o2/seed-301/run_summary.json,not-published,not-published,True,two_edit_balanced,0.6743243243243243,0.6743243243243243,T1 is a preregistered re-aggregation of F2 composed-pair measurements; it is not independent evidence.
T1,wiqa,o3,301,F2,f2:wiqa:o3:301,not-published,outputs/f2/wiqa/o3/seed-301/run_summary.json,not-published,not-published,True,two_edit_balanced,0.6243243243243244,0.6243243243243244,T1 is a preregistered re-aggregation of F2 composed-pair measurements; it is not independent evidence.
T1,wiqa,prompting,302,F2,f2:wiqa:prompting:302,not-published,outputs/f2/wiqa/prompting/seed-302/run_summary.json,not-published,not-published,True,two_edit_balanced,0.5754623044096728,0.5754623044096728,T1 is a preregistered re-aggregation of F2 composed-pair measurements; it is not independent evidence.
T1,wiqa,o2,302,F2,f2:wiqa:o2:302,not-published,outputs/f2/wiqa/o2/seed-302/run_summary.json,not-published,not-published,True,two_edit_balanced,0.7094594594594594,0.7094594594594594,T1 is a preregistered re-aggregation of F2 composed-pair measurements; it is not independent evidence.
T1,wiqa,o3,302,F2,f2:wiqa:o3:302,not-published,outputs/f2/wiqa/o3/seed-302/run_summary.json,not-published,not-published,True,two_edit_balanced,0.6482930298719772,0.6482930298719772,T1 is a preregistered re-aggregation of F2 composed-pair measurements; it is not independent evidence.
T1,wiqa,prompting,303,F2,f2:wiqa:prompting:303,not-published,outputs/f2/wiqa/prompting/seed-303/run_summary.json,not-published,not-published,True,two_edit_balanced,0.48997155049786634,0.48997155049786634,T1 is a preregistered re-aggregation of F2 composed-pair measurements; it is not independent evidence.
T1,wiqa,o2,303,F2,f2:wiqa:o2:303,not-published,outputs/f2/wiqa/o2/seed-303/run_summary.json,not-published,not-published,True,two_edit_balanced,0.6337837837837837,0.6337837837837837,T1 is a preregistered re-aggregation of F2 composed-pair measurements; it is not independent evidence.
T1,wiqa,o3,303,F2,f2:wiqa:o3:303,not-published,outputs/f2/wiqa/o3/seed-303/run_summary.json,not-published,not-published,True,two_edit_balanced,0.6082503556187766,0.6082503556187766,T1 is a preregistered re-aggregation of F2 composed-pair measurements; it is not independent evidence.
T1,wiqa,prompting,304,F2,f2:wiqa:prompting:304,not-published,outputs/f2/wiqa/prompting/seed-304/run_summary.json,not-published,not-published,True,two_edit_balanced,0.6379089615931721,0.6379089615931721,T1 is a preregistered re-aggregation of F2 composed-pair measurements; it is not independent evidence.
T1,wiqa,o2,304,F2,f2:wiqa:o2:304,not-published,outputs/f2/wiqa/o2/seed-304/run_summary.json,not-published,not-published,True,two_edit_balanced,0.6567567567567567,0.6567567567567567,T1 is a preregistered re-aggregation of F2 composed-pair measurements; it is not independent evidence.
T1,wiqa,o3,304,F2,f2:wiqa:o3:304,not-published,outputs/f2/wiqa/o3/seed-304/run_summary.json,not-published,not-published,True,two_edit_balanced,0.6150782361308677,0.6150782361308677,T1 is a preregistered re-aggregation of F2 composed-pair measurements; it is not independent evidence.
T1,wiqa,prompting,305,F2,f2:wiqa:prompting:305,not-published,outputs/f2/wiqa/prompting/seed-305/run_summary.json,not-published,not-published,True,two_edit_balanced,0.6259601706970128,0.6259601706970128,T1 is a preregistered re-aggregation of F2 composed-pair measurements; it is not independent evidence.
T1,wiqa,o2,305,F2,f2:wiqa:o2:305,not-published,outputs/f2/wiqa/o2/seed-305/run_summary.json,not-published,not-published,True,two_edit_balanced,0.677027027027027,0.677027027027027,T1 is a preregistered re-aggregation of F2 composed-pair measurements; it is not independent evidence.
T1,wiqa,o3,305,F2,f2:wiqa:o3:305,not-published,outputs/f2/wiqa/o3/seed-305/run_summary.json,not-published,not-published,True,two_edit_balanced,0.5675675675675675,0.5675675675675675,T1 is a preregistered re-aggregation of F2 composed-pair measurements; it is not independent evidence.
T1,wiqa,prompting,306,F2,f2:wiqa:prompting:306,not-published,outputs/f2/wiqa/prompting/seed-306/run_summary.json,not-published,not-published,True,two_edit_balanced,0.2594594594594595,0.2594594594594595,T1 is a preregistered re-aggregation of F2 composed-pair measurements; it is not independent evidence.
T1,wiqa,o2,306,F2,f2:wiqa:o2:306,not-published,outputs/f2/wiqa/o2/seed-306/run_summary.json,not-published,not-published,True,two_edit_balanced,0.6486486486486487,0.6486486486486487,T1 is a preregistered re-aggregation of F2 composed-pair measurements; it is not independent evidence.
T1,wiqa,o3,306,F2,f2:wiqa:o3:306,not-published,outputs/f2/wiqa/o3/seed-306/run_summary.json,not-published,not-published,True,two_edit_balanced,0.6422475106685633,0.6422475106685633,T1 is a preregistered re-aggregation of F2 composed-pair measurements; it is not independent evidence.
T1,wiqa,prompting,307,F2,f2:wiqa:prompting:307,not-published,outputs/f2/wiqa/prompting/seed-307/run_summary.json,not-published,not-published,True,two_edit_balanced,0.34160739687055475,0.34160739687055475,T1 is a preregistered re-aggregation of F2 composed-pair measurements; it is not independent evidence.
T1,wiqa,o2,307,F2,f2:wiqa:o2:307,not-published,outputs/f2/wiqa/o2/seed-307/run_summary.json,not-published,not-published,True,two_edit_balanced,0.7148648648648649,0.7148648648648649,T1 is a preregistered re-aggregation of F2 composed-pair measurements; it is not independent evidence.
T1,wiqa,o3,307,F2,f2:wiqa:o3:307,not-published,outputs/f2/wiqa/o3/seed-307/run_summary.json,not-published,not-published,True,two_edit_balanced,0.5730440967283073,0.5730440967283073,T1 is a preregistered re-aggregation of F2 composed-pair measurements; it is not independent evidence.
T1,wiqa,prompting,308,F2,f2:wiqa:prompting:308,not-published,outputs/f2/wiqa/prompting/seed-308/run_summary.json,not-published,not-published,True,two_edit_balanced,0.5193456614509246,0.5193456614509246,T1 is a preregistered re-aggregation of F2 composed-pair measurements; it is not independent evidence.
T1,wiqa,o2,308,F2,f2:wiqa:o2:308,not-published,outputs/f2/wiqa/o2/seed-308/run_summary.json,not-published,not-published,True,two_edit_balanced,0.6959459459459459,0.6959459459459459,T1 is a preregistered re-aggregation of F2 composed-pair measurements; it is not independent evidence.
T1,wiqa,o3,308,F2,f2:wiqa:o3:308,not-published,outputs/f2/wiqa/o3/seed-308/run_summary.json,not-published,not-published,True,two_edit_balanced,0.6230440967283073,0.6230440967283073,T1 is a preregistered re-aggregation of F2 composed-pair measurements; it is not independent evidence.
T1,wiqa,prompting,309,F2,f2:wiqa:prompting:309,not-published,outputs/f2/wiqa/prompting/seed-309/run_summary.json,not-published,not-published,True,two_edit_balanced,0.5226173541963016,0.5226173541963016,T1 is a preregistered re-aggregation of F2 composed-pair measurements; it is not independent evidence.
T1,wiqa,o2,309,F2,f2:wiqa:o2:309,not-published,outputs/f2/wiqa/o2/seed-309/run_summary.json,not-published,not-published,True,two_edit_balanced,0.6351351351351351,0.6351351351351351,T1 is a preregistered re-aggregation of F2 composed-pair measurements; it is not independent evidence.
T1,wiqa,o3,309,F2,f2:wiqa:o3:309,not-published,outputs/f2/wiqa/o3/seed-309/run_summary.json,not-published,not-published,True,two_edit_balanced,0.6531294452347084,0.6531294452347084,T1 is a preregistered re-aggregation of F2 composed-pair measurements; it is not independent evidence.
T1,wiqa,prompting,310,F2,f2:wiqa:prompting:310,not-published,outputs/f2/wiqa/prompting/seed-310/run_summary.json,not-published,not-published,True,two_edit_balanced,0.26714082503556186,0.26714082503556186,T1 is a preregistered re-aggregation of F2 composed-pair measurements; it is not independent evidence.
T1,wiqa,o2,310,F2,f2:wiqa:o2:310,not-published,outputs/f2/wiqa/o2/seed-310/run_summary.json,not-published,not-published,True,two_edit_balanced,0.672972972972973,0.672972972972973,T1 is a preregistered re-aggregation of F2 composed-pair measurements; it is not independent evidence.
T1,wiqa,o3,310,F2,f2:wiqa:o3:310,not-published,outputs/f2/wiqa/o3/seed-310/run_summary.json,not-published,not-published,True,two_edit_balanced,0.6588193456614508,0.6588193456614508,T1 is a preregistered re-aggregation of F2 composed-pair measurements; it is not independent evidence.
T1,wiqa,prompting,311,F2,f2:wiqa:prompting:311,not-published,outputs/f2/wiqa/prompting/seed-311/run_summary.json,not-published,not-published,True,two_edit_balanced,0.4834281650071124,0.4834281650071124,T1 is a preregistered re-aggregation of F2 composed-pair measurements; it is not independent evidence.
T1,wiqa,o2,311,F2,f2:wiqa:o2:311,not-published,outputs/f2/wiqa/o2/seed-311/run_summary.json,not-published,not-published,True,two_edit_balanced,0.6527027027027027,0.6527027027027027,T1 is a preregistered re-aggregation of F2 composed-pair measurements; it is not independent evidence.
T1,wiqa,o3,311,F2,f2:wiqa:o3:311,not-published,outputs/f2/wiqa/o3/seed-311/run_summary.json,not-published,not-published,True,two_edit_balanced,0.6178520625889047,0.6178520625889047,T1 is a preregistered re-aggregation of F2 composed-pair measurements; it is not independent evidence.
T1,wiqa,prompting,312,F2,f2:wiqa:prompting:312,not-published,outputs/f2/wiqa/prompting/seed-312/run_summary.json,not-published,not-published,True,two_edit_balanced,0.5554765291607398,0.5554765291607398,T1 is a preregistered re-aggregation of F2 composed-pair measurements; it is not independent evidence.
T1,wiqa,o2,312,F2,f2:wiqa:o2:312,not-published,outputs/f2/wiqa/o2/seed-312/run_summary.json,not-published,not-published,True,two_edit_balanced,0.6013513513513513,0.6013513513513513,T1 is a preregistered re-aggregation of F2 composed-pair measurements; it is not independent evidence.
T1,wiqa,o3,312,F2,f2:wiqa:o3:312,not-published,outputs/f2/wiqa/o3/seed-312/run_summary.json,not-published,not-published,True,two_edit_balanced,0.6297297297297297,0.6297297297297297,T1 is a preregistered re-aggregation of F2 composed-pair measurements; it is not independent evidence.
T1,wiqa,prompting,313,F2,f2:wiqa:prompting:313,not-published,outputs/f2/wiqa/prompting/seed-313/run_summary.json,not-published,not-published,True,two_edit_balanced,0.462873399715505,0.462873399715505,T1 is a preregistered re-aggregation of F2 composed-pair measurements; it is not independent evidence.
T1,wiqa,o2,313,F2,f2:wiqa:o2:313,not-published,outputs/f2/wiqa/o2/seed-313/run_summary.json,not-published,not-published,True,two_edit_balanced,0.6364864864864865,0.6364864864864865,T1 is a preregistered re-aggregation of F2 composed-pair measurements; it is not independent evidence.
T1,wiqa,o3,313,F2,f2:wiqa:o3:313,not-published,outputs/f2/wiqa/o3/seed-313/run_summary.json,not-published,not-published,True,two_edit_balanced,0.6034139402560454,0.6034139402560454,T1 is a preregistered re-aggregation of F2 composed-pair measurements; it is not independent evidence.
T1,wiqa,prompting,314,F2,f2:wiqa:prompting:314,not-published,outputs/f2/wiqa/prompting/seed-314/run_summary.json,not-published,not-published,True,two_edit_balanced,0.5120910384068279,0.5120910384068279,T1 is a preregistered re-aggregation of F2 composed-pair measurements; it is not independent evidence.
T1,wiqa,o2,314,F2,f2:wiqa:o2:314,not-published,outputs/f2/wiqa/o2/seed-314/run_summary.json,not-published,not-published,True,two_edit_balanced,0.6675675675675676,0.6675675675675676,T1 is a preregistered re-aggregation of F2 composed-pair measurements; it is not independent evidence.
T1,wiqa,o3,314,F2,f2:wiqa:o3:314,not-published,outputs/f2/wiqa/o3/seed-314/run_summary.json,not-published,not-published,True,two_edit_balanced,0.6178520625889047,0.6178520625889047,T1 is a preregistered re-aggregation of F2 composed-pair measurements; it is not independent evidence.
T1,wiqa,prompting,315,F2,f2:wiqa:prompting:315,not-published,outputs/f2/wiqa/prompting/seed-315/run_summary.json,not-published,not-published,True,two_edit_balanced,0.24011379800853486,0.24011379800853486,T1 is a preregistered re-aggregation of F2 composed-pair measurements; it is not independent evidence.
T1,wiqa,o2,315,F2,f2:wiqa:o2:315,not-published,outputs/f2/wiqa/o2/seed-315/run_summary.json,not-published,not-published,True,two_edit_balanced,0.6608108108108108,0.6608108108108108,T1 is a preregistered re-aggregation of F2 composed-pair measurements; it is not independent evidence.
T1,wiqa,o3,315,F2,f2:wiqa:o3:315,not-published,outputs/f2/wiqa/o3/seed-315/run_summary.json,not-published,not-published,True,two_edit_balanced,0.5785917496443812,0.5785917496443812,T1 is a preregistered re-aggregation of F2 composed-pair measurements; it is not independent evidence.
T1,wiqa,prompting,316,F2,f2:wiqa:prompting:316,not-published,outputs/f2/wiqa/prompting/seed-316/run_summary.json,not-published,not-published,True,two_edit_balanced,0.515647226173542,0.515647226173542,T1 is a preregistered re-aggregation of F2 composed-pair measurements; it is not independent evidence.
T1,wiqa,o2,316,F2,f2:wiqa:o2:316,not-published,outputs/f2/wiqa/o2/seed-316/run_summary.json,not-published,not-published,True,two_edit_balanced,0.6405405405405405,0.6405405405405405,T1 is a preregistered re-aggregation of F2 composed-pair measurements; it is not independent evidence.
T1,wiqa,o3,316,F2,f2:wiqa:o3:316,not-published,outputs/f2/wiqa/o3/seed-316/run_summary.json,not-published,not-published,True,two_edit_balanced,0.6423897581792318,0.6423897581792318,T1 is a preregistered re-aggregation of F2 composed-pair measurements; it is not independent evidence.
T1,wiqa,prompting,317,F2,f2:wiqa:prompting:317,not-published,outputs/f2/wiqa/prompting/seed-317/run_summary.json,not-published,not-published,True,two_edit_balanced,0.5829302987197724,0.5829302987197724,T1 is a preregistered re-aggregation of F2 composed-pair measurements; it is not independent evidence.
T1,wiqa,o2,317,F2,f2:wiqa:o2:317,not-published,outputs/f2/wiqa/o2/seed-317/run_summary.json,not-published,not-published,True,two_edit_balanced,0.7135135135135136,0.7135135135135136,T1 is a preregistered re-aggregation of F2 composed-pair measurements; it is not independent evidence.
T1,wiqa,o3,317,F2,f2:wiqa:o3:317,not-published,outputs/f2/wiqa/o3/seed-317/run_summary.json,not-published,not-published,True,two_edit_balanced,0.6894736842105263,0.6894736842105263,T1 is a preregistered re-aggregation of F2 composed-pair measurements; it is not independent evidence.
T1,wiqa,prompting,318,F2,f2:wiqa:prompting:318,not-published,outputs/f2/wiqa/prompting/seed-318/run_summary.json,not-published,not-published,True,two_edit_balanced,0.46408250355618774,0.46408250355618774,T1 is a preregistered re-aggregation of F2 composed-pair measurements; it is not independent evidence.
T1,wiqa,o2,318,F2,f2:wiqa:o2:318,not-published,outputs/f2/wiqa/o2/seed-318/run_summary.json,not-published,not-published,True,two_edit_balanced,0.645945945945946,0.645945945945946,T1 is a preregistered re-aggregation of F2 composed-pair measurements; it is not independent evidence.
T1,wiqa,o3,318,F2,f2:wiqa:o3:318,not-published,outputs/f2/wiqa/o3/seed-318/run_summary.json,not-published,not-published,True,two_edit_balanced,0.6110241820768136,0.6110241820768136,T1 is a preregistered re-aggregation of F2 composed-pair measurements; it is not independent evidence.
T1,wiqa,prompting,319,F2,f2:wiqa:prompting:319,not-published,outputs/f2/wiqa/prompting/seed-319/run_summary.json,not-published,not-published,True,two_edit_balanced,0.5967994310099574,0.5967994310099574,T1 is a preregistered re-aggregation of F2 composed-pair measurements; it is not independent evidence.
T1,wiqa,o2,319,F2,f2:wiqa:o2:319,not-published,outputs/f2/wiqa/o2/seed-319/run_summary.json,not-published,not-published,True,two_edit_balanced,0.645945945945946,0.645945945945946,T1 is a preregistered re-aggregation of F2 composed-pair measurements; it is not independent evidence.
T1,wiqa,o3,319,F2,f2:wiqa:o3:319,not-published,outputs/f2/wiqa/o3/seed-319/run_summary.json,not-published,not-published,True,two_edit_balanced,0.6192745376955904,0.6192745376955904,T1 is a preregistered re-aggregation of F2 composed-pair measurements; it is not independent evidence.
T1,wiqa,prompting,320,F2,f2:wiqa:prompting:320,not-published,outputs/f2/wiqa/prompting/seed-320/run_summary.json,not-published,not-published,True,two_edit_balanced,0.542176386913229,0.542176386913229,T1 is a preregistered re-aggregation of F2 composed-pair measurements; it is not independent evidence.
T1,wiqa,o2,320,F2,f2:wiqa:o2:320,not-published,outputs/f2/wiqa/o2/seed-320/run_summary.json,not-published,not-published,True,two_edit_balanced,0.7040540540540541,0.7040540540540541,T1 is a preregistered re-aggregation of F2 composed-pair measurements; it is not independent evidence.
T1,wiqa,o3,320,F2,f2:wiqa:o3:320,not-published,outputs/f2/wiqa/o3/seed-320/run_summary.json,not-published,not-published,True,two_edit_balanced,0.6541251778093884,0.6541251778093884,T1 is a preregistered re-aggregation of F2 composed-pair measurements; it is not independent evidence.
T1,com2,prompting,301,F2,f2:com2:prompting:301,not-published,outputs/f2-fixed/com2/prompting/seed-301/run_summary.json,not-published,not-published,True,two_edit_balanced,0.0035335689045936395,0.0035335689045936395,T1 is a preregistered re-aggregation of F2 composed-pair measurements; it is not independent evidence.
T1,com2,o2,301,F2,f2:com2:o2:301,not-published,outputs/f2-fixed/com2/o2/seed-301/run_summary.json,not-published,not-published,True,two_edit_balanced,0.0,0.0,T1 is a preregistered re-aggregation of F2 composed-pair measurements; it is not independent evidence.
T1,com2,o3,301,F2,f2:com2:o3:301,not-published,outputs/f2-fixed/com2/o3/seed-301/run_summary.json,not-published,not-published,True,two_edit_balanced,0.0,0.0,T1 is a preregistered re-aggregation of F2 composed-pair measurements; it is not independent evidence.
T1,com2,prompting,302,F2,f2:com2:prompting:302,not-published,outputs/f2-fixed/com2/prompting/seed-302/run_summary.json,not-published,not-published,True,two_edit_balanced,0.0,0.0,T1 is a preregistered re-aggregation of F2 composed-pair measurements; it is not independent evidence.
T1,com2,o2,302,F2,f2:com2:o2:302,not-published,outputs/f2-fixed/com2/o2/seed-302/run_summary.json,not-published,not-published,True,two_edit_balanced,0.0,0.0,T1 is a preregistered re-aggregation of F2 composed-pair measurements; it is not independent evidence.
T1,com2,o3,302,F2,f2:com2:o3:302,not-published,outputs/f2-fixed/com2/o3/seed-302/run_summary.json,not-published,not-published,True,two_edit_balanced,0.0,0.0,T1 is a preregistered re-aggregation of F2 composed-pair measurements; it is not independent evidence.
T1,com2,prompting,303,F2,f2:com2:prompting:303,not-published,outputs/f2-fixed/com2/prompting/seed-303/run_summary.json,not-published,not-published,True,two_edit_balanced,0.0035335689045936395,0.0035335689045936395,T1 is a preregistered re-aggregation of F2 composed-pair measurements; it is not independent evidence.
T1,com2,o2,303,F2,f2:com2:o2:303,not-published,outputs/f2-fixed/com2/o2/seed-303/run_summary.json,not-published,not-published,True,two_edit_balanced,0.0,0.0,T1 is a preregistered re-aggregation of F2 composed-pair measurements; it is not independent evidence.
T1,com2,o3,303,F2,f2:com2:o3:303,not-published,outputs/f2-fixed/com2/o3/seed-303/run_summary.json,not-published,not-published,True,two_edit_balanced,0.0017667844522968198,0.0017667844522968198,T1 is a preregistered re-aggregation of F2 composed-pair measurements; it is not independent evidence.
T1,com2,prompting,304,F2,f2:com2:prompting:304,not-published,outputs/f2-fixed/com2/prompting/seed-304/run_summary.json,not-published,not-published,True,two_edit_balanced,0.0,0.0,T1 is a preregistered re-aggregation of F2 composed-pair measurements; it is not independent evidence.
T1,com2,o2,304,F2,f2:com2:o2:304,not-published,outputs/f2-fixed/com2/o2/seed-304/run_summary.json,not-published,not-published,True,two_edit_balanced,0.0,0.0,T1 is a preregistered re-aggregation of F2 composed-pair measurements; it is not independent evidence.
T1,com2,o3,304,F2,f2:com2:o3:304,not-published,outputs/f2-fixed/com2/o3/seed-304/run_summary.json,not-published,not-published,True,two_edit_balanced,0.0,0.0,T1 is a preregistered re-aggregation of F2 composed-pair measurements; it is not independent evidence.
T1,com2,prompting,305,F2,f2:com2:prompting:305,not-published,outputs/f2-fixed/com2/prompting/seed-305/run_summary.json,not-published,not-published,True,two_edit_balanced,0.0,0.0,T1 is a preregistered re-aggregation of F2 composed-pair measurements; it is not independent evidence.
T1,com2,o2,305,F2,f2:com2:o2:305,not-published,outputs/f2-fixed/com2/o2/seed-305/run_summary.json,not-published,not-published,True,two_edit_balanced,0.0,0.0,T1 is a preregistered re-aggregation of F2 composed-pair measurements; it is not independent evidence.
T1,com2,o3,305,F2,f2:com2:o3:305,not-published,outputs/f2-fixed/com2/o3/seed-305/run_summary.json,not-published,not-published,True,two_edit_balanced,0.0,0.0,T1 is a preregistered re-aggregation of F2 composed-pair measurements; it is not independent evidence.
T1,com2,prompting,306,F2,f2:com2:prompting:306,not-published,outputs/f2-fixed/com2/prompting/seed-306/run_summary.json,not-published,not-published,True,two_edit_balanced,0.0017667844522968198,0.0017667844522968198,T1 is a preregistered re-aggregation of F2 composed-pair measurements; it is not independent evidence.
T1,com2,o2,306,F2,f2:com2:o2:306,not-published,outputs/f2-fixed/com2/o2/seed-306/run_summary.json,not-published,not-published,True,two_edit_balanced,0.0,0.0,T1 is a preregistered re-aggregation of F2 composed-pair measurements; it is not independent evidence.
T1,com2,o3,306,F2,f2:com2:o3:306,not-published,outputs/f2-fixed/com2/o3/seed-306/run_summary.json,not-published,not-published,True,two_edit_balanced,0.0,0.0,T1 is a preregistered re-aggregation of F2 composed-pair measurements; it is not independent evidence.
T1,com2,prompting,307,F2,f2:com2:prompting:307,not-published,outputs/f2-fixed/com2/prompting/seed-307/run_summary.json,not-published,not-published,True,two_edit_balanced,0.0,0.0,T1 is a preregistered re-aggregation of F2 composed-pair measurements; it is not independent evidence.
T1,com2,o2,307,F2,f2:com2:o2:307,not-published,outputs/f2-fixed/com2/o2/seed-307/run_summary.json,not-published,not-published,True,two_edit_balanced,0.0,0.0,T1 is a preregistered re-aggregation of F2 composed-pair measurements; it is not independent evidence.
T1,com2,o3,307,F2,f2:com2:o3:307,not-published,outputs/f2-fixed/com2/o3/seed-307/run_summary.json,not-published,not-published,True,two_edit_balanced,0.0,0.0,T1 is a preregistered re-aggregation of F2 composed-pair measurements; it is not independent evidence.
T1,com2,prompting,308,F2,f2:com2:prompting:308,not-published,outputs/f2-fixed/com2/prompting/seed-308/run_summary.json,not-published,not-published,True,two_edit_balanced,0.0017667844522968198,0.0017667844522968198,T1 is a preregistered re-aggregation of F2 composed-pair measurements; it is not independent evidence.
T1,com2,o2,308,F2,f2:com2:o2:308,not-published,outputs/f2-fixed/com2/o2/seed-308/run_summary.json,not-published,not-published,True,two_edit_balanced,0.0,0.0,T1 is a preregistered re-aggregation of F2 composed-pair measurements; it is not independent evidence.
T1,com2,o3,308,F2,f2:com2:o3:308,not-published,outputs/f2-fixed/com2/o3/seed-308/run_summary.json,not-published,not-published,True,two_edit_balanced,0.0,0.0,T1 is a preregistered re-aggregation of F2 composed-pair measurements; it is not independent evidence.
T1,com2,prompting,309,F2,f2:com2:prompting:309,not-published,outputs/f2-fixed/com2/prompting/seed-309/run_summary.json,not-published,not-published,True,two_edit_balanced,0.0017667844522968198,0.0017667844522968198,T1 is a preregistered re-aggregation of F2 composed-pair measurements; it is not independent evidence.
T1,com2,o2,309,F2,f2:com2:o2:309,not-published,outputs/f2-fixed/com2/o2/seed-309/run_summary.json,not-published,not-published,True,two_edit_balanced,0.0,0.0,T1 is a preregistered re-aggregation of F2 composed-pair measurements; it is not independent evidence.
T1,com2,o3,309,F2,f2:com2:o3:309,not-published,outputs/f2-fixed/com2/o3/seed-309/run_summary.json,not-published,not-published,True,two_edit_balanced,0.0,0.0,T1 is a preregistered re-aggregation of F2 composed-pair measurements; it is not independent evidence.
T1,com2,prompting,310,F2,f2:com2:prompting:310,not-published,outputs/f2-fixed/com2/prompting/seed-310/run_summary.json,not-published,not-published,True,two_edit_balanced,0.0017667844522968198,0.0017667844522968198,T1 is a preregistered re-aggregation of F2 composed-pair measurements; it is not independent evidence.
T1,com2,o2,310,F2,f2:com2:o2:310,not-published,outputs/f2-fixed/com2/o2/seed-310/run_summary.json,not-published,not-published,True,two_edit_balanced,0.0,0.0,T1 is a preregistered re-aggregation of F2 composed-pair measurements; it is not independent evidence.
T1,com2,o3,310,F2,f2:com2:o3:310,not-published,outputs/f2-fixed/com2/o3/seed-310/run_summary.json,not-published,not-published,True,two_edit_balanced,0.0,0.0,T1 is a preregistered re-aggregation of F2 composed-pair measurements; it is not independent evidence.
T1,com2,prompting,311,F2,f2:com2:prompting:311,not-published,outputs/f2-fixed/com2/prompting/seed-311/run_summary.json,not-published,not-published,True,two_edit_balanced,0.00530035335689046,0.00530035335689046,T1 is a preregistered re-aggregation of F2 composed-pair measurements; it is not independent evidence.
T1,com2,o2,311,F2,f2:com2:o2:311,not-published,outputs/f2-fixed/com2/o2/seed-311/run_summary.json,not-published,not-published,True,two_edit_balanced,0.0,0.0,T1 is a preregistered re-aggregation of F2 composed-pair measurements; it is not independent evidence.
T1,com2,o3,311,F2,f2:com2:o3:311,not-published,outputs/f2-fixed/com2/o3/seed-311/run_summary.json,not-published,not-published,True,two_edit_balanced,0.0,0.0,T1 is a preregistered re-aggregation of F2 composed-pair measurements; it is not independent evidence.
T1,com2,prompting,312,F2,f2:com2:prompting:312,not-published,outputs/f2-fixed/com2/prompting/seed-312/run_summary.json,not-published,not-published,True,two_edit_balanced,0.0035335689045936395,0.0035335689045936395,T1 is a preregistered re-aggregation of F2 composed-pair measurements; it is not independent evidence.
T1,com2,o2,312,F2,f2:com2:o2:312,not-published,outputs/f2-fixed/com2/o2/seed-312/run_summary.json,not-published,not-published,True,two_edit_balanced,0.0,0.0,T1 is a preregistered re-aggregation of F2 composed-pair measurements; it is not independent evidence.
T1,com2,o3,312,F2,f2:com2:o3:312,not-published,outputs/f2-fixed/com2/o3/seed-312/run_summary.json,not-published,not-published,True,two_edit_balanced,0.0,0.0,T1 is a preregistered re-aggregation of F2 composed-pair measurements; it is not independent evidence.
T1,com2,prompting,313,F2,f2:com2:prompting:313,not-published,outputs/f2-fixed/com2/prompting/seed-313/run_summary.json,not-published,not-published,True,two_edit_balanced,0.0,0.0,T1 is a preregistered re-aggregation of F2 composed-pair measurements; it is not independent evidence.
T1,com2,o2,313,F2,f2:com2:o2:313,not-published,outputs/f2-fixed/com2/o2/seed-313/run_summary.json,not-published,not-published,True,two_edit_balanced,0.0,0.0,T1 is a preregistered re-aggregation of F2 composed-pair measurements; it is not independent evidence.
T1,com2,o3,313,F2,f2:com2:o3:313,not-published,outputs/f2-fixed/com2/o3/seed-313/run_summary.json,not-published,not-published,True,two_edit_balanced,0.0,0.0,T1 is a preregistered re-aggregation of F2 composed-pair measurements; it is not independent evidence.
T1,com2,prompting,314,F2,f2:com2:prompting:314,not-published,outputs/f2-fixed/com2/prompting/seed-314/run_summary.json,not-published,not-published,True,two_edit_balanced,0.0,0.0,T1 is a preregistered re-aggregation of F2 composed-pair measurements; it is not independent evidence.
T1,com2,o2,314,F2,f2:com2:o2:314,not-published,outputs/f2-fixed/com2/o2/seed-314/run_summary.json,not-published,not-published,True,two_edit_balanced,0.0,0.0,T1 is a preregistered re-aggregation of F2 composed-pair measurements; it is not independent evidence.
T1,com2,o3,314,F2,f2:com2:o3:314,not-published,outputs/f2-fixed/com2/o3/seed-314/run_summary.json,not-published,not-published,True,two_edit_balanced,0.0,0.0,T1 is a preregistered re-aggregation of F2 composed-pair measurements; it is not independent evidence.
T1,com2,prompting,315,F2,f2:com2:prompting:315,not-published,outputs/f2-fixed/com2/prompting/seed-315/run_summary.json,not-published,not-published,True,two_edit_balanced,0.0017667844522968198,0.0017667844522968198,T1 is a preregistered re-aggregation of F2 composed-pair measurements; it is not independent evidence.
T1,com2,o2,315,F2,f2:com2:o2:315,not-published,outputs/f2-fixed/com2/o2/seed-315/run_summary.json,not-published,not-published,True,two_edit_balanced,0.0,0.0,T1 is a preregistered re-aggregation of F2 composed-pair measurements; it is not independent evidence.
T1,com2,o3,315,F2,f2:com2:o3:315,not-published,outputs/f2-fixed/com2/o3/seed-315/run_summary.json,not-published,not-published,True,two_edit_balanced,0.0,0.0,T1 is a preregistered re-aggregation of F2 composed-pair measurements; it is not independent evidence.
T1,com2,prompting,316,F2,f2:com2:prompting:316,not-published,outputs/f2-fixed/com2/prompting/seed-316/run_summary.json,not-published,not-published,True,two_edit_balanced,0.0017667844522968198,0.0017667844522968198,T1 is a preregistered re-aggregation of F2 composed-pair measurements; it is not independent evidence.
T1,com2,o2,316,F2,f2:com2:o2:316,not-published,outputs/f2-fixed/com2/o2/seed-316/run_summary.json,not-published,not-published,True,two_edit_balanced,0.0,0.0,T1 is a preregistered re-aggregation of F2 composed-pair measurements; it is not independent evidence.
T1,com2,o3,316,F2,f2:com2:o3:316,not-published,outputs/f2-fixed/com2/o3/seed-316/run_summary.json,not-published,not-published,True,two_edit_balanced,0.0,0.0,T1 is a preregistered re-aggregation of F2 composed-pair measurements; it is not independent evidence.
T1,com2,prompting,317,F2,f2:com2:prompting:317,not-published,outputs/f2-fixed/com2/prompting/seed-317/run_summary.json,not-published,not-published,True,two_edit_balanced,0.0035335689045936395,0.0035335689045936395,T1 is a preregistered re-aggregation of F2 composed-pair measurements; it is not independent evidence.
T1,com2,o2,317,F2,f2:com2:o2:317,not-published,outputs/f2-fixed/com2/o2/seed-317/run_summary.json,not-published,not-published,True,two_edit_balanced,0.0,0.0,T1 is a preregistered re-aggregation of F2 composed-pair measurements; it is not independent evidence.
T1,com2,o3,317,F2,f2:com2:o3:317,not-published,outputs/f2-fixed/com2/o3/seed-317/run_summary.json,not-published,not-published,True,two_edit_balanced,0.0,0.0,T1 is a preregistered re-aggregation of F2 composed-pair measurements; it is not independent evidence.
T1,com2,prompting,318,F2,f2:com2:prompting:318,not-published,outputs/f2-fixed/com2/prompting/seed-318/run_summary.json,not-published,not-published,True,two_edit_balanced,0.0035335689045936395,0.0035335689045936395,T1 is a preregistered re-aggregation of F2 composed-pair measurements; it is not independent evidence.
T1,com2,o2,318,F2,f2:com2:o2:318,not-published,outputs/f2-fixed/com2/o2/seed-318/run_summary.json,not-published,not-published,True,two_edit_balanced,0.0,0.0,T1 is a preregistered re-aggregation of F2 composed-pair measurements; it is not independent evidence.
T1,com2,o3,318,F2,f2:com2:o3:318,not-published,outputs/f2-fixed/com2/o3/seed-318/run_summary.json,not-published,not-published,True,two_edit_balanced,0.0,0.0,T1 is a preregistered re-aggregation of F2 composed-pair measurements; it is not independent evidence.
T1,com2,prompting,319,F2,f2:com2:prompting:319,not-published,outputs/f2-fixed/com2/prompting/seed-319/run_summary.json,not-published,not-published,True,two_edit_balanced,0.0,0.0,T1 is a preregistered re-aggregation of F2 composed-pair measurements; it is not independent evidence.
T1,com2,o2,319,F2,f2:com2:o2:319,not-published,outputs/f2-fixed/com2/o2/seed-319/run_summary.json,not-published,not-published,True,two_edit_balanced,0.0,0.0,T1 is a preregistered re-aggregation of F2 composed-pair measurements; it is not independent evidence.
T1,com2,o3,319,F2,f2:com2:o3:319,not-published,outputs/f2-fixed/com2/o3/seed-319/run_summary.json,not-published,not-published,True,two_edit_balanced,0.0,0.0,T1 is a preregistered re-aggregation of F2 composed-pair measurements; it is not independent evidence.
T1,com2,prompting,320,F2,f2:com2:prompting:320,not-published,outputs/f2-fixed/com2/prompting/seed-320/run_summary.json,not-published,not-published,True,two_edit_balanced,0.0017667844522968198,0.0017667844522968198,T1 is a preregistered re-aggregation of F2 composed-pair measurements; it is not independent evidence.
T1,com2,o2,320,F2,f2:com2:o2:320,not-published,outputs/f2-fixed/com2/o2/seed-320/run_summary.json,not-published,not-published,True,two_edit_balanced,0.0,0.0,T1 is a preregistered re-aggregation of F2 composed-pair measurements; it is not independent evidence.
T1,com2,o3,320,F2,f2:com2:o3:320,not-published,outputs/f2-fixed/com2/o3/seed-320/run_summary.json,not-published,not-published,True,two_edit_balanced,0.0,0.0,T1 is a preregistered re-aggregation of F2 composed-pair measurements; it is not independent evidence.
C3,xor,o3_full,301,F2,f2:xor:o3:301,,outputs/f2/xor/o3/seed-301/run_summary.json,not-published,not-published,True,two_edit_balanced,0.5037483721971512,0.5037483721971512,C3 full-O3 is the F2 O3 arm; only the zeroed arm is an added ablation. C3 is not an independent confirmation.
C3,xor,o3_full,302,F2,f2:xor:o3:302,,outputs/f2/xor/o3/seed-302/run_summary.json,not-published,not-published,True,two_edit_balanced,0.5428221076726913,0.5428221076726913,C3 full-O3 is the F2 O3 arm; only the zeroed arm is an added ablation. C3 is not an independent confirmation.
C3,xor,o3_full,303,F2,f2:xor:o3:303,,outputs/f2/xor/o3/seed-303/run_summary.json,not-published,not-published,True,two_edit_balanced,0.5049886256456375,0.5049886256456375,C3 full-O3 is the F2 O3 arm; only the zeroed arm is an added ablation. C3 is not an independent confirmation.
C3,xor,o3_full,304,F2,f2:xor:o3:304,,outputs/f2/xor/o3/seed-304/run_summary.json,not-published,not-published,True,two_edit_balanced,0.5117865800857544,0.5117865800857544,C3 full-O3 is the F2 O3 arm; only the zeroed arm is an added ablation. C3 is not an independent confirmation.
C3,xor,o3_full,305,F2,f2:xor:o3:305,,outputs/f2/xor/o3/seed-305/run_summary.json,not-published,not-published,True,two_edit_balanced,0.4945162683725357,0.4945162683725357,C3 full-O3 is the F2 O3 arm; only the zeroed arm is an added ablation. C3 is not an independent confirmation.
C3,xor,o3_full,306,F2,f2:xor:o3:306,,outputs/f2/xor/o3/seed-306/run_summary.json,not-published,not-published,True,two_edit_balanced,0.5056796073913574,0.5056796073913574,C3 full-O3 is the F2 O3 arm; only the zeroed arm is an added ablation. C3 is not an independent confirmation.
C3,xor,o3_full,307,F2,f2:xor:o3:307,,outputs/f2/xor/o3/seed-307/run_summary.json,not-published,not-published,True,two_edit_balanced,0.5286195427179337,0.5286195427179337,C3 full-O3 is the F2 O3 arm; only the zeroed arm is an added ablation. C3 is not an independent confirmation.
C3,xor,o3_full,308,F2,f2:xor:o3:308,,outputs/f2/xor/o3/seed-308/run_summary.json,not-published,not-published,True,two_edit_balanced,0.4952577203512192,0.4952577203512192,C3 full-O3 is the F2 O3 arm; only the zeroed arm is an added ablation. C3 is not an independent confirmation.
C3,xor,o3_full,309,F2,f2:xor:o3:309,,outputs/f2/xor/o3/seed-309/run_summary.json,not-published,not-published,True,two_edit_balanced,0.4988209754228592,0.4988209754228592,C3 full-O3 is the F2 O3 arm; only the zeroed arm is an added ablation. C3 is not an independent confirmation.
C3,xor,o3_full,310,F2,f2:xor:o3:310,,outputs/f2/xor/o3/seed-310/run_summary.json,not-published,not-published,True,two_edit_balanced,0.5193653106689453,0.5193653106689453,C3 full-O3 is the F2 O3 arm; only the zeroed arm is an added ablation. C3 is not an independent confirmation.
C3,xor,o3_full,311,F2,f2:xor:o3:311,,outputs/f2/xor/o3/seed-311/run_summary.json,not-published,not-published,True,two_edit_balanced,0.4908134788274765,0.4908134788274765,C3 full-O3 is the F2 O3 arm; only the zeroed arm is an added ablation. C3 is not an independent confirmation.
C3,xor,o3_full,312,F2,f2:xor:o3:312,,outputs/f2/xor/o3/seed-312/run_summary.json,not-published,not-published,True,two_edit_balanced,0.526571586728096,0.526571586728096,C3 full-O3 is the F2 O3 arm; only the zeroed arm is an added ablation. C3 is not an independent confirmation.
C3,xor,o3_full,313,F2,f2:xor:o3:313,,outputs/f2/xor/o3/seed-313/run_summary.json,not-published,not-published,True,two_edit_balanced,0.49862538278102875,0.49862538278102875,C3 full-O3 is the F2 O3 arm; only the zeroed arm is an added ablation. C3 is not an independent confirmation.
C3,xor,o3_full,314,F2,f2:xor:o3:314,,outputs/f2/xor/o3/seed-314/run_summary.json,not-published,not-published,True,two_edit_balanced,0.5130208432674408,0.5130208432674408,C3 full-O3 is the F2 O3 arm; only the zeroed arm is an added ablation. C3 is not an independent confirmation.
C3,xor,o3_full,315,F2,f2:xor:o3:315,,outputs/f2/xor/o3/seed-315/run_summary.json,not-published,not-published,True,two_edit_balanced,0.5139553397893906,0.5139553397893906,C3 full-O3 is the F2 O3 arm; only the zeroed arm is an added ablation. C3 is not an independent confirmation.
C3,xor,o3_full,316,F2,f2:xor:o3:316,,outputs/f2/xor/o3/seed-316/run_summary.json,not-published,not-published,True,two_edit_balanced,0.5103097558021545,0.5103097558021545,C3 full-O3 is the F2 O3 arm; only the zeroed arm is an added ablation. C3 is not an independent confirmation.
C3,xor,o3_full,317,F2,f2:xor:o3:317,,outputs/f2/xor/o3/seed-317/run_summary.json,not-published,not-published,True,two_edit_balanced,0.5580486953258514,0.5580486953258514,C3 full-O3 is the F2 O3 arm; only the zeroed arm is an added ablation. C3 is not an independent confirmation.
C3,xor,o3_full,318,F2,f2:xor:o3:318,,outputs/f2/xor/o3/seed-318/run_summary.json,not-published,not-published,True,two_edit_balanced,0.48983362317085266,0.48983362317085266,C3 full-O3 is the F2 O3 arm; only the zeroed arm is an added ablation. C3 is not an independent confirmation.
C3,xor,o3_full,319,F2,f2:xor:o3:319,,outputs/f2/xor/o3/seed-319/run_summary.json,not-published,not-published,True,two_edit_balanced,0.47810615599155426,0.47810615599155426,C3 full-O3 is the F2 O3 arm; only the zeroed arm is an added ablation. C3 is not an independent confirmation.
C3,xor,o3_full,320,F2,f2:xor:o3:320,,outputs/f2/xor/o3/seed-320/run_summary.json,not-published,not-published,True,two_edit_balanced,0.5006139874458313,0.5006139874458313,C3 full-O3 is the F2 O3 arm; only the zeroed arm is an added ablation. C3 is not an independent confirmation.
C3,ccrgb,o3_full,301,F2,f2:ccrgb:o3:301,not-published,outputs/f2/ccrgb/o3/seed-301/run_summary.json,not-published,not-published,True,two_edit_balanced,0.5804195804195804,0.5804195804195804,C3 full-O3 is the F2 O3 arm; only the zeroed arm is an added ablation. C3 is not an independent confirmation.
C3,ccrgb,o3_full,302,F2,f2:ccrgb:o3:302,not-published,outputs/f2/ccrgb/o3/seed-302/run_summary.json,not-published,not-published,True,two_edit_balanced,0.5804195804195804,0.5804195804195804,C3 full-O3 is the F2 O3 arm; only the zeroed arm is an added ablation. C3 is not an independent confirmation.
C3,ccrgb,o3_full,303,F2,f2:ccrgb:o3:303,not-published,outputs/f2/ccrgb/o3/seed-303/run_summary.json,not-published,not-published,True,two_edit_balanced,0.5262237762237763,0.5262237762237763,C3 full-O3 is the F2 O3 arm; only the zeroed arm is an added ablation. C3 is not an independent confirmation.
C3,ccrgb,o3_full,304,F2,f2:ccrgb:o3:304,not-published,outputs/f2/ccrgb/o3/seed-304/run_summary.json,not-published,not-published,True,two_edit_balanced,0.6520979020979021,0.6520979020979021,C3 full-O3 is the F2 O3 arm; only the zeroed arm is an added ablation. C3 is not an independent confirmation.
C3,ccrgb,o3_full,305,F2,f2:ccrgb:o3:305,not-published,outputs/f2/ccrgb/o3/seed-305/run_summary.json,not-published,not-published,True,two_edit_balanced,0.5419580419580419,0.5419580419580419,C3 full-O3 is the F2 O3 arm; only the zeroed arm is an added ablation. C3 is not an independent confirmation.
C3,ccrgb,o3_full,306,F2,f2:ccrgb:o3:306,not-published,outputs/f2/ccrgb/o3/seed-306/run_summary.json,not-published,not-published,True,two_edit_balanced,0.5699300699300699,0.5699300699300699,C3 full-O3 is the F2 O3 arm; only the zeroed arm is an added ablation. C3 is not an independent confirmation.
C3,ccrgb,o3_full,307,F2,f2:ccrgb:o3:307,not-published,outputs/f2/ccrgb/o3/seed-307/run_summary.json,not-published,not-published,True,two_edit_balanced,0.6136363636363636,0.6136363636363636,C3 full-O3 is the F2 O3 arm; only the zeroed arm is an added ablation. C3 is not an independent confirmation.
C3,ccrgb,o3_full,308,F2,f2:ccrgb:o3:308,not-published,outputs/f2/ccrgb/o3/seed-308/run_summary.json,not-published,not-published,True,two_edit_balanced,0.6713286713286714,0.6713286713286714,C3 full-O3 is the F2 O3 arm; only the zeroed arm is an added ablation. C3 is not an independent confirmation.
C3,ccrgb,o3_full,309,F2,f2:ccrgb:o3:309,not-published,outputs/f2/ccrgb/o3/seed-309/run_summary.json,not-published,not-published,True,two_edit_balanced,0.6486013986013985,0.6486013986013985,C3 full-O3 is the F2 O3 arm; only the zeroed arm is an added ablation. C3 is not an independent confirmation.
C3,ccrgb,o3_full,310,F2,f2:ccrgb:o3:310,not-published,outputs/f2/ccrgb/o3/seed-310/run_summary.json,not-published,not-published,True,two_edit_balanced,0.6031468531468531,0.6031468531468531,C3 full-O3 is the F2 O3 arm; only the zeroed arm is an added ablation. C3 is not an independent confirmation.
C3,ccrgb,o3_full,311,F2,f2:ccrgb:o3:311,not-published,outputs/f2/ccrgb/o3/seed-311/run_summary.json,not-published,not-published,True,two_edit_balanced,0.5874125874125874,0.5874125874125874,C3 full-O3 is the F2 O3 arm; only the zeroed arm is an added ablation. C3 is not an independent confirmation.
C3,ccrgb,o3_full,312,F2,f2:ccrgb:o3:312,not-published,outputs/f2/ccrgb/o3/seed-312/run_summary.json,not-published,not-published,True,two_edit_balanced,0.8164335664335665,0.8164335664335665,C3 full-O3 is the F2 O3 arm; only the zeroed arm is an added ablation. C3 is not an independent confirmation.
C3,ccrgb,o3_full,313,F2,f2:ccrgb:o3:313,not-published,outputs/f2/ccrgb/o3/seed-313/run_summary.json,not-published,not-published,True,two_edit_balanced,0.5576923076923077,0.5576923076923077,C3 full-O3 is the F2 O3 arm; only the zeroed arm is an added ablation. C3 is not an independent confirmation.
C3,ccrgb,o3_full,314,F2,f2:ccrgb:o3:314,not-published,outputs/f2/ccrgb/o3/seed-314/run_summary.json,not-published,not-published,True,two_edit_balanced,0.75,0.75,C3 full-O3 is the F2 O3 arm; only the zeroed arm is an added ablation. C3 is not an independent confirmation.
C3,ccrgb,o3_full,315,F2,f2:ccrgb:o3:315,not-published,outputs/f2/ccrgb/o3/seed-315/run_summary.json,not-published,not-published,True,two_edit_balanced,0.7552447552447552,0.7552447552447552,C3 full-O3 is the F2 O3 arm; only the zeroed arm is an added ablation. C3 is not an independent confirmation.
C3,ccrgb,o3_full,316,F2,f2:ccrgb:o3:316,not-published,outputs/f2/ccrgb/o3/seed-316/run_summary.json,not-published,not-published,True,two_edit_balanced,0.5961538461538461,0.5961538461538461,C3 full-O3 is the F2 O3 arm; only the zeroed arm is an added ablation. C3 is not an independent confirmation.
C3,ccrgb,o3_full,317,F2,f2:ccrgb:o3:317,not-published,outputs/f2/ccrgb/o3/seed-317/run_summary.json,not-published,not-published,True,two_edit_balanced,0.7447552447552448,0.7447552447552448,C3 full-O3 is the F2 O3 arm; only the zeroed arm is an added ablation. C3 is not an independent confirmation.
C3,ccrgb,o3_full,318,F2,f2:ccrgb:o3:318,not-published,outputs/f2/ccrgb/o3/seed-318/run_summary.json,not-published,not-published,True,two_edit_balanced,0.5804195804195804,0.5804195804195804,C3 full-O3 is the F2 O3 arm; only the zeroed arm is an added ablation. C3 is not an independent confirmation.
C3,ccrgb,o3_full,319,F2,f2:ccrgb:o3:319,not-published,outputs/f2/ccrgb/o3/seed-319/run_summary.json,not-published,not-published,True,two_edit_balanced,0.6800699300699301,0.6800699300699301,C3 full-O3 is the F2 O3 arm; only the zeroed arm is an added ablation. C3 is not an independent confirmation.
C3,ccrgb,o3_full,320,F2,f2:ccrgb:o3:320,not-published,outputs/f2/ccrgb/o3/seed-320/run_summary.json,not-published,not-published,True,two_edit_balanced,0.6835664335664335,0.6835664335664335,C3 full-O3 is the F2 O3 arm; only the zeroed arm is an added ablation. C3 is not an independent confirmation.
C3,cladder,o3_full,301,F2,f2:cladder:o3:301,not-published,outputs/f2/cladder/o3/seed-301/run_summary.json,not-published,not-published,True,two_edit_balanced,0.5938135938135938,0.5938135938135938,C3 full-O3 is the F2 O3 arm; only the zeroed arm is an added ablation. C3 is not an independent confirmation.
C3,cladder,o3_full,302,F2,f2:cladder:o3:302,not-published,outputs/f2/cladder/o3/seed-302/run_summary.json,not-published,not-published,True,two_edit_balanced,0.6397775064441731,0.6397775064441731,C3 full-O3 is the F2 O3 arm; only the zeroed arm is an added ablation. C3 is not an independent confirmation.
C3,cladder,o3_full,303,F2,f2:cladder:o3:303,not-published,outputs/f2/cladder/o3/seed-303/run_summary.json,not-published,not-published,True,two_edit_balanced,0.6382037715371048,0.6382037715371048,C3 full-O3 is the F2 O3 arm; only the zeroed arm is an added ablation. C3 is not an independent confirmation.
C3,cladder,o3_full,304,F2,f2:cladder:o3:304,not-published,outputs/f2/cladder/o3/seed-304/run_summary.json,not-published,not-published,True,two_edit_balanced,0.5324311490978157,0.5324311490978157,C3 full-O3 is the F2 O3 arm; only the zeroed arm is an added ablation. C3 is not an independent confirmation.
C3,cladder,o3_full,305,F2,f2:cladder:o3:305,not-published,outputs/f2/cladder/o3/seed-305/run_summary.json,not-published,not-published,True,two_edit_balanced,0.6683998100664768,0.6683998100664768,C3 full-O3 is the F2 O3 arm; only the zeroed arm is an added ablation. C3 is not an independent confirmation.
C3,cladder,o3_full,306,F2,f2:cladder:o3:306,not-published,outputs/f2/cladder/o3/seed-306/run_summary.json,not-published,not-published,True,two_edit_balanced,0.5568409985076652,0.5568409985076652,C3 full-O3 is the F2 O3 arm; only the zeroed arm is an added ablation. C3 is not an independent confirmation.
C3,cladder,o3_full,307,F2,f2:cladder:o3:307,not-published,outputs/f2/cladder/o3/seed-307/run_summary.json,not-published,not-published,True,two_edit_balanced,0.6575091575091575,0.6575091575091575,C3 full-O3 is the F2 O3 arm; only the zeroed arm is an added ablation. C3 is not an independent confirmation.
C3,cladder,o3_full,308,F2,f2:cladder:o3:308,not-published,outputs/f2/cladder/o3/seed-308/run_summary.json,not-published,not-published,True,two_edit_balanced,0.6604497354497354,0.6604497354497354,C3 full-O3 is the F2 O3 arm; only the zeroed arm is an added ablation. C3 is not an independent confirmation.
C3,cladder,o3_full,309,F2,f2:cladder:o3:309,not-published,outputs/f2/cladder/o3/seed-309/run_summary.json,not-published,not-published,True,two_edit_balanced,0.6497897164563831,0.6497897164563831,C3 full-O3 is the F2 O3 arm; only the zeroed arm is an added ablation. C3 is not an independent confirmation.
C3,cladder,o3_full,310,F2,f2:cladder:o3:310,not-published,outputs/f2/cladder/o3/seed-310/run_summary.json,not-published,not-published,True,two_edit_balanced,0.5070580653913987,0.5070580653913987,C3 full-O3 is the F2 O3 arm; only the zeroed arm is an added ablation. C3 is not an independent confirmation.
C3,cladder,o3_full,311,F2,f2:cladder:o3:311,not-published,outputs/f2/cladder/o3/seed-311/run_summary.json,not-published,not-published,True,two_edit_balanced,0.624023199023199,0.624023199023199,C3 full-O3 is the F2 O3 arm; only the zeroed arm is an added ablation. C3 is not an independent confirmation.
C3,cladder,o3_full,312,F2,f2:cladder:o3:312,not-published,outputs/f2/cladder/o3/seed-312/run_summary.json,not-published,not-published,True,two_edit_balanced,0.6670329670329671,0.6670329670329671,C3 full-O3 is the F2 O3 arm; only the zeroed arm is an added ablation. C3 is not an independent confirmation.
C3,cladder,o3_full,313,F2,f2:cladder:o3:313,not-published,outputs/f2/cladder/o3/seed-313/run_summary.json,not-published,not-published,True,two_edit_balanced,0.5756783340116673,0.5756783340116673,C3 full-O3 is the F2 O3 arm; only the zeroed arm is an added ablation. C3 is not an independent confirmation.
C3,cladder,o3_full,314,F2,f2:cladder:o3:314,not-published,outputs/f2/cladder/o3/seed-314/run_summary.json,not-published,not-published,True,two_edit_balanced,0.6597476597476597,0.6597476597476597,C3 full-O3 is the F2 O3 arm; only the zeroed arm is an added ablation. C3 is not an independent confirmation.
C3,cladder,o3_full,315,F2,f2:cladder:o3:315,not-published,outputs/f2/cladder/o3/seed-315/run_summary.json,not-published,not-published,True,two_edit_balanced,0.6895333061999729,0.6895333061999729,C3 full-O3 is the F2 O3 arm; only the zeroed arm is an added ablation. C3 is not an independent confirmation.
C3,cladder,o3_full,316,F2,f2:cladder:o3:316,not-published,outputs/f2/cladder/o3/seed-316/run_summary.json,not-published,not-published,True,two_edit_balanced,0.6248032831366165,0.6248032831366165,C3 full-O3 is the F2 O3 arm; only the zeroed arm is an added ablation. C3 is not an independent confirmation.
C3,cladder,o3_full,317,F2,f2:cladder:o3:317,not-published,outputs/f2/cladder/o3/seed-317/run_summary.json,not-published,not-published,True,two_edit_balanced,0.635938135938136,0.635938135938136,C3 full-O3 is the F2 O3 arm; only the zeroed arm is an added ablation. C3 is not an independent confirmation.
C3,cladder,o3_full,318,F2,f2:cladder:o3:318,not-published,outputs/f2/cladder/o3/seed-318/run_summary.json,not-published,not-published,True,two_edit_balanced,0.6503086419753086,0.6503086419753086,C3 full-O3 is the F2 O3 arm; only the zeroed arm is an added ablation. C3 is not an independent confirmation.
C3,cladder,o3_full,319,F2,f2:cladder:o3:319,not-published,outputs/f2/cladder/o3/seed-319/run_summary.json,not-published,not-published,True,two_edit_balanced,0.676600868267535,0.676600868267535,C3 full-O3 is the F2 O3 arm; only the zeroed arm is an added ablation. C3 is not an independent confirmation.
C3,cladder,o3_full,320,F2,f2:cladder:o3:320,not-published,outputs/f2/cladder/o3/seed-320/run_summary.json,not-published,not-published,True,two_edit_balanced,0.632414190747524,0.632414190747524,C3 full-O3 is the F2 O3 arm; only the zeroed arm is an added ablation. C3 is not an independent confirmation.
C3,wiqa,o3_full,301,F2,f2:wiqa:o3:301,not-published,outputs/f2/wiqa/o3/seed-301/run_summary.json,not-published,not-published,True,two_edit_balanced,0.6243243243243244,0.6243243243243244,C3 full-O3 is the F2 O3 arm; only the zeroed arm is an added ablation. C3 is not an independent confirmation.
C3,wiqa,o3_full,302,F2,f2:wiqa:o3:302,not-published,outputs/f2/wiqa/o3/seed-302/run_summary.json,not-published,not-published,True,two_edit_balanced,0.6482930298719772,0.6482930298719772,C3 full-O3 is the F2 O3 arm; only the zeroed arm is an added ablation. C3 is not an independent confirmation.
C3,wiqa,o3_full,303,F2,f2:wiqa:o3:303,not-published,outputs/f2/wiqa/o3/seed-303/run_summary.json,not-published,not-published,True,two_edit_balanced,0.6082503556187766,0.6082503556187766,C3 full-O3 is the F2 O3 arm; only the zeroed arm is an added ablation. C3 is not an independent confirmation.
C3,wiqa,o3_full,304,F2,f2:wiqa:o3:304,not-published,outputs/f2/wiqa/o3/seed-304/run_summary.json,not-published,not-published,True,two_edit_balanced,0.6150782361308677,0.6150782361308677,C3 full-O3 is the F2 O3 arm; only the zeroed arm is an added ablation. C3 is not an independent confirmation.
C3,wiqa,o3_full,305,F2,f2:wiqa:o3:305,not-published,outputs/f2/wiqa/o3/seed-305/run_summary.json,not-published,not-published,True,two_edit_balanced,0.5675675675675675,0.5675675675675675,C3 full-O3 is the F2 O3 arm; only the zeroed arm is an added ablation. C3 is not an independent confirmation.
C3,wiqa,o3_full,306,F2,f2:wiqa:o3:306,not-published,outputs/f2/wiqa/o3/seed-306/run_summary.json,not-published,not-published,True,two_edit_balanced,0.6422475106685633,0.6422475106685633,C3 full-O3 is the F2 O3 arm; only the zeroed arm is an added ablation. C3 is not an independent confirmation.
C3,wiqa,o3_full,307,F2,f2:wiqa:o3:307,not-published,outputs/f2/wiqa/o3/seed-307/run_summary.json,not-published,not-published,True,two_edit_balanced,0.5730440967283073,0.5730440967283073,C3 full-O3 is the F2 O3 arm; only the zeroed arm is an added ablation. C3 is not an independent confirmation.
C3,wiqa,o3_full,308,F2,f2:wiqa:o3:308,not-published,outputs/f2/wiqa/o3/seed-308/run_summary.json,not-published,not-published,True,two_edit_balanced,0.6230440967283073,0.6230440967283073,C3 full-O3 is the F2 O3 arm; only the zeroed arm is an added ablation. C3 is not an independent confirmation.
C3,wiqa,o3_full,309,F2,f2:wiqa:o3:309,not-published,outputs/f2/wiqa/o3/seed-309/run_summary.json,not-published,not-published,True,two_edit_balanced,0.6531294452347084,0.6531294452347084,C3 full-O3 is the F2 O3 arm; only the zeroed arm is an added ablation. C3 is not an independent confirmation.
C3,wiqa,o3_full,310,F2,f2:wiqa:o3:310,not-published,outputs/f2/wiqa/o3/seed-310/run_summary.json,not-published,not-published,True,two_edit_balanced,0.6588193456614508,0.6588193456614508,C3 full-O3 is the F2 O3 arm; only the zeroed arm is an added ablation. C3 is not an independent confirmation.
C3,wiqa,o3_full,311,F2,f2:wiqa:o3:311,not-published,outputs/f2/wiqa/o3/seed-311/run_summary.json,not-published,not-published,True,two_edit_balanced,0.6178520625889047,0.6178520625889047,C3 full-O3 is the F2 O3 arm; only the zeroed arm is an added ablation. C3 is not an independent confirmation.
C3,wiqa,o3_full,312,F2,f2:wiqa:o3:312,not-published,outputs/f2/wiqa/o3/seed-312/run_summary.json,not-published,not-published,True,two_edit_balanced,0.6297297297297297,0.6297297297297297,C3 full-O3 is the F2 O3 arm; only the zeroed arm is an added ablation. C3 is not an independent confirmation.
C3,wiqa,o3_full,313,F2,f2:wiqa:o3:313,not-published,outputs/f2/wiqa/o3/seed-313/run_summary.json,not-published,not-published,True,two_edit_balanced,0.6034139402560454,0.6034139402560454,C3 full-O3 is the F2 O3 arm; only the zeroed arm is an added ablation. C3 is not an independent confirmation.
C3,wiqa,o3_full,314,F2,f2:wiqa:o3:314,not-published,outputs/f2/wiqa/o3/seed-314/run_summary.json,not-published,not-published,True,two_edit_balanced,0.6178520625889047,0.6178520625889047,C3 full-O3 is the F2 O3 arm; only the zeroed arm is an added ablation. C3 is not an independent confirmation.
C3,wiqa,o3_full,315,F2,f2:wiqa:o3:315,not-published,outputs/f2/wiqa/o3/seed-315/run_summary.json,not-published,not-published,True,two_edit_balanced,0.5785917496443812,0.5785917496443812,C3 full-O3 is the F2 O3 arm; only the zeroed arm is an added ablation. C3 is not an independent confirmation.
C3,wiqa,o3_full,316,F2,f2:wiqa:o3:316,not-published,outputs/f2/wiqa/o3/seed-316/run_summary.json,not-published,not-published,True,two_edit_balanced,0.6423897581792318,0.6423897581792318,C3 full-O3 is the F2 O3 arm; only the zeroed arm is an added ablation. C3 is not an independent confirmation.
C3,wiqa,o3_full,317,F2,f2:wiqa:o3:317,not-published,outputs/f2/wiqa/o3/seed-317/run_summary.json,not-published,not-published,True,two_edit_balanced,0.6894736842105263,0.6894736842105263,C3 full-O3 is the F2 O3 arm; only the zeroed arm is an added ablation. C3 is not an independent confirmation.
C3,wiqa,o3_full,318,F2,f2:wiqa:o3:318,not-published,outputs/f2/wiqa/o3/seed-318/run_summary.json,not-published,not-published,True,two_edit_balanced,0.6110241820768136,0.6110241820768136,C3 full-O3 is the F2 O3 arm; only the zeroed arm is an added ablation. C3 is not an independent confirmation.
C3,wiqa,o3_full,319,F2,f2:wiqa:o3:319,not-published,outputs/f2/wiqa/o3/seed-319/run_summary.json,not-published,not-published,True,two_edit_balanced,0.6192745376955904,0.6192745376955904,C3 full-O3 is the F2 O3 arm; only the zeroed arm is an added ablation. C3 is not an independent confirmation.
C3,wiqa,o3_full,320,F2,f2:wiqa:o3:320,not-published,outputs/f2/wiqa/o3/seed-320/run_summary.json,not-published,not-published,True,two_edit_balanced,0.6541251778093884,0.6541251778093884,C3 full-O3 is the F2 O3 arm; only the zeroed arm is an added ablation. C3 is not an independent confirmation.
C3,com2,o3_full,301,F2,f2:com2:o3:301,not-published,outputs/f2/com2/o3/seed-301/run_summary.json,not-published,not-published,False,two_edit_balanced,0.0,0.0,C3 full-O3 is the F2 O3 arm; only the zeroed arm is an added ablation. C3 is not an independent confirmation.
C3,com2,o3_full,302,F2,f2:com2:o3:302,not-published,outputs/f2/com2/o3/seed-302/run_summary.json,not-published,not-published,False,two_edit_balanced,0.0,0.0,C3 full-O3 is the F2 O3 arm; only the zeroed arm is an added ablation. C3 is not an independent confirmation.
C3,com2,o3_full,303,F2,f2:com2:o3:303,not-published,outputs/f2/com2/o3/seed-303/run_summary.json,not-published,not-published,False,two_edit_balanced,0.0017667844522968198,0.0,C3 full-O3 is the F2 O3 arm; only the zeroed arm is an added ablation. C3 is not an independent confirmation.
C3,com2,o3_full,304,F2,f2:com2:o3:304,not-published,outputs/f2/com2/o3/seed-304/run_summary.json,not-published,not-published,False,two_edit_balanced,0.0,0.0,C3 full-O3 is the F2 O3 arm; only the zeroed arm is an added ablation. C3 is not an independent confirmation.
C3,com2,o3_full,305,F2,f2:com2:o3:305,not-published,outputs/f2/com2/o3/seed-305/run_summary.json,not-published,not-published,False,two_edit_balanced,0.0,0.0,C3 full-O3 is the F2 O3 arm; only the zeroed arm is an added ablation. C3 is not an independent confirmation.
C3,com2,o3_full,306,F2,f2:com2:o3:306,not-published,outputs/f2/com2/o3/seed-306/run_summary.json,not-published,not-published,False,two_edit_balanced,0.0,0.0,C3 full-O3 is the F2 O3 arm; only the zeroed arm is an added ablation. C3 is not an independent confirmation.
C3,com2,o3_full,307,F2,f2:com2:o3:307,not-published,outputs/f2/com2/o3/seed-307/run_summary.json,not-published,not-published,False,two_edit_balanced,0.0,0.0,C3 full-O3 is the F2 O3 arm; only the zeroed arm is an added ablation. C3 is not an independent confirmation.
C3,com2,o3_full,308,F2,f2:com2:o3:308,not-published,outputs/f2/com2/o3/seed-308/run_summary.json,not-published,not-published,False,two_edit_balanced,0.0,0.0,C3 full-O3 is the F2 O3 arm; only the zeroed arm is an added ablation. C3 is not an independent confirmation.
C3,com2,o3_full,309,F2,f2:com2:o3:309,not-published,outputs/f2/com2/o3/seed-309/run_summary.json,not-published,not-published,False,two_edit_balanced,0.0,0.0,C3 full-O3 is the F2 O3 arm; only the zeroed arm is an added ablation. C3 is not an independent confirmation.
C3,com2,o3_full,310,F2,f2:com2:o3:310,not-published,outputs/f2/com2/o3/seed-310/run_summary.json,not-published,not-published,False,two_edit_balanced,0.0,0.0,C3 full-O3 is the F2 O3 arm; only the zeroed arm is an added ablation. C3 is not an independent confirmation.
C3,com2,o3_full,311,F2,f2:com2:o3:311,not-published,outputs/f2/com2/o3/seed-311/run_summary.json,not-published,not-published,False,two_edit_balanced,0.0,0.0,C3 full-O3 is the F2 O3 arm; only the zeroed arm is an added ablation. C3 is not an independent confirmation.
C3,com2,o3_full,312,F2,f2:com2:o3:312,not-published,outputs/f2/com2/o3/seed-312/run_summary.json,not-published,not-published,False,two_edit_balanced,0.0,0.0,C3 full-O3 is the F2 O3 arm; only the zeroed arm is an added ablation. C3 is not an independent confirmation.
C3,com2,o3_full,313,F2,f2:com2:o3:313,not-published,outputs/f2/com2/o3/seed-313/run_summary.json,not-published,not-published,False,two_edit_balanced,0.0,0.0,C3 full-O3 is the F2 O3 arm; only the zeroed arm is an added ablation. C3 is not an independent confirmation.
C3,com2,o3_full,314,F2,f2:com2:o3:314,not-published,outputs/f2/com2/o3/seed-314/run_summary.json,not-published,not-published,False,two_edit_balanced,0.0,0.0,C3 full-O3 is the F2 O3 arm; only the zeroed arm is an added ablation. C3 is not an independent confirmation.
C3,com2,o3_full,315,F2,f2:com2:o3:315,not-published,outputs/f2/com2/o3/seed-315/run_summary.json,not-published,not-published,False,two_edit_balanced,0.0,0.0,C3 full-O3 is the F2 O3 arm; only the zeroed arm is an added ablation. C3 is not an independent confirmation.
C3,com2,o3_full,316,F2,f2:com2:o3:316,not-published,outputs/f2/com2/o3/seed-316/run_summary.json,not-published,not-published,False,two_edit_balanced,0.0,0.0,C3 full-O3 is the F2 O3 arm; only the zeroed arm is an added ablation. C3 is not an independent confirmation.
C3,com2,o3_full,317,F2,f2:com2:o3:317,not-published,outputs/f2/com2/o3/seed-317/run_summary.json,not-published,not-published,False,two_edit_balanced,0.0,0.0,C3 full-O3 is the F2 O3 arm; only the zeroed arm is an added ablation. C3 is not an independent confirmation.
C3,com2,o3_full,318,F2,f2:com2:o3:318,not-published,outputs/f2/com2/o3/seed-318/run_summary.json,not-published,not-published,False,two_edit_balanced,0.0,0.0,C3 full-O3 is the F2 O3 arm; only the zeroed arm is an added ablation. C3 is not an independent confirmation.
C3,com2,o3_full,319,F2,f2:com2:o3:319,not-published,outputs/f2/com2/o3/seed-319/run_summary.json,not-published,not-published,False,two_edit_balanced,0.0,0.0,C3 full-O3 is the F2 O3 arm; only the zeroed arm is an added ablation. C3 is not an independent confirmation.
C3,com2,o3_full,320,F2,f2:com2:o3:320,not-published,outputs/f2/com2/o3/seed-320/run_summary.json,not-published,not-published,False,two_edit_balanced,0.0,0.0,C3 full-O3 is the F2 O3 arm; only the zeroed arm is an added ablation. C3 is not an independent confirmation.
C4,xor,lora_matched,301,F2,f2:xor:lora_matched:301,,outputs/f2/xor/lora_matched/seed-301/run_summary.json,not-published,not-published,True,two_edit_balanced,0.4863878935575485,0.4863878935575485,C4 reuses F2 performance and adds measured parameter accounting; performance is not independent evidence.
C4,xor,o2,301,F2,f2:xor:o2:301,,outputs/f2/xor/o2/seed-301/run_summary.json,not-published,not-published,True,two_edit_balanced,0.5106553137302399,0.5106553137302399,C4 reuses F2 performance and adds measured parameter accounting; performance is not independent evidence.
C4,xor,o3,301,F2,f2:xor:o3:301,,outputs/f2/xor/o3/seed-301/run_summary.json,not-published,not-published,True,two_edit_balanced,0.5037483721971512,0.5037483721971512,C4 reuses F2 performance and adds measured parameter accounting; performance is not independent evidence.
C4,xor,prompting,301,F2,f2:xor:prompting:301,,outputs/f2/xor/prompting/seed-301/run_summary.json,not-published,not-published,True,two_edit_balanced,0.5062084943056107,0.5062084943056107,C4 reuses F2 performance and adds measured parameter accounting; performance is not independent evidence.
C4,xor,lora_matched,302,F2,f2:xor:lora_matched:302,,outputs/f2/xor/lora_matched/seed-302/run_summary.json,not-published,not-published,True,two_edit_balanced,0.5139360427856445,0.5139360427856445,C4 reuses F2 performance and adds measured parameter accounting; performance is not independent evidence.
C4,xor,o2,302,F2,f2:xor:o2:302,,outputs/f2/xor/o2/seed-302/run_summary.json,not-published,not-published,True,two_edit_balanced,0.518817201256752,0.518817201256752,C4 reuses F2 performance and adds measured parameter accounting; performance is not independent evidence.
C4,xor,o3,302,F2,f2:xor:o3:302,,outputs/f2/xor/o3/seed-302/run_summary.json,not-published,not-published,True,two_edit_balanced,0.5428221076726913,0.5428221076726913,C4 reuses F2 performance and adds measured parameter accounting; performance is not independent evidence.
C4,xor,prompting,302,F2,f2:xor:prompting:302,,outputs/f2/xor/prompting/seed-302/run_summary.json,not-published,not-published,True,two_edit_balanced,0.5008724629878998,0.5008724629878998,C4 reuses F2 performance and adds measured parameter accounting; performance is not independent evidence.
C4,xor,lora_matched,303,F2,f2:xor:lora_matched:303,,outputs/f2/xor/lora_matched/seed-303/run_summary.json,not-published,not-published,True,two_edit_balanced,0.4950113594532013,0.4950113594532013,C4 reuses F2 performance and adds measured parameter accounting; performance is not independent evidence.
C4,xor,o2,303,F2,f2:xor:o2:303,,outputs/f2/xor/o2/seed-303/run_summary.json,not-published,not-published,True,two_edit_balanced,0.5049886256456375,0.5049886256456375,C4 reuses F2 performance and adds measured parameter accounting; performance is not independent evidence.
C4,xor,o3,303,F2,f2:xor:o3:303,,outputs/f2/xor/o3/seed-303/run_summary.json,not-published,not-published,True,two_edit_balanced,0.5049886256456375,0.5049886256456375,C4 reuses F2 performance and adds measured parameter accounting; performance is not independent evidence.
C4,xor,prompting,303,F2,f2:xor:prompting:303,,outputs/f2/xor/prompting/seed-303/run_summary.json,not-published,not-published,True,two_edit_balanced,0.5049886256456375,0.5049886256456375,C4 reuses F2 performance and adds measured parameter accounting; performance is not independent evidence.
C4,xor,lora_matched,304,F2,f2:xor:lora_matched:304,,outputs/f2/xor/lora_matched/seed-304/run_summary.json,not-published,not-published,True,two_edit_balanced,0.5219864994287491,0.5219864994287491,C4 reuses F2 performance and adds measured parameter accounting; performance is not independent evidence.
C4,xor,o2,304,F2,f2:xor:o2:304,,outputs/f2/xor/o2/seed-304/run_summary.json,not-published,not-published,True,two_edit_balanced,0.5117865800857544,0.5117865800857544,C4 reuses F2 performance and adds measured parameter accounting; performance is not independent evidence.
C4,xor,o3,304,F2,f2:xor:o3:304,,outputs/f2/xor/o3/seed-304/run_summary.json,not-published,not-published,True,two_edit_balanced,0.5117865800857544,0.5117865800857544,C4 reuses F2 performance and adds measured parameter accounting; performance is not independent evidence.
C4,xor,prompting,304,F2,f2:xor:prompting:304,,outputs/f2/xor/prompting/seed-304/run_summary.json,not-published,not-published,True,two_edit_balanced,0.5117865800857544,0.5117865800857544,C4 reuses F2 performance and adds measured parameter accounting; performance is not independent evidence.
C4,xor,lora_matched,305,F2,f2:xor:lora_matched:305,,outputs/f2/xor/lora_matched/seed-305/run_summary.json,not-published,not-published,True,two_edit_balanced,0.4945162683725357,0.4945162683725357,C4 reuses F2 performance and adds measured parameter accounting; performance is not independent evidence.
C4,xor,o2,305,F2,f2:xor:o2:305,,outputs/f2/xor/o2/seed-305/run_summary.json,not-published,not-published,True,two_edit_balanced,0.4945162683725357,0.4945162683725357,C4 reuses F2 performance and adds measured parameter accounting; performance is not independent evidence.
C4,xor,o3,305,F2,f2:xor:o3:305,,outputs/f2/xor/o3/seed-305/run_summary.json,not-published,not-published,True,two_edit_balanced,0.4945162683725357,0.4945162683725357,C4 reuses F2 performance and adds measured parameter accounting; performance is not independent evidence.
C4,xor,prompting,305,F2,f2:xor:prompting:305,,outputs/f2/xor/prompting/seed-305/run_summary.json,not-published,not-published,True,two_edit_balanced,0.4945162683725357,0.4945162683725357,C4 reuses F2 performance and adds measured parameter accounting; performance is not independent evidence.
C4,xor,lora_matched,306,F2,f2:xor:lora_matched:306,,outputs/f2/xor/lora_matched/seed-306/run_summary.json,not-published,not-published,True,two_edit_balanced,0.49432043731212616,0.49432043731212616,C4 reuses F2 performance and adds measured parameter accounting; performance is not independent evidence.
C4,xor,o2,306,F2,f2:xor:o2:306,,outputs/f2/xor/o2/seed-306/run_summary.json,not-published,not-published,True,two_edit_balanced,0.5056796073913574,0.5056796073913574,C4 reuses F2 performance and adds measured parameter accounting; performance is not independent evidence.
C4,xor,o3,306,F2,f2:xor:o3:306,,outputs/f2/xor/o3/seed-306/run_summary.json,not-published,not-published,True,two_edit_balanced,0.5056796073913574,0.5056796073913574,C4 reuses F2 performance and adds measured parameter accounting; performance is not independent evidence.
C4,xor,prompting,306,F2,f2:xor:prompting:306,,outputs/f2/xor/prompting/seed-306/run_summary.json,not-published,not-published,True,two_edit_balanced,0.5056796073913574,0.5056796073913574,C4 reuses F2 performance and adds measured parameter accounting; performance is not independent evidence.
C4,xor,lora_matched,307,F2,f2:xor:lora_matched:307,,outputs/f2/xor/lora_matched/seed-307/run_summary.json,not-published,not-published,True,two_edit_balanced,0.47138048708438873,0.47138048708438873,C4 reuses F2 performance and adds measured parameter accounting; performance is not independent evidence.
C4,xor,o2,307,F2,f2:xor:o2:307,,outputs/f2/xor/o2/seed-307/run_summary.json,not-published,not-published,True,two_edit_balanced,0.5286195427179337,0.5286195427179337,C4 reuses F2 performance and adds measured parameter accounting; performance is not independent evidence.
C4,xor,o3,307,F2,f2:xor:o3:307,,outputs/f2/xor/o3/seed-307/run_summary.json,not-published,not-published,True,two_edit_balanced,0.5286195427179337,0.5286195427179337,C4 reuses F2 performance and adds measured parameter accounting; performance is not independent evidence.
C4,xor,prompting,307,F2,f2:xor:prompting:307,,outputs/f2/xor/prompting/seed-307/run_summary.json,not-published,not-published,True,two_edit_balanced,0.5286195427179337,0.5286195427179337,C4 reuses F2 performance and adds measured parameter accounting; performance is not independent evidence.
C4,xor,lora_matched,308,F2,f2:xor:lora_matched:308,,outputs/f2/xor/lora_matched/seed-308/run_summary.json,not-published,not-published,True,two_edit_balanced,0.4952577203512192,0.4952577203512192,C4 reuses F2 performance and adds measured parameter accounting; performance is not independent evidence.
C4,xor,o2,308,F2,f2:xor:o2:308,,outputs/f2/xor/o2/seed-308/run_summary.json,not-published,not-published,True,two_edit_balanced,0.4952577203512192,0.4952577203512192,C4 reuses F2 performance and adds measured parameter accounting; performance is not independent evidence.
C4,xor,o3,308,F2,f2:xor:o3:308,,outputs/f2/xor/o3/seed-308/run_summary.json,not-published,not-published,True,two_edit_balanced,0.4952577203512192,0.4952577203512192,C4 reuses F2 performance and adds measured parameter accounting; performance is not independent evidence.
C4,xor,prompting,308,F2,f2:xor:prompting:308,,outputs/f2/xor/prompting/seed-308/run_summary.json,not-published,not-published,True,two_edit_balanced,0.4952577203512192,0.4952577203512192,C4 reuses F2 performance and adds measured parameter accounting; performance is not independent evidence.
C4,xor,lora_matched,309,F2,f2:xor:lora_matched:309,,outputs/f2/xor/lora_matched/seed-309/run_summary.json,not-published,not-published,True,two_edit_balanced,0.501179039478302,0.501179039478302,C4 reuses F2 performance and adds measured parameter accounting; performance is not independent evidence.
C4,xor,o2,309,F2,f2:xor:o2:309,,outputs/f2/xor/o2/seed-309/run_summary.json,not-published,not-published,True,two_edit_balanced,0.4988209754228592,0.4988209754228592,C4 reuses F2 performance and adds measured parameter accounting; performance is not independent evidence.
C4,xor,o3,309,F2,f2:xor:o3:309,,outputs/f2/xor/o3/seed-309/run_summary.json,not-published,not-published,True,two_edit_balanced,0.4988209754228592,0.4988209754228592,C4 reuses F2 performance and adds measured parameter accounting; performance is not independent evidence.
C4,xor,prompting,309,F2,f2:xor:prompting:309,,outputs/f2/xor/prompting/seed-309/run_summary.json,not-published,not-published,True,two_edit_balanced,0.4988209754228592,0.4988209754228592,C4 reuses F2 performance and adds measured parameter accounting; performance is not independent evidence.
C4,xor,lora_matched,310,F2,f2:xor:lora_matched:310,,outputs/f2/xor/lora_matched/seed-310/run_summary.json,not-published,not-published,True,two_edit_balanced,0.5193653106689453,0.5193653106689453,C4 reuses F2 performance and adds measured parameter accounting; performance is not independent evidence.
C4,xor,o2,310,F2,f2:xor:o2:310,,outputs/f2/xor/o2/seed-310/run_summary.json,not-published,not-published,True,two_edit_balanced,0.5193653106689453,0.5193653106689453,C4 reuses F2 performance and adds measured parameter accounting; performance is not independent evidence.
C4,xor,o3,310,F2,f2:xor:o3:310,,outputs/f2/xor/o3/seed-310/run_summary.json,not-published,not-published,True,two_edit_balanced,0.5193653106689453,0.5193653106689453,C4 reuses F2 performance and adds measured parameter accounting; performance is not independent evidence.
C4,xor,prompting,310,F2,f2:xor:prompting:310,,outputs/f2/xor/prompting/seed-310/run_summary.json,not-published,not-published,True,two_edit_balanced,0.5193653106689453,0.5193653106689453,C4 reuses F2 performance and adds measured parameter accounting; performance is not independent evidence.
C4,xor,lora_matched,311,F2,f2:xor:lora_matched:311,,outputs/f2/xor/lora_matched/seed-311/run_summary.json,not-published,not-published,True,two_edit_balanced,0.4908134788274765,0.4908134788274765,C4 reuses F2 performance and adds measured parameter accounting; performance is not independent evidence.
C4,xor,o2,311,F2,f2:xor:o2:311,,outputs/f2/xor/o2/seed-311/run_summary.json,not-published,not-published,True,two_edit_balanced,0.4908134788274765,0.4908134788274765,C4 reuses F2 performance and adds measured parameter accounting; performance is not independent evidence.
C4,xor,o3,311,F2,f2:xor:o3:311,,outputs/f2/xor/o3/seed-311/run_summary.json,not-published,not-published,True,two_edit_balanced,0.4908134788274765,0.4908134788274765,C4 reuses F2 performance and adds measured parameter accounting; performance is not independent evidence.
C4,xor,prompting,311,F2,f2:xor:prompting:311,,outputs/f2/xor/prompting/seed-311/run_summary.json,not-published,not-published,True,two_edit_balanced,0.4908134788274765,0.4908134788274765,C4 reuses F2 performance and adds measured parameter accounting; performance is not independent evidence.
C4,xor,lora_matched,312,F2,f2:xor:lora_matched:312,,outputs/f2/xor/lora_matched/seed-312/run_summary.json,not-published,not-published,True,two_edit_balanced,0.473428413271904,0.473428413271904,C4 reuses F2 performance and adds measured parameter accounting; performance is not independent evidence.
C4,xor,o2,312,F2,f2:xor:o2:312,,outputs/f2/xor/o2/seed-312/run_summary.json,not-published,not-published,True,two_edit_balanced,0.526571586728096,0.526571586728096,C4 reuses F2 performance and adds measured parameter accounting; performance is not independent evidence.
C4,xor,o3,312,F2,f2:xor:o3:312,,outputs/f2/xor/o3/seed-312/run_summary.json,not-published,not-published,True,two_edit_balanced,0.526571586728096,0.526571586728096,C4 reuses F2 performance and adds measured parameter accounting; performance is not independent evidence.
C4,xor,prompting,312,F2,f2:xor:prompting:312,,outputs/f2/xor/prompting/seed-312/run_summary.json,not-published,not-published,True,two_edit_balanced,0.526571586728096,0.526571586728096,C4 reuses F2 performance and adds measured parameter accounting; performance is not independent evidence.
C4,xor,lora_matched,313,F2,f2:xor:lora_matched:313,,outputs/f2/xor/lora_matched/seed-313/run_summary.json,not-published,not-published,True,two_edit_balanced,0.5013746470212936,0.5013746470212936,C4 reuses F2 performance and adds measured parameter accounting; performance is not independent evidence.
C4,xor,o2,313,F2,f2:xor:o2:313,,outputs/f2/xor/o2/seed-313/run_summary.json,not-published,not-published,True,two_edit_balanced,0.49862538278102875,0.49862538278102875,C4 reuses F2 performance and adds measured parameter accounting; performance is not independent evidence.
C4,xor,o3,313,F2,f2:xor:o3:313,,outputs/f2/xor/o3/seed-313/run_summary.json,not-published,not-published,True,two_edit_balanced,0.49862538278102875,0.49862538278102875,C4 reuses F2 performance and adds measured parameter accounting; performance is not independent evidence.
C4,xor,prompting,313,F2,f2:xor:prompting:313,,outputs/f2/xor/prompting/seed-313/run_summary.json,not-published,not-published,True,two_edit_balanced,0.49862538278102875,0.49862538278102875,C4 reuses F2 performance and adds measured parameter accounting; performance is not independent evidence.
C4,xor,lora_matched,314,F2,f2:xor:lora_matched:314,,outputs/f2/xor/lora_matched/seed-314/run_summary.json,not-published,not-published,True,two_edit_balanced,0.5124903619289398,0.5124903619289398,C4 reuses F2 performance and adds measured parameter accounting; performance is not independent evidence.
C4,xor,o2,314,F2,f2:xor:o2:314,,outputs/f2/xor/o2/seed-314/run_summary.json,not-published,not-published,True,two_edit_balanced,0.5172164440155029,0.5172164440155029,C4 reuses F2 performance and adds measured parameter accounting; performance is not independent evidence.
C4,xor,o3,314,F2,f2:xor:o3:314,,outputs/f2/xor/o3/seed-314/run_summary.json,not-published,not-published,True,two_edit_balanced,0.5130208432674408,0.5130208432674408,C4 reuses F2 performance and adds measured parameter accounting; performance is not independent evidence.
C4,xor,prompting,314,F2,f2:xor:prompting:314,,outputs/f2/xor/prompting/seed-314/run_summary.json,not-published,not-published,True,two_edit_balanced,0.5309124439954758,0.5309124439954758,C4 reuses F2 performance and adds measured parameter accounting; performance is not independent evidence.
C4,xor,lora_matched,315,F2,f2:xor:lora_matched:315,,outputs/f2/xor/lora_matched/seed-315/run_summary.json,not-published,not-published,True,two_edit_balanced,0.459728866815567,0.459728866815567,C4 reuses F2 performance and adds measured parameter accounting; performance is not independent evidence.
C4,xor,o2,315,F2,f2:xor:o2:315,,outputs/f2/xor/o2/seed-315/run_summary.json,not-published,not-published,True,two_edit_balanced,0.5139553397893906,0.5139553397893906,C4 reuses F2 performance and adds measured parameter accounting; performance is not independent evidence.
C4,xor,o3,315,F2,f2:xor:o3:315,,outputs/f2/xor/o3/seed-315/run_summary.json,not-published,not-published,True,two_edit_balanced,0.5139553397893906,0.5139553397893906,C4 reuses F2 performance and adds measured parameter accounting; performance is not independent evidence.
C4,xor,prompting,315,F2,f2:xor:prompting:315,,outputs/f2/xor/prompting/seed-315/run_summary.json,not-published,not-published,True,two_edit_balanced,0.5139553397893906,0.5139553397893906,C4 reuses F2 performance and adds measured parameter accounting; performance is not independent evidence.
C4,xor,lora_matched,316,F2,f2:xor:lora_matched:316,,outputs/f2/xor/lora_matched/seed-316/run_summary.json,not-published,not-published,True,two_edit_balanced,0.48969025909900665,0.48969025909900665,C4 reuses F2 performance and adds measured parameter accounting; performance is not independent evidence.
C4,xor,o2,316,F2,f2:xor:o2:316,,outputs/f2/xor/o2/seed-316/run_summary.json,not-published,not-published,True,two_edit_balanced,0.5103097558021545,0.5103097558021545,C4 reuses F2 performance and adds measured parameter accounting; performance is not independent evidence.
C4,xor,o3,316,F2,f2:xor:o3:316,,outputs/f2/xor/o3/seed-316/run_summary.json,not-published,not-published,True,two_edit_balanced,0.5103097558021545,0.5103097558021545,C4 reuses F2 performance and adds measured parameter accounting; performance is not independent evidence.
C4,xor,prompting,316,F2,f2:xor:prompting:316,,outputs/f2/xor/prompting/seed-316/run_summary.json,not-published,not-published,True,two_edit_balanced,0.5103097558021545,0.5103097558021545,C4 reuses F2 performance and adds measured parameter accounting; performance is not independent evidence.
C4,xor,lora_matched,317,F2,f2:xor:lora_matched:317,,outputs/f2/xor/lora_matched/seed-317/run_summary.json,not-published,not-published,True,two_edit_balanced,0.521499514579773,0.521499514579773,C4 reuses F2 performance and adds measured parameter accounting; performance is not independent evidence.
C4,xor,o2,317,F2,f2:xor:o2:317,,outputs/f2/xor/o2/seed-317/run_summary.json,not-published,not-published,True,two_edit_balanced,0.5235888957977295,0.5235888957977295,C4 reuses F2 performance and adds measured parameter accounting; performance is not independent evidence.
C4,xor,o3,317,F2,f2:xor:o3:317,,outputs/f2/xor/o3/seed-317/run_summary.json,not-published,not-published,True,two_edit_balanced,0.5580486953258514,0.5580486953258514,C4 reuses F2 performance and adds measured parameter accounting; performance is not independent evidence.
C4,xor,prompting,317,F2,f2:xor:prompting:317,,outputs/f2/xor/prompting/seed-317/run_summary.json,not-published,not-published,True,two_edit_balanced,0.5450127273797989,0.5450127273797989,C4 reuses F2 performance and adds measured parameter accounting; performance is not independent evidence.
C4,xor,lora_matched,318,F2,f2:xor:lora_matched:318,,outputs/f2/xor/lora_matched/seed-318/run_summary.json,not-published,not-published,True,two_edit_balanced,0.6041084825992584,0.6041084825992584,C4 reuses F2 performance and adds measured parameter accounting; performance is not independent evidence.
C4,xor,o2,318,F2,f2:xor:o2:318,,outputs/f2/xor/o2/seed-318/run_summary.json,not-published,not-published,True,two_edit_balanced,0.5167551338672638,0.5167551338672638,C4 reuses F2 performance and adds measured parameter accounting; performance is not independent evidence.
C4,xor,o3,318,F2,f2:xor:o3:318,,outputs/f2/xor/o3/seed-318/run_summary.json,not-published,not-published,True,two_edit_balanced,0.48983362317085266,0.48983362317085266,C4 reuses F2 performance and adds measured parameter accounting; performance is not independent evidence.
C4,xor,prompting,318,F2,f2:xor:prompting:318,,outputs/f2/xor/prompting/seed-318/run_summary.json,not-published,not-published,True,two_edit_balanced,0.49599553644657135,0.49599553644657135,C4 reuses F2 performance and adds measured parameter accounting; performance is not independent evidence.
C4,xor,lora_matched,319,F2,f2:xor:lora_matched:319,,outputs/f2/xor/lora_matched/seed-319/run_summary.json,not-published,not-published,True,two_edit_balanced,0.5218938142061234,0.5218938142061234,C4 reuses F2 performance and adds measured parameter accounting; performance is not independent evidence.
C4,xor,o2,319,F2,f2:xor:o2:319,,outputs/f2/xor/o2/seed-319/run_summary.json,not-published,not-published,True,two_edit_balanced,0.47810615599155426,0.47810615599155426,C4 reuses F2 performance and adds measured parameter accounting; performance is not independent evidence.
C4,xor,o3,319,F2,f2:xor:o3:319,,outputs/f2/xor/o3/seed-319/run_summary.json,not-published,not-published,True,two_edit_balanced,0.47810615599155426,0.47810615599155426,C4 reuses F2 performance and adds measured parameter accounting; performance is not independent evidence.
C4,xor,prompting,319,F2,f2:xor:prompting:319,,outputs/f2/xor/prompting/seed-319/run_summary.json,not-published,not-published,True,two_edit_balanced,0.47810615599155426,0.47810615599155426,C4 reuses F2 performance and adds measured parameter accounting; performance is not independent evidence.
C4,xor,lora_matched,320,F2,f2:xor:lora_matched:320,,outputs/f2/xor/lora_matched/seed-320/run_summary.json,not-published,not-published,True,two_edit_balanced,0.5033769309520721,0.5033769309520721,C4 reuses F2 performance and adds measured parameter accounting; performance is not independent evidence.
C4,xor,o2,320,F2,f2:xor:o2:320,,outputs/f2/xor/o2/seed-320/run_summary.json,not-published,not-published,True,two_edit_balanced,0.5006139874458313,0.5006139874458313,C4 reuses F2 performance and adds measured parameter accounting; performance is not independent evidence.
C4,xor,o3,320,F2,f2:xor:o3:320,,outputs/f2/xor/o3/seed-320/run_summary.json,not-published,not-published,True,two_edit_balanced,0.5006139874458313,0.5006139874458313,C4 reuses F2 performance and adds measured parameter accounting; performance is not independent evidence.
C4,xor,prompting,320,F2,f2:xor:prompting:320,,outputs/f2/xor/prompting/seed-320/run_summary.json,not-published,not-published,True,two_edit_balanced,0.5006139874458313,0.5006139874458313,C4 reuses F2 performance and adds measured parameter accounting; performance is not independent evidence.
C4,ccrgb,lora_matched,301,F2,f2:ccrgb:lora_matched:301,not-published,outputs/f2/ccrgb/lora_matched/seed-301/run_summary.json,not-published,not-published,True,two_edit_balanced,0.548951048951049,0.548951048951049,C4 reuses F2 performance and adds measured parameter accounting; performance is not independent evidence.
C4,ccrgb,o2,301,F2,f2:ccrgb:o2:301,not-published,outputs/f2/ccrgb/o2/seed-301/run_summary.json,not-published,not-published,True,two_edit_balanced,0.7797202797202798,0.7797202797202798,C4 reuses F2 performance and adds measured parameter accounting; performance is not independent evidence.
C4,ccrgb,o3,301,F2,f2:ccrgb:o3:301,not-published,outputs/f2/ccrgb/o3/seed-301/run_summary.json,not-published,not-published,True,two_edit_balanced,0.5804195804195804,0.5804195804195804,C4 reuses F2 performance and adds measured parameter accounting; performance is not independent evidence.
C4,ccrgb,prompting,301,F2,f2:ccrgb:prompting:301,not-published,outputs/f2/ccrgb/prompting/seed-301/run_summary.json,not-published,not-published,True,two_edit_balanced,0.4807692307692308,0.4807692307692308,C4 reuses F2 performance and adds measured parameter accounting; performance is not independent evidence.
C4,ccrgb,lora_matched,302,F2,f2:ccrgb:lora_matched:302,not-published,outputs/f2/ccrgb/lora_matched/seed-302/run_summary.json,not-published,not-published,True,two_edit_balanced,0.5909090909090908,0.5909090909090908,C4 reuses F2 performance and adds measured parameter accounting; performance is not independent evidence.
C4,ccrgb,o2,302,F2,f2:ccrgb:o2:302,not-published,outputs/f2/ccrgb/o2/seed-302/run_summary.json,not-published,not-published,True,two_edit_balanced,0.7797202797202798,0.7797202797202798,C4 reuses F2 performance and adds measured parameter accounting; performance is not independent evidence.
C4,ccrgb,o3,302,F2,f2:ccrgb:o3:302,not-published,outputs/f2/ccrgb/o3/seed-302/run_summary.json,not-published,not-published,True,two_edit_balanced,0.5804195804195804,0.5804195804195804,C4 reuses F2 performance and adds measured parameter accounting; performance is not independent evidence.
C4,ccrgb,prompting,302,F2,f2:ccrgb:prompting:302,not-published,outputs/f2/ccrgb/prompting/seed-302/run_summary.json,not-published,not-published,True,two_edit_balanced,0.6468531468531469,0.6468531468531469,C4 reuses F2 performance and adds measured parameter accounting; performance is not independent evidence.
C4,ccrgb,lora_matched,303,F2,f2:ccrgb:lora_matched:303,not-published,outputs/f2/ccrgb/lora_matched/seed-303/run_summary.json,not-published,not-published,True,two_edit_balanced,0.5611888111888111,0.5611888111888111,C4 reuses F2 performance and adds measured parameter accounting; performance is not independent evidence.
C4,ccrgb,o2,303,F2,f2:ccrgb:o2:303,not-published,outputs/f2/ccrgb/o2/seed-303/run_summary.json,not-published,not-published,True,two_edit_balanced,0.7797202797202798,0.7797202797202798,C4 reuses F2 performance and adds measured parameter accounting; performance is not independent evidence.
C4,ccrgb,o3,303,F2,f2:ccrgb:o3:303,not-published,outputs/f2/ccrgb/o3/seed-303/run_summary.json,not-published,not-published,True,two_edit_balanced,0.5262237762237763,0.5262237762237763,C4 reuses F2 performance and adds measured parameter accounting; performance is not independent evidence.
C4,ccrgb,prompting,303,F2,f2:ccrgb:prompting:303,not-published,outputs/f2/ccrgb/prompting/seed-303/run_summary.json,not-published,not-published,True,two_edit_balanced,0.5,0.5,C4 reuses F2 performance and adds measured parameter accounting; performance is not independent evidence.
C4,ccrgb,lora_matched,304,F2,f2:ccrgb:lora_matched:304,not-published,outputs/f2/ccrgb/lora_matched/seed-304/run_summary.json,not-published,not-published,True,two_edit_balanced,0.6818181818181819,0.6818181818181819,C4 reuses F2 performance and adds measured parameter accounting; performance is not independent evidence.
C4,ccrgb,o2,304,F2,f2:ccrgb:o2:304,not-published,outputs/f2/ccrgb/o2/seed-304/run_summary.json,not-published,not-published,True,two_edit_balanced,0.8706293706293706,0.8706293706293706,C4 reuses F2 performance and adds measured parameter accounting; performance is not independent evidence.
C4,ccrgb,o3,304,F2,f2:ccrgb:o3:304,not-published,outputs/f2/ccrgb/o3/seed-304/run_summary.json,not-published,not-published,True,two_edit_balanced,0.6520979020979021,0.6520979020979021,C4 reuses F2 performance and adds measured parameter accounting; performance is not independent evidence.
C4,ccrgb,prompting,304,F2,f2:ccrgb:prompting:304,not-published,outputs/f2/ccrgb/prompting/seed-304/run_summary.json,not-published,not-published,True,two_edit_balanced,0.6206293706293706,0.6206293706293706,C4 reuses F2 performance and adds measured parameter accounting; performance is not independent evidence.
C4,ccrgb,lora_matched,305,F2,f2:ccrgb:lora_matched:305,not-published,outputs/f2/ccrgb/lora_matched/seed-305/run_summary.json,not-published,not-published,True,two_edit_balanced,0.7062937062937062,0.7062937062937062,C4 reuses F2 performance and adds measured parameter accounting; performance is not independent evidence.
C4,ccrgb,o2,305,F2,f2:ccrgb:o2:305,not-published,outputs/f2/ccrgb/o2/seed-305/run_summary.json,not-published,not-published,True,two_edit_balanced,0.7797202797202798,0.7797202797202798,C4 reuses F2 performance and adds measured parameter accounting; performance is not independent evidence.
C4,ccrgb,o3,305,F2,f2:ccrgb:o3:305,not-published,outputs/f2/ccrgb/o3/seed-305/run_summary.json,not-published,not-published,True,two_edit_balanced,0.5419580419580419,0.5419580419580419,C4 reuses F2 performance and adds measured parameter accounting; performance is not independent evidence.
C4,ccrgb,prompting,305,F2,f2:ccrgb:prompting:305,not-published,outputs/f2/ccrgb/prompting/seed-305/run_summary.json,not-published,not-published,True,two_edit_balanced,0.5,0.5,C4 reuses F2 performance and adds measured parameter accounting; performance is not independent evidence.
C4,ccrgb,lora_matched,306,F2,f2:ccrgb:lora_matched:306,not-published,outputs/f2/ccrgb/lora_matched/seed-306/run_summary.json,not-published,not-published,True,two_edit_balanced,0.6101398601398601,0.6101398601398601,C4 reuses F2 performance and adds measured parameter accounting; performance is not independent evidence.
C4,ccrgb,o2,306,F2,f2:ccrgb:o2:306,not-published,outputs/f2/ccrgb/o2/seed-306/run_summary.json,not-published,not-published,True,two_edit_balanced,0.7797202797202798,0.7797202797202798,C4 reuses F2 performance and adds measured parameter accounting; performance is not independent evidence.
C4,ccrgb,o3,306,F2,f2:ccrgb:o3:306,not-published,outputs/f2/ccrgb/o3/seed-306/run_summary.json,not-published,not-published,True,two_edit_balanced,0.5699300699300699,0.5699300699300699,C4 reuses F2 performance and adds measured parameter accounting; performance is not independent evidence.
C4,ccrgb,prompting,306,F2,f2:ccrgb:prompting:306,not-published,outputs/f2/ccrgb/prompting/seed-306/run_summary.json,not-published,not-published,True,two_edit_balanced,0.5,0.5,C4 reuses F2 performance and adds measured parameter accounting; performance is not independent evidence.
C4,ccrgb,lora_matched,307,F2,f2:ccrgb:lora_matched:307,not-published,outputs/f2/ccrgb/lora_matched/seed-307/run_summary.json,not-published,not-published,True,two_edit_balanced,0.5646853146853147,0.5646853146853147,C4 reuses F2 performance and adds measured parameter accounting; performance is not independent evidence.
C4,ccrgb,o2,307,F2,f2:ccrgb:o2:307,not-published,outputs/f2/ccrgb/o2/seed-307/run_summary.json,not-published,not-published,True,two_edit_balanced,0.8706293706293706,0.8706293706293706,C4 reuses F2 performance and adds measured parameter accounting; performance is not independent evidence.
C4,ccrgb,o3,307,F2,f2:ccrgb:o3:307,not-published,outputs/f2/ccrgb/o3/seed-307/run_summary.json,not-published,not-published,True,two_edit_balanced,0.6136363636363636,0.6136363636363636,C4 reuses F2 performance and adds measured parameter accounting; performance is not independent evidence.
C4,ccrgb,prompting,307,F2,f2:ccrgb:prompting:307,not-published,outputs/f2/ccrgb/prompting/seed-307/run_summary.json,not-published,not-published,True,two_edit_balanced,0.5,0.5,C4 reuses F2 performance and adds measured parameter accounting; performance is not independent evidence.
C4,ccrgb,lora_matched,308,F2,f2:ccrgb:lora_matched:308,not-published,outputs/f2/ccrgb/lora_matched/seed-308/run_summary.json,not-published,not-published,True,two_edit_balanced,0.6223776223776224,0.6223776223776224,C4 reuses F2 performance and adds measured parameter accounting; performance is not independent evidence.
C4,ccrgb,o2,308,F2,f2:ccrgb:o2:308,not-published,outputs/f2/ccrgb/o2/seed-308/run_summary.json,not-published,not-published,True,two_edit_balanced,0.7797202797202798,0.7797202797202798,C4 reuses F2 performance and adds measured parameter accounting; performance is not independent evidence.
C4,ccrgb,o3,308,F2,f2:ccrgb:o3:308,not-published,outputs/f2/ccrgb/o3/seed-308/run_summary.json,not-published,not-published,True,two_edit_balanced,0.6713286713286714,0.6713286713286714,C4 reuses F2 performance and adds measured parameter accounting; performance is not independent evidence.
C4,ccrgb,prompting,308,F2,f2:ccrgb:prompting:308,not-published,outputs/f2/ccrgb/prompting/seed-308/run_summary.json,not-published,not-published,True,two_edit_balanced,0.6468531468531469,0.6468531468531469,C4 reuses F2 performance and adds measured parameter accounting; performance is not independent evidence.
C4,ccrgb,lora_matched,309,F2,f2:ccrgb:lora_matched:309,not-published,outputs/f2/ccrgb/lora_matched/seed-309/run_summary.json,not-published,not-published,True,two_edit_balanced,0.6993006993006994,0.6993006993006994,C4 reuses F2 performance and adds measured parameter accounting; performance is not independent evidence.
C4,ccrgb,o2,309,F2,f2:ccrgb:o2:309,not-published,outputs/f2/ccrgb/o2/seed-309/run_summary.json,not-published,not-published,True,two_edit_balanced,0.7797202797202798,0.7797202797202798,C4 reuses F2 performance and adds measured parameter accounting; performance is not independent evidence.
C4,ccrgb,o3,309,F2,f2:ccrgb:o3:309,not-published,outputs/f2/ccrgb/o3/seed-309/run_summary.json,not-published,not-published,True,two_edit_balanced,0.6486013986013985,0.6486013986013985,C4 reuses F2 performance and adds measured parameter accounting; performance is not independent evidence.
C4,ccrgb,prompting,309,F2,f2:ccrgb:prompting:309,not-published,outputs/f2/ccrgb/prompting/seed-309/run_summary.json,not-published,not-published,True,two_edit_balanced,0.5,0.5,C4 reuses F2 performance and adds measured parameter accounting; performance is not independent evidence.
C4,ccrgb,lora_matched,310,F2,f2:ccrgb:lora_matched:310,not-published,outputs/f2/ccrgb/lora_matched/seed-310/run_summary.json,not-published,not-published,True,two_edit_balanced,0.6223776223776224,0.6223776223776224,C4 reuses F2 performance and adds measured parameter accounting; performance is not independent evidence.
C4,ccrgb,o2,310,F2,f2:ccrgb:o2:310,not-published,outputs/f2/ccrgb/o2/seed-310/run_summary.json,not-published,not-published,True,two_edit_balanced,0.7797202797202798,0.7797202797202798,C4 reuses F2 performance and adds measured parameter accounting; performance is not independent evidence.
C4,ccrgb,o3,310,F2,f2:ccrgb:o3:310,not-published,outputs/f2/ccrgb/o3/seed-310/run_summary.json,not-published,not-published,True,two_edit_balanced,0.6031468531468531,0.6031468531468531,C4 reuses F2 performance and adds measured parameter accounting; performance is not independent evidence.
C4,ccrgb,prompting,310,F2,f2:ccrgb:prompting:310,not-published,outputs/f2/ccrgb/prompting/seed-310/run_summary.json,not-published,not-published,True,two_edit_balanced,0.6013986013986015,0.6013986013986015,C4 reuses F2 performance and adds measured parameter accounting; performance is not independent evidence.
C4,ccrgb,lora_matched,311,F2,f2:ccrgb:lora_matched:311,not-published,outputs/f2/ccrgb/lora_matched/seed-311/run_summary.json,not-published,not-published,True,two_edit_balanced,0.5996503496503496,0.5996503496503496,C4 reuses F2 performance and adds measured parameter accounting; performance is not independent evidence.
C4,ccrgb,o2,311,F2,f2:ccrgb:o2:311,not-published,outputs/f2/ccrgb/o2/seed-311/run_summary.json,not-published,not-published,True,two_edit_balanced,0.7797202797202798,0.7797202797202798,C4 reuses F2 performance and adds measured parameter accounting; performance is not independent evidence.
C4,ccrgb,o3,311,F2,f2:ccrgb:o3:311,not-published,outputs/f2/ccrgb/o3/seed-311/run_summary.json,not-published,not-published,True,two_edit_balanced,0.5874125874125874,0.5874125874125874,C4 reuses F2 performance and adds measured parameter accounting; performance is not independent evidence.
C4,ccrgb,prompting,311,F2,f2:ccrgb:prompting:311,not-published,outputs/f2/ccrgb/prompting/seed-311/run_summary.json,not-published,not-published,True,two_edit_balanced,0.6783216783216783,0.6783216783216783,C4 reuses F2 performance and adds measured parameter accounting; performance is not independent evidence.
C4,ccrgb,lora_matched,312,F2,f2:ccrgb:lora_matched:312,not-published,outputs/f2/ccrgb/lora_matched/seed-312/run_summary.json,not-published,not-published,True,two_edit_balanced,0.6870629370629371,0.6870629370629371,C4 reuses F2 performance and adds measured parameter accounting; performance is not independent evidence.
C4,ccrgb,o2,312,F2,f2:ccrgb:o2:312,not-published,outputs/f2/ccrgb/o2/seed-312/run_summary.json,not-published,not-published,True,two_edit_balanced,0.7797202797202798,0.7797202797202798,C4 reuses F2 performance and adds measured parameter accounting; performance is not independent evidence.
C4,ccrgb,o3,312,F2,f2:ccrgb:o3:312,not-published,outputs/f2/ccrgb/o3/seed-312/run_summary.json,not-published,not-published,True,two_edit_balanced,0.8164335664335665,0.8164335664335665,C4 reuses F2 performance and adds measured parameter accounting; performance is not independent evidence.
C4,ccrgb,prompting,312,F2,f2:ccrgb:prompting:312,not-published,outputs/f2/ccrgb/prompting/seed-312/run_summary.json,not-published,not-published,True,two_edit_balanced,0.6783216783216783,0.6783216783216783,C4 reuses F2 performance and adds measured parameter accounting; performance is not independent evidence.
C4,ccrgb,lora_matched,313,F2,f2:ccrgb:lora_matched:313,not-published,outputs/f2/ccrgb/lora_matched/seed-313/run_summary.json,not-published,not-published,True,two_edit_balanced,0.736013986013986,0.736013986013986,C4 reuses F2 performance and adds measured parameter accounting; performance is not independent evidence.
C4,ccrgb,o2,313,F2,f2:ccrgb:o2:313,not-published,outputs/f2/ccrgb/o2/seed-313/run_summary.json,not-published,not-published,True,two_edit_balanced,0.7797202797202798,0.7797202797202798,C4 reuses F2 performance and adds measured parameter accounting; performance is not independent evidence.
C4,ccrgb,o3,313,F2,f2:ccrgb:o3:313,not-published,outputs/f2/ccrgb/o3/seed-313/run_summary.json,not-published,not-published,True,two_edit_balanced,0.5576923076923077,0.5576923076923077,C4 reuses F2 performance and adds measured parameter accounting; performance is not independent evidence.
C4,ccrgb,prompting,313,F2,f2:ccrgb:prompting:313,not-published,outputs/f2/ccrgb/prompting/seed-313/run_summary.json,not-published,not-published,True,two_edit_balanced,0.6468531468531469,0.6468531468531469,C4 reuses F2 performance and adds measured parameter accounting; performance is not independent evidence.
C4,ccrgb,lora_matched,314,F2,f2:ccrgb:lora_matched:314,not-published,outputs/f2/ccrgb/lora_matched/seed-314/run_summary.json,not-published,not-published,True,two_edit_balanced,0.6188811188811189,0.6188811188811189,C4 reuses F2 performance and adds measured parameter accounting; performance is not independent evidence.
C4,ccrgb,o2,314,F2,f2:ccrgb:o2:314,not-published,outputs/f2/ccrgb/o2/seed-314/run_summary.json,not-published,not-published,True,two_edit_balanced,0.7797202797202798,0.7797202797202798,C4 reuses F2 performance and adds measured parameter accounting; performance is not independent evidence.
C4,ccrgb,o3,314,F2,f2:ccrgb:o3:314,not-published,outputs/f2/ccrgb/o3/seed-314/run_summary.json,not-published,not-published,True,two_edit_balanced,0.75,0.75,C4 reuses F2 performance and adds measured parameter accounting; performance is not independent evidence.
C4,ccrgb,prompting,314,F2,f2:ccrgb:prompting:314,not-published,outputs/f2/ccrgb/prompting/seed-314/run_summary.json,not-published,not-published,True,two_edit_balanced,0.5,0.5,C4 reuses F2 performance and adds measured parameter accounting; performance is not independent evidence.
C4,ccrgb,lora_matched,315,F2,f2:ccrgb:lora_matched:315,not-published,outputs/f2/ccrgb/lora_matched/seed-315/run_summary.json,not-published,not-published,True,two_edit_balanced,0.6608391608391608,0.6608391608391608,C4 reuses F2 performance and adds measured parameter accounting; performance is not independent evidence.
C4,ccrgb,o2,315,F2,f2:ccrgb:o2:315,not-published,outputs/f2/ccrgb/o2/seed-315/run_summary.json,not-published,not-published,True,two_edit_balanced,0.7797202797202798,0.7797202797202798,C4 reuses F2 performance and adds measured parameter accounting; performance is not independent evidence.
C4,ccrgb,o3,315,F2,f2:ccrgb:o3:315,not-published,outputs/f2/ccrgb/o3/seed-315/run_summary.json,not-published,not-published,True,two_edit_balanced,0.7552447552447552,0.7552447552447552,C4 reuses F2 performance and adds measured parameter accounting; performance is not independent evidence.
C4,ccrgb,prompting,315,F2,f2:ccrgb:prompting:315,not-published,outputs/f2/ccrgb/prompting/seed-315/run_summary.json,not-published,not-published,True,two_edit_balanced,0.5,0.5,C4 reuses F2 performance and adds measured parameter accounting; performance is not independent evidence.
C4,ccrgb,lora_matched,316,F2,f2:ccrgb:lora_matched:316,not-published,outputs/f2/ccrgb/lora_matched/seed-316/run_summary.json,not-published,not-published,True,two_edit_balanced,0.4493006993006993,0.4493006993006993,C4 reuses F2 performance and adds measured parameter accounting; performance is not independent evidence.
C4,ccrgb,o2,316,F2,f2:ccrgb:o2:316,not-published,outputs/f2/ccrgb/o2/seed-316/run_summary.json,not-published,not-published,True,two_edit_balanced,0.8706293706293706,0.8706293706293706,C4 reuses F2 performance and adds measured parameter accounting; performance is not independent evidence.
C4,ccrgb,o3,316,F2,f2:ccrgb:o3:316,not-published,outputs/f2/ccrgb/o3/seed-316/run_summary.json,not-published,not-published,True,two_edit_balanced,0.5961538461538461,0.5961538461538461,C4 reuses F2 performance and adds measured parameter accounting; performance is not independent evidence.
C4,ccrgb,prompting,316,F2,f2:ccrgb:prompting:316,not-published,outputs/f2/ccrgb/prompting/seed-316/run_summary.json,not-published,not-published,True,two_edit_balanced,0.5314685314685315,0.5314685314685315,C4 reuses F2 performance and adds measured parameter accounting; performance is not independent evidence.
C4,ccrgb,lora_matched,317,F2,f2:ccrgb:lora_matched:317,not-published,outputs/f2/ccrgb/lora_matched/seed-317/run_summary.json,not-published,not-published,True,two_edit_balanced,0.6328671328671329,0.6328671328671329,C4 reuses F2 performance and adds measured parameter accounting; performance is not independent evidence.
C4,ccrgb,o2,317,F2,f2:ccrgb:o2:317,not-published,outputs/f2/ccrgb/o2/seed-317/run_summary.json,not-published,not-published,True,two_edit_balanced,0.7797202797202798,0.7797202797202798,C4 reuses F2 performance and adds measured parameter accounting; performance is not independent evidence.
C4,ccrgb,o3,317,F2,f2:ccrgb:o3:317,not-published,outputs/f2/ccrgb/o3/seed-317/run_summary.json,not-published,not-published,True,two_edit_balanced,0.7447552447552448,0.7447552447552448,C4 reuses F2 performance and adds measured parameter accounting; performance is not independent evidence.
C4,ccrgb,prompting,317,F2,f2:ccrgb:prompting:317,not-published,outputs/f2/ccrgb/prompting/seed-317/run_summary.json,not-published,not-published,True,two_edit_balanced,0.2902097902097902,0.2902097902097902,C4 reuses F2 performance and adds measured parameter accounting; performance is not independent evidence.
C4,ccrgb,lora_matched,318,F2,f2:ccrgb:lora_matched:318,not-published,outputs/f2/ccrgb/lora_matched/seed-318/run_summary.json,not-published,not-published,True,two_edit_balanced,0.6800699300699301,0.6800699300699301,C4 reuses F2 performance and adds measured parameter accounting; performance is not independent evidence.
C4,ccrgb,o2,318,F2,f2:ccrgb:o2:318,not-published,outputs/f2/ccrgb/o2/seed-318/run_summary.json,not-published,not-published,True,two_edit_balanced,0.8706293706293706,0.8706293706293706,C4 reuses F2 performance and adds measured parameter accounting; performance is not independent evidence.
C4,ccrgb,o3,318,F2,f2:ccrgb:o3:318,not-published,outputs/f2/ccrgb/o3/seed-318/run_summary.json,not-published,not-published,True,two_edit_balanced,0.5804195804195804,0.5804195804195804,C4 reuses F2 performance and adds measured parameter accounting; performance is not independent evidence.
C4,ccrgb,prompting,318,F2,f2:ccrgb:prompting:318,not-published,outputs/f2/ccrgb/prompting/seed-318/run_summary.json,not-published,not-published,True,two_edit_balanced,0.4475524475524476,0.4475524475524476,C4 reuses F2 performance and adds measured parameter accounting; performance is not independent evidence.
C4,ccrgb,lora_matched,319,F2,f2:ccrgb:lora_matched:319,not-published,outputs/f2/ccrgb/lora_matched/seed-319/run_summary.json,not-published,not-published,True,two_edit_balanced,0.6346153846153846,0.6346153846153846,C4 reuses F2 performance and adds measured parameter accounting; performance is not independent evidence.
C4,ccrgb,o2,319,F2,f2:ccrgb:o2:319,not-published,outputs/f2/ccrgb/o2/seed-319/run_summary.json,not-published,not-published,True,two_edit_balanced,0.8251748251748252,0.8251748251748252,C4 reuses F2 performance and adds measured parameter accounting; performance is not independent evidence.
C4,ccrgb,o3,319,F2,f2:ccrgb:o3:319,not-published,outputs/f2/ccrgb/o3/seed-319/run_summary.json,not-published,not-published,True,two_edit_balanced,0.6800699300699301,0.6800699300699301,C4 reuses F2 performance and adds measured parameter accounting; performance is not independent evidence.
C4,ccrgb,prompting,319,F2,f2:ccrgb:prompting:319,not-published,outputs/f2/ccrgb/prompting/seed-319/run_summary.json,not-published,not-published,True,two_edit_balanced,0.5367132867132867,0.5367132867132867,C4 reuses F2 performance and adds measured parameter accounting; performance is not independent evidence.
C4,ccrgb,lora_matched,320,F2,f2:ccrgb:lora_matched:320,not-published,outputs/f2/ccrgb/lora_matched/seed-320/run_summary.json,not-published,not-published,True,two_edit_balanced,0.6555944055944056,0.6555944055944056,C4 reuses F2 performance and adds measured parameter accounting; performance is not independent evidence.
C4,ccrgb,o2,320,F2,f2:ccrgb:o2:320,not-published,outputs/f2/ccrgb/o2/seed-320/run_summary.json,not-published,not-published,True,two_edit_balanced,0.8706293706293706,0.8706293706293706,C4 reuses F2 performance and adds measured parameter accounting; performance is not independent evidence.
C4,ccrgb,o3,320,F2,f2:ccrgb:o3:320,not-published,outputs/f2/ccrgb/o3/seed-320/run_summary.json,not-published,not-published,True,two_edit_balanced,0.6835664335664335,0.6835664335664335,C4 reuses F2 performance and adds measured parameter accounting; performance is not independent evidence.
C4,ccrgb,prompting,320,F2,f2:ccrgb:prompting:320,not-published,outputs/f2/ccrgb/prompting/seed-320/run_summary.json,not-published,not-published,True,two_edit_balanced,0.5,0.5,C4 reuses F2 performance and adds measured parameter accounting; performance is not independent evidence.
C4,cladder,lora_matched,301,F2,f2:cladder:lora_matched:301,not-published,outputs/f2/cladder/lora_matched/seed-301/run_summary.json,not-published,not-published,True,two_edit_balanced,0.5890991724325059,0.5890991724325059,C4 reuses F2 performance and adds measured parameter accounting; performance is not independent evidence.
C4,cladder,o2,301,F2,f2:cladder:o2:301,not-published,outputs/f2/cladder/o2/seed-301/run_summary.json,not-published,not-published,True,two_edit_balanced,0.764041514041514,0.764041514041514,C4 reuses F2 performance and adds measured parameter accounting; performance is not independent evidence.
C4,cladder,o3,301,F2,f2:cladder:o3:301,not-published,outputs/f2/cladder/o3/seed-301/run_summary.json,not-published,not-published,True,two_edit_balanced,0.5938135938135938,0.5938135938135938,C4 reuses F2 performance and adds measured parameter accounting; performance is not independent evidence.
C4,cladder,prompting,301,F2,f2:cladder:prompting:301,not-published,outputs/f2/cladder/prompting/seed-301/run_summary.json,not-published,not-published,True,two_edit_balanced,0.5251221001221001,0.5251221001221001,C4 reuses F2 performance and adds measured parameter accounting; performance is not independent evidence.
C4,cladder,lora_matched,302,F2,f2:cladder:lora_matched:302,not-published,outputs/f2/cladder/lora_matched/seed-302/run_summary.json,not-published,not-published,True,two_edit_balanced,0.6057590557590558,0.6057590557590558,C4 reuses F2 performance and adds measured parameter accounting; performance is not independent evidence.
C4,cladder,o2,302,F2,f2:cladder:o2:302,not-published,outputs/f2/cladder/o2/seed-302/run_summary.json,not-published,not-published,True,two_edit_balanced,0.7550637633970967,0.7550637633970967,C4 reuses F2 performance and adds measured parameter accounting; performance is not independent evidence.
C4,cladder,o3,302,F2,f2:cladder:o3:302,not-published,outputs/f2/cladder/o3/seed-302/run_summary.json,not-published,not-published,True,two_edit_balanced,0.6397775064441731,0.6397775064441731,C4 reuses F2 performance and adds measured parameter accounting; performance is not independent evidence.
C4,cladder,prompting,302,F2,f2:cladder:prompting:302,not-published,outputs/f2/cladder/prompting/seed-302/run_summary.json,not-published,not-published,True,two_edit_balanced,0.5121794871794871,0.5121794871794871,C4 reuses F2 performance and adds measured parameter accounting; performance is not independent evidence.
C4,cladder,lora_matched,303,F2,f2:cladder:lora_matched:303,not-published,outputs/f2/cladder/lora_matched/seed-303/run_summary.json,not-published,not-published,True,two_edit_balanced,0.578646045312712,0.578646045312712,C4 reuses F2 performance and adds measured parameter accounting; performance is not independent evidence.
C4,cladder,o2,303,F2,f2:cladder:o2:303,not-published,outputs/f2/cladder/o2/seed-303/run_summary.json,not-published,not-published,True,two_edit_balanced,0.7509462759462759,0.7509462759462759,C4 reuses F2 performance and adds measured parameter accounting; performance is not independent evidence.
C4,cladder,o3,303,F2,f2:cladder:o3:303,not-published,outputs/f2/cladder/o3/seed-303/run_summary.json,not-published,not-published,True,two_edit_balanced,0.6382037715371048,0.6382037715371048,C4 reuses F2 performance and adds measured parameter accounting; performance is not independent evidence.
C4,cladder,prompting,303,F2,f2:cladder:prompting:303,not-published,outputs/f2/cladder/prompting/seed-303/run_summary.json,not-published,not-published,True,two_edit_balanced,0.5256003256003257,0.5256003256003257,C4 reuses F2 performance and adds measured parameter accounting; performance is not independent evidence.
C4,cladder,lora_matched,304,F2,f2:cladder:lora_matched:304,not-published,outputs/f2/cladder/lora_matched/seed-304/run_summary.json,not-published,not-published,True,two_edit_balanced,0.602336860670194,0.602336860670194,C4 reuses F2 performance and adds measured parameter accounting; performance is not independent evidence.
C4,cladder,o2,304,F2,f2:cladder:o2:304,not-published,outputs/f2/cladder/o2/seed-304/run_summary.json,not-published,not-published,True,two_edit_balanced,0.7568986568986569,0.7568986568986569,C4 reuses F2 performance and adds measured parameter accounting; performance is not independent evidence.
C4,cladder,o3,304,F2,f2:cladder:o3:304,not-published,outputs/f2/cladder/o3/seed-304/run_summary.json,not-published,not-published,True,two_edit_balanced,0.5324311490978157,0.5324311490978157,C4 reuses F2 performance and adds measured parameter accounting; performance is not independent evidence.
C4,cladder,prompting,304,F2,f2:cladder:prompting:304,not-published,outputs/f2/cladder/prompting/seed-304/run_summary.json,not-published,not-published,True,two_edit_balanced,0.507000407000407,0.507000407000407,C4 reuses F2 performance and adds measured parameter accounting; performance is not independent evidence.
C4,cladder,lora_matched,305,F2,f2:cladder:lora_matched:305,not-published,outputs/f2/cladder/lora_matched/seed-305/run_summary.json,not-published,not-published,True,two_edit_balanced,0.6308540225206892,0.6308540225206892,C4 reuses F2 performance and adds measured parameter accounting; performance is not independent evidence.
C4,cladder,o2,305,F2,f2:cladder:o2:305,not-published,outputs/f2/cladder/o2/seed-305/run_summary.json,not-published,not-published,True,two_edit_balanced,0.7596900013566681,0.7596900013566681,C4 reuses F2 performance and adds measured parameter accounting; performance is not independent evidence.
C4,cladder,o3,305,F2,f2:cladder:o3:305,not-published,outputs/f2/cladder/o3/seed-305/run_summary.json,not-published,not-published,True,two_edit_balanced,0.6683998100664768,0.6683998100664768,C4 reuses F2 performance and adds measured parameter accounting; performance is not independent evidence.
C4,cladder,prompting,305,F2,f2:cladder:prompting:305,not-published,outputs/f2/cladder/prompting/seed-305/run_summary.json,not-published,not-published,True,two_edit_balanced,0.5109042192375526,0.5109042192375526,C4 reuses F2 performance and adds measured parameter accounting; performance is not independent evidence.
C4,cladder,lora_matched,306,F2,f2:cladder:lora_matched:306,not-published,outputs/f2/cladder/lora_matched/seed-306/run_summary.json,not-published,not-published,True,two_edit_balanced,0.5974121557454891,0.5974121557454891,C4 reuses F2 performance and adds measured parameter accounting; performance is not independent evidence.
C4,cladder,o2,306,F2,f2:cladder:o2:306,not-published,outputs/f2/cladder/o2/seed-306/run_summary.json,not-published,not-published,True,two_edit_balanced,0.7581535748202415,0.7581535748202415,C4 reuses F2 performance and adds measured parameter accounting; performance is not independent evidence.
C4,cladder,o3,306,F2,f2:cladder:o3:306,not-published,outputs/f2/cladder/o3/seed-306/run_summary.json,not-published,not-published,True,two_edit_balanced,0.5568409985076652,0.5568409985076652,C4 reuses F2 performance and adds measured parameter accounting; performance is not independent evidence.
C4,cladder,prompting,306,F2,f2:cladder:prompting:306,not-published,outputs/f2/cladder/prompting/seed-306/run_summary.json,not-published,not-published,True,two_edit_balanced,0.5037444037444038,0.5037444037444038,C4 reuses F2 performance and adds measured parameter accounting; performance is not independent evidence.
C4,cladder,lora_matched,307,F2,f2:cladder:lora_matched:307,not-published,outputs/f2/cladder/lora_matched/seed-307/run_summary.json,not-published,not-published,True,two_edit_balanced,0.6058540225206892,0.6058540225206892,C4 reuses F2 performance and adds measured parameter accounting; performance is not independent evidence.
C4,cladder,o2,307,F2,f2:cladder:o2:307,not-published,outputs/f2/cladder/o2/seed-307/run_summary.json,not-published,not-published,True,two_edit_balanced,0.7424365757699091,0.7424365757699091,C4 reuses F2 performance and adds measured parameter accounting; performance is not independent evidence.
C4,cladder,o3,307,F2,f2:cladder:o3:307,not-published,outputs/f2/cladder/o3/seed-307/run_summary.json,not-published,not-published,True,two_edit_balanced,0.6575091575091575,0.6575091575091575,C4 reuses F2 performance and adds measured parameter accounting; performance is not independent evidence.
C4,cladder,prompting,307,F2,f2:cladder:prompting:307,not-published,outputs/f2/cladder/prompting/seed-307/run_summary.json,not-published,not-published,True,two_edit_balanced,0.4890957807624474,0.4890957807624474,C4 reuses F2 performance and adds measured parameter accounting; performance is not independent evidence.
C4,cladder,lora_matched,308,F2,f2:cladder:lora_matched:308,not-published,outputs/f2/cladder/lora_matched/seed-308/run_summary.json,not-published,not-published,True,two_edit_balanced,0.6067019400352733,0.6067019400352733,C4 reuses F2 performance and adds measured parameter accounting; performance is not independent evidence.
C4,cladder,o2,308,F2,f2:cladder:o2:308,not-published,outputs/f2/cladder/o2/seed-308/run_summary.json,not-published,not-published,True,two_edit_balanced,0.7473884140550807,0.7473884140550807,C4 reuses F2 performance and adds measured parameter accounting; performance is not independent evidence.
C4,cladder,o3,308,F2,f2:cladder:o3:308,not-published,outputs/f2/cladder/o3/seed-308/run_summary.json,not-published,not-published,True,two_edit_balanced,0.6604497354497354,0.6604497354497354,C4 reuses F2 performance and adds measured parameter accounting; performance is not independent evidence.
C4,cladder,prompting,308,F2,f2:cladder:prompting:308,not-published,outputs/f2/cladder/prompting/seed-308/run_summary.json,not-published,not-published,True,two_edit_balanced,0.5109042192375526,0.5109042192375526,C4 reuses F2 performance and adds measured parameter accounting; performance is not independent evidence.
C4,cladder,lora_matched,309,F2,f2:cladder:lora_matched:309,not-published,outputs/f2/cladder/lora_matched/seed-309/run_summary.json,not-published,not-published,True,two_edit_balanced,0.603123728123728,0.603123728123728,C4 reuses F2 performance and adds measured parameter accounting; performance is not independent evidence.
C4,cladder,o2,309,F2,f2:cladder:o2:309,not-published,outputs/f2/cladder/o2/seed-309/run_summary.json,not-published,not-published,True,two_edit_balanced,0.7494369827703161,0.7494369827703161,C4 reuses F2 performance and adds measured parameter accounting; performance is not independent evidence.
C4,cladder,o3,309,F2,f2:cladder:o3:309,not-published,outputs/f2/cladder/o3/seed-309/run_summary.json,not-published,not-published,True,two_edit_balanced,0.6497897164563831,0.6497897164563831,C4 reuses F2 performance and adds measured parameter accounting; performance is not independent evidence.
C4,cladder,prompting,309,F2,f2:cladder:prompting:309,not-published,outputs/f2/cladder/prompting/seed-309/run_summary.json,not-published,not-published,True,two_edit_balanced,0.4879968796635463,0.4879968796635463,C4 reuses F2 performance and adds measured parameter accounting; performance is not independent evidence.
C4,cladder,lora_matched,310,F2,f2:cladder:lora_matched:310,not-published,outputs/f2/cladder/lora_matched/seed-310/run_summary.json,not-published,not-published,True,two_edit_balanced,0.607624474291141,0.607624474291141,C4 reuses F2 performance and adds measured parameter accounting; performance is not independent evidence.
C4,cladder,o2,310,F2,f2:cladder:o2:310,not-published,outputs/f2/cladder/o2/seed-310/run_summary.json,not-published,not-published,True,two_edit_balanced,0.7668769502102836,0.7668769502102836,C4 reuses F2 performance and adds measured parameter accounting; performance is not independent evidence.
C4,cladder,o3,310,F2,f2:cladder:o3:310,not-published,outputs/f2/cladder/o3/seed-310/run_summary.json,not-published,not-published,True,two_edit_balanced,0.5070580653913987,0.5070580653913987,C4 reuses F2 performance and adds measured parameter accounting; performance is not independent evidence.
C4,cladder,prompting,310,F2,f2:cladder:prompting:310,not-published,outputs/f2/cladder/prompting/seed-310/run_summary.json,not-published,not-published,True,two_edit_balanced,0.5177486094152761,0.5177486094152761,C4 reuses F2 performance and adds measured parameter accounting; performance is not independent evidence.
C4,cladder,lora_matched,311,F2,f2:cladder:lora_matched:311,not-published,outputs/f2/cladder/lora_matched/seed-311/run_summary.json,not-published,not-published,True,two_edit_balanced,0.6145061728395063,0.6145061728395063,C4 reuses F2 performance and adds measured parameter accounting; performance is not independent evidence.
C4,cladder,o2,311,F2,f2:cladder:o2:311,not-published,outputs/f2/cladder/o2/seed-311/run_summary.json,not-published,not-published,True,two_edit_balanced,0.7586284086284086,0.7586284086284086,C4 reuses F2 performance and adds measured parameter accounting; performance is not independent evidence.
C4,cladder,o3,311,F2,f2:cladder:o3:311,not-published,outputs/f2/cladder/o3/seed-311/run_summary.json,not-published,not-published,True,two_edit_balanced,0.624023199023199,0.624023199023199,C4 reuses F2 performance and adds measured parameter accounting; performance is not independent evidence.
C4,cladder,prompting,311,F2,f2:cladder:prompting:311,not-published,outputs/f2/cladder/prompting/seed-311/run_summary.json,not-published,not-published,True,two_edit_balanced,0.5031779948446615,0.5031779948446615,C4 reuses F2 performance and adds measured parameter accounting; performance is not independent evidence.
C4,cladder,lora_matched,312,F2,f2:cladder:lora_matched:312,not-published,outputs/f2/cladder/lora_matched/seed-312/run_summary.json,not-published,not-published,True,two_edit_balanced,0.5936304436304436,0.5936304436304436,C4 reuses F2 performance and adds measured parameter accounting; performance is not independent evidence.
C4,cladder,o2,312,F2,f2:cladder:o2:312,not-published,outputs/f2/cladder/o2/seed-312/run_summary.json,not-published,not-published,True,two_edit_balanced,0.7538732872066205,0.7538732872066205,C4 reuses F2 performance and adds measured parameter accounting; performance is not independent evidence.
C4,cladder,o3,312,F2,f2:cladder:o3:312,not-published,outputs/f2/cladder/o3/seed-312/run_summary.json,not-published,not-published,True,two_edit_balanced,0.6670329670329671,0.6670329670329671,C4 reuses F2 performance and adds measured parameter accounting; performance is not independent evidence.
C4,cladder,prompting,312,F2,f2:cladder:prompting:312,not-published,outputs/f2/cladder/prompting/seed-312/run_summary.json,not-published,not-published,True,two_edit_balanced,0.496011396011396,0.496011396011396,C4 reuses F2 performance and adds measured parameter accounting; performance is not independent evidence.
C4,cladder,lora_matched,313,F2,f2:cladder:lora_matched:313,not-published,outputs/f2/cladder/lora_matched/seed-313/run_summary.json,not-published,not-published,True,two_edit_balanced,0.6098901098901099,0.6098901098901099,C4 reuses F2 performance and adds measured parameter accounting; performance is not independent evidence.
C4,cladder,o2,313,F2,f2:cladder:o2:313,not-published,outputs/f2/cladder/o2/seed-313/run_summary.json,not-published,not-published,True,two_edit_balanced,0.7551553384886718,0.7551553384886718,C4 reuses F2 performance and adds measured parameter accounting; performance is not independent evidence.
C4,cladder,o3,313,F2,f2:cladder:o3:313,not-published,outputs/f2/cladder/o3/seed-313/run_summary.json,not-published,not-published,True,two_edit_balanced,0.5756783340116673,0.5756783340116673,C4 reuses F2 performance and adds measured parameter accounting; performance is not independent evidence.
C4,cladder,prompting,313,F2,f2:cladder:prompting:313,not-published,outputs/f2/cladder/prompting/seed-313/run_summary.json,not-published,not-published,True,two_edit_balanced,0.4890957807624474,0.4890957807624474,C4 reuses F2 performance and adds measured parameter accounting; performance is not independent evidence.
C4,cladder,lora_matched,314,F2,f2:cladder:lora_matched:314,not-published,outputs/f2/cladder/lora_matched/seed-314/run_summary.json,not-published,not-published,True,two_edit_balanced,0.5922839506172839,0.5922839506172839,C4 reuses F2 performance and adds measured parameter accounting; performance is not independent evidence.
C4,cladder,o2,314,F2,f2:cladder:o2:314,not-published,outputs/f2/cladder/o2/seed-314/run_summary.json,not-published,not-published,True,two_edit_balanced,0.74494301994302,0.74494301994302,C4 reuses F2 performance and adds measured parameter accounting; performance is not independent evidence.
C4,cladder,o3,314,F2,f2:cladder:o3:314,not-published,outputs/f2/cladder/o3/seed-314/run_summary.json,not-published,not-published,True,two_edit_balanced,0.6597476597476597,0.6597476597476597,C4 reuses F2 performance and adds measured parameter accounting; performance is not independent evidence.
C4,cladder,prompting,314,F2,f2:cladder:prompting:314,not-published,outputs/f2/cladder/prompting/seed-314/run_summary.json,not-published,not-published,True,two_edit_balanced,0.47077397910731245,0.47077397910731245,C4 reuses F2 performance and adds measured parameter accounting; performance is not independent evidence.
C4,cladder,lora_matched,315,F2,f2:cladder:lora_matched:315,not-published,outputs/f2/cladder/lora_matched/seed-315/run_summary.json,not-published,not-published,True,two_edit_balanced,0.600664767331434,0.600664767331434,C4 reuses F2 performance and adds measured parameter accounting; performance is not independent evidence.
C4,cladder,o2,315,F2,f2:cladder:o2:315,not-published,outputs/f2/cladder/o2/seed-315/run_summary.json,not-published,not-published,True,two_edit_balanced,0.7687118437118436,0.7687118437118436,C4 reuses F2 performance and adds measured parameter accounting; performance is not independent evidence.
C4,cladder,o3,315,F2,f2:cladder:o3:315,not-published,outputs/f2/cladder/o3/seed-315/run_summary.json,not-published,not-published,True,two_edit_balanced,0.6895333061999729,0.6895333061999729,C4 reuses F2 performance and adds measured parameter accounting; performance is not independent evidence.
C4,cladder,prompting,315,F2,f2:cladder:prompting:315,not-published,outputs/f2/cladder/prompting/seed-315/run_summary.json,not-published,not-published,True,two_edit_balanced,0.4890957807624474,0.4890957807624474,C4 reuses F2 performance and adds measured parameter accounting; performance is not independent evidence.
C4,cladder,lora_matched,316,F2,f2:cladder:lora_matched:316,not-published,outputs/f2/cladder/lora_matched/seed-316/run_summary.json,not-published,not-published,True,two_edit_balanced,0.6133156966490301,0.6133156966490301,C4 reuses F2 performance and adds measured parameter accounting; performance is not independent evidence.
C4,cladder,o2,316,F2,f2:cladder:o2:316,not-published,outputs/f2/cladder/o2/seed-316/run_summary.json,not-published,not-published,True,two_edit_balanced,0.7686067019400353,0.7686067019400353,C4 reuses F2 performance and adds measured parameter accounting; performance is not independent evidence.
C4,cladder,o3,316,F2,f2:cladder:o3:316,not-published,outputs/f2/cladder/o3/seed-316/run_summary.json,not-published,not-published,True,two_edit_balanced,0.6248032831366165,0.6248032831366165,C4 reuses F2 performance and adds measured parameter accounting; performance is not independent evidence.
C4,cladder,prompting,316,F2,f2:cladder:prompting:316,not-published,outputs/f2/cladder/prompting/seed-316/run_summary.json,not-published,not-published,True,two_edit_balanced,0.4890957807624474,0.4890957807624474,C4 reuses F2 performance and adds measured parameter accounting; performance is not independent evidence.
C4,cladder,lora_matched,317,F2,f2:cladder:lora_matched:317,not-published,outputs/f2/cladder/lora_matched/seed-317/run_summary.json,not-published,not-published,True,two_edit_balanced,0.605752272418939,0.605752272418939,C4 reuses F2 performance and adds measured parameter accounting; performance is not independent evidence.
C4,cladder,o2,317,F2,f2:cladder:o2:317,not-published,outputs/f2/cladder/o2/seed-317/run_summary.json,not-published,not-published,True,two_edit_balanced,0.7433150183150183,0.7433150183150183,C4 reuses F2 performance and adds measured parameter accounting; performance is not independent evidence.
C4,cladder,o3,317,F2,f2:cladder:o3:317,not-published,outputs/f2/cladder/o3/seed-317/run_summary.json,not-published,not-published,True,two_edit_balanced,0.635938135938136,0.635938135938136,C4 reuses F2 performance and adds measured parameter accounting; performance is not independent evidence.
C4,cladder,prompting,317,F2,f2:cladder:prompting:317,not-published,outputs/f2/cladder/prompting/seed-317/run_summary.json,not-published,not-published,True,two_edit_balanced,0.4924501424501425,0.4924501424501425,C4 reuses F2 performance and adds measured parameter accounting; performance is not independent evidence.
C4,cladder,lora_matched,318,F2,f2:cladder:lora_matched:318,not-published,outputs/f2/cladder/lora_matched/seed-318/run_summary.json,not-published,not-published,True,two_edit_balanced,0.6148589065255732,0.6148589065255732,C4 reuses F2 performance and adds measured parameter accounting; performance is not independent evidence.
C4,cladder,o2,318,F2,f2:cladder:o2:318,not-published,outputs/f2/cladder/o2/seed-318/run_summary.json,not-published,not-published,True,two_edit_balanced,0.7663512413512413,0.7663512413512413,C4 reuses F2 performance and adds measured parameter accounting; performance is not independent evidence.
C4,cladder,o3,318,F2,f2:cladder:o3:318,not-published,outputs/f2/cladder/o3/seed-318/run_summary.json,not-published,not-published,True,two_edit_balanced,0.6503086419753086,0.6503086419753086,C4 reuses F2 performance and adds measured parameter accounting; performance is not independent evidence.
C4,cladder,prompting,318,F2,f2:cladder:prompting:318,not-published,outputs/f2/cladder/prompting/seed-318/run_summary.json,not-published,not-published,True,two_edit_balanced,0.5000203500203501,0.5000203500203501,C4 reuses F2 performance and adds measured parameter accounting; performance is not independent evidence.
C4,cladder,lora_matched,319,F2,f2:cladder:lora_matched:319,not-published,outputs/f2/cladder/lora_matched/seed-319/run_summary.json,not-published,not-published,True,two_edit_balanced,0.6179080179080179,0.6179080179080179,C4 reuses F2 performance and adds measured parameter accounting; performance is not independent evidence.
C4,cladder,o2,319,F2,f2:cladder:o2:319,not-published,outputs/f2/cladder/o2/seed-319/run_summary.json,not-published,not-published,True,two_edit_balanced,0.7513159679826347,0.7513159679826347,C4 reuses F2 performance and adds measured parameter accounting; performance is not independent evidence.
C4,cladder,o3,319,F2,f2:cladder:o3:319,not-published,outputs/f2/cladder/o3/seed-319/run_summary.json,not-published,not-published,True,two_edit_balanced,0.676600868267535,0.676600868267535,C4 reuses F2 performance and adds measured parameter accounting; performance is not independent evidence.
C4,cladder,prompting,319,F2,f2:cladder:prompting:319,not-published,outputs/f2/cladder/prompting/seed-319/run_summary.json,not-published,not-published,True,two_edit_balanced,0.4890957807624474,0.4890957807624474,C4 reuses F2 performance and adds measured parameter accounting; performance is not independent evidence.
C4,cladder,lora_matched,320,F2,f2:cladder:lora_matched:320,not-published,outputs/f2/cladder/lora_matched/seed-320/run_summary.json,not-published,not-published,True,two_edit_balanced,0.6205060371727038,0.6205060371727038,C4 reuses F2 performance and adds measured parameter accounting; performance is not independent evidence.
C4,cladder,o2,320,F2,f2:cladder:o2:320,not-published,outputs/f2/cladder/o2/seed-320/run_summary.json,not-published,not-published,True,two_edit_balanced,0.7621150454483787,0.7621150454483787,C4 reuses F2 performance and adds measured parameter accounting; performance is not independent evidence.
C4,cladder,o3,320,F2,f2:cladder:o3:320,not-published,outputs/f2/cladder/o3/seed-320/run_summary.json,not-published,not-published,True,two_edit_balanced,0.632414190747524,0.632414190747524,C4 reuses F2 performance and adds measured parameter accounting; performance is not independent evidence.
C4,cladder,prompting,320,F2,f2:cladder:prompting:320,not-published,outputs/f2/cladder/prompting/seed-320/run_summary.json,not-published,not-published,True,two_edit_balanced,0.5200786867453534,0.5200786867453534,C4 reuses F2 performance and adds measured parameter accounting; performance is not independent evidence.
C4,wiqa,lora_matched,301,F2,f2:wiqa:lora_matched:301,not-published,outputs/f2/wiqa/lora_matched/seed-301/run_summary.json,not-published,not-published,True,two_edit_balanced,0.5802275960170697,0.5802275960170697,C4 reuses F2 performance and adds measured parameter accounting; performance is not independent evidence.
C4,wiqa,o2,301,F2,f2:wiqa:o2:301,not-published,outputs/f2/wiqa/o2/seed-301/run_summary.json,not-published,not-published,True,two_edit_balanced,0.6743243243243243,0.6743243243243243,C4 reuses F2 performance and adds measured parameter accounting; performance is not independent evidence.
C4,wiqa,o3,301,F2,f2:wiqa:o3:301,not-published,outputs/f2/wiqa/o3/seed-301/run_summary.json,not-published,not-published,True,two_edit_balanced,0.6243243243243244,0.6243243243243244,C4 reuses F2 performance and adds measured parameter accounting; performance is not independent evidence.
C4,wiqa,prompting,301,F2,f2:wiqa:prompting:301,not-published,outputs/f2/wiqa/prompting/seed-301/run_summary.json,not-published,not-published,True,two_edit_balanced,0.5893314366998577,0.5893314366998577,C4 reuses F2 performance and adds measured parameter accounting; performance is not independent evidence.
C4,wiqa,lora_matched,302,F2,f2:wiqa:lora_matched:302,not-published,outputs/f2/wiqa/lora_matched/seed-302/run_summary.json,not-published,not-published,True,two_edit_balanced,0.5392603129445235,0.5392603129445235,C4 reuses F2 performance and adds measured parameter accounting; performance is not independent evidence.
C4,wiqa,o2,302,F2,f2:wiqa:o2:302,not-published,outputs/f2/wiqa/o2/seed-302/run_summary.json,not-published,not-published,True,two_edit_balanced,0.7094594594594594,0.7094594594594594,C4 reuses F2 performance and adds measured parameter accounting; performance is not independent evidence.
C4,wiqa,o3,302,F2,f2:wiqa:o3:302,not-published,outputs/f2/wiqa/o3/seed-302/run_summary.json,not-published,not-published,True,two_edit_balanced,0.6482930298719772,0.6482930298719772,C4 reuses F2 performance and adds measured parameter accounting; performance is not independent evidence.
C4,wiqa,prompting,302,F2,f2:wiqa:prompting:302,not-published,outputs/f2/wiqa/prompting/seed-302/run_summary.json,not-published,not-published,True,two_edit_balanced,0.5754623044096728,0.5754623044096728,C4 reuses F2 performance and adds measured parameter accounting; performance is not independent evidence.
C4,wiqa,lora_matched,303,F2,f2:wiqa:lora_matched:303,not-published,outputs/f2/wiqa/lora_matched/seed-303/run_summary.json,not-published,not-published,True,two_edit_balanced,0.5645092460881934,0.5645092460881934,C4 reuses F2 performance and adds measured parameter accounting; performance is not independent evidence.
C4,wiqa,o2,303,F2,f2:wiqa:o2:303,not-published,outputs/f2/wiqa/o2/seed-303/run_summary.json,not-published,not-published,True,two_edit_balanced,0.6337837837837837,0.6337837837837837,C4 reuses F2 performance and adds measured parameter accounting; performance is not independent evidence.
C4,wiqa,o3,303,F2,f2:wiqa:o3:303,not-published,outputs/f2/wiqa/o3/seed-303/run_summary.json,not-published,not-published,True,two_edit_balanced,0.6082503556187766,0.6082503556187766,C4 reuses F2 performance and adds measured parameter accounting; performance is not independent evidence.
C4,wiqa,prompting,303,F2,f2:wiqa:prompting:303,not-published,outputs/f2/wiqa/prompting/seed-303/run_summary.json,not-published,not-published,True,two_edit_balanced,0.48997155049786634,0.48997155049786634,C4 reuses F2 performance and adds measured parameter accounting; performance is not independent evidence.
C4,wiqa,lora_matched,304,F2,f2:wiqa:lora_matched:304,not-published,outputs/f2/wiqa/lora_matched/seed-304/run_summary.json,not-published,not-published,True,two_edit_balanced,0.5891180654338549,0.5891180654338549,C4 reuses F2 performance and adds measured parameter accounting; performance is not independent evidence.
C4,wiqa,o2,304,F2,f2:wiqa:o2:304,not-published,outputs/f2/wiqa/o2/seed-304/run_summary.json,not-published,not-published,True,two_edit_balanced,0.6567567567567567,0.6567567567567567,C4 reuses F2 performance and adds measured parameter accounting; performance is not independent evidence.
C4,wiqa,o3,304,F2,f2:wiqa:o3:304,not-published,outputs/f2/wiqa/o3/seed-304/run_summary.json,not-published,not-published,True,two_edit_balanced,0.6150782361308677,0.6150782361308677,C4 reuses F2 performance and adds measured parameter accounting; performance is not independent evidence.
C4,wiqa,prompting,304,F2,f2:wiqa:prompting:304,not-published,outputs/f2/wiqa/prompting/seed-304/run_summary.json,not-published,not-published,True,two_edit_balanced,0.6379089615931721,0.6379089615931721,C4 reuses F2 performance and adds measured parameter accounting; performance is not independent evidence.
C4,wiqa,lora_matched,305,F2,f2:wiqa:lora_matched:305,not-published,outputs/f2/wiqa/lora_matched/seed-305/run_summary.json,not-published,not-published,True,two_edit_balanced,0.5807965860597439,0.5807965860597439,C4 reuses F2 performance and adds measured parameter accounting; performance is not independent evidence.
C4,wiqa,o2,305,F2,f2:wiqa:o2:305,not-published,outputs/f2/wiqa/o2/seed-305/run_summary.json,not-published,not-published,True,two_edit_balanced,0.677027027027027,0.677027027027027,C4 reuses F2 performance and adds measured parameter accounting; performance is not independent evidence.
C4,wiqa,o3,305,F2,f2:wiqa:o3:305,not-published,outputs/f2/wiqa/o3/seed-305/run_summary.json,not-published,not-published,True,two_edit_balanced,0.5675675675675675,0.5675675675675675,C4 reuses F2 performance and adds measured parameter accounting; performance is not independent evidence.
C4,wiqa,prompting,305,F2,f2:wiqa:prompting:305,not-published,outputs/f2/wiqa/prompting/seed-305/run_summary.json,not-published,not-published,True,two_edit_balanced,0.6259601706970128,0.6259601706970128,C4 reuses F2 performance and adds measured parameter accounting; performance is not independent evidence.
C4,wiqa,lora_matched,306,F2,f2:wiqa:lora_matched:306,not-published,outputs/f2/wiqa/lora_matched/seed-306/run_summary.json,not-published,not-published,True,two_edit_balanced,0.5586059743954481,0.5586059743954481,C4 reuses F2 performance and adds measured parameter accounting; performance is not independent evidence.
C4,wiqa,o2,306,F2,f2:wiqa:o2:306,not-published,outputs/f2/wiqa/o2/seed-306/run_summary.json,not-published,not-published,True,two_edit_balanced,0.6486486486486487,0.6486486486486487,C4 reuses F2 performance and adds measured parameter accounting; performance is not independent evidence.
C4,wiqa,o3,306,F2,f2:wiqa:o3:306,not-published,outputs/f2/wiqa/o3/seed-306/run_summary.json,not-published,not-published,True,two_edit_balanced,0.6422475106685633,0.6422475106685633,C4 reuses F2 performance and adds measured parameter accounting; performance is not independent evidence.
C4,wiqa,prompting,306,F2,f2:wiqa:prompting:306,not-published,outputs/f2/wiqa/prompting/seed-306/run_summary.json,not-published,not-published,True,two_edit_balanced,0.2594594594594595,0.2594594594594595,C4 reuses F2 performance and adds measured parameter accounting; performance is not independent evidence.
C4,wiqa,lora_matched,307,F2,f2:wiqa:lora_matched:307,not-published,outputs/f2/wiqa/lora_matched/seed-307/run_summary.json,not-published,not-published,True,two_edit_balanced,0.5240398293029872,0.5240398293029872,C4 reuses F2 performance and adds measured parameter accounting; performance is not independent evidence.
C4,wiqa,o2,307,F2,f2:wiqa:o2:307,not-published,outputs/f2/wiqa/o2/seed-307/run_summary.json,not-published,not-published,True,two_edit_balanced,0.7148648648648649,0.7148648648648649,C4 reuses F2 performance and adds measured parameter accounting; performance is not independent evidence.
C4,wiqa,o3,307,F2,f2:wiqa:o3:307,not-published,outputs/f2/wiqa/o3/seed-307/run_summary.json,not-published,not-published,True,two_edit_balanced,0.5730440967283073,0.5730440967283073,C4 reuses F2 performance and adds measured parameter accounting; performance is not independent evidence.
C4,wiqa,prompting,307,F2,f2:wiqa:prompting:307,not-published,outputs/f2/wiqa/prompting/seed-307/run_summary.json,not-published,not-published,True,two_edit_balanced,0.34160739687055475,0.34160739687055475,C4 reuses F2 performance and adds measured parameter accounting; performance is not independent evidence.
C4,wiqa,lora_matched,308,F2,f2:wiqa:lora_matched:308,not-published,outputs/f2/wiqa/lora_matched/seed-308/run_summary.json,not-published,not-published,True,two_edit_balanced,0.5654338549075391,0.5654338549075391,C4 reuses F2 performance and adds measured parameter accounting; performance is not independent evidence.
C4,wiqa,o2,308,F2,f2:wiqa:o2:308,not-published,outputs/f2/wiqa/o2/seed-308/run_summary.json,not-published,not-published,True,two_edit_balanced,0.6959459459459459,0.6959459459459459,C4 reuses F2 performance and adds measured parameter accounting; performance is not independent evidence.
C4,wiqa,o3,308,F2,f2:wiqa:o3:308,not-published,outputs/f2/wiqa/o3/seed-308/run_summary.json,not-published,not-published,True,two_edit_balanced,0.6230440967283073,0.6230440967283073,C4 reuses F2 performance and adds measured parameter accounting; performance is not independent evidence.
C4,wiqa,prompting,308,F2,f2:wiqa:prompting:308,not-published,outputs/f2/wiqa/prompting/seed-308/run_summary.json,not-published,not-published,True,two_edit_balanced,0.5193456614509246,0.5193456614509246,C4 reuses F2 performance and adds measured parameter accounting; performance is not independent evidence.
C4,wiqa,lora_matched,309,F2,f2:wiqa:lora_matched:309,not-published,outputs/f2/wiqa/lora_matched/seed-309/run_summary.json,not-published,not-published,True,two_edit_balanced,0.5609530583214793,0.5609530583214793,C4 reuses F2 performance and adds measured parameter accounting; performance is not independent evidence.
C4,wiqa,o2,309,F2,f2:wiqa:o2:309,not-published,outputs/f2/wiqa/o2/seed-309/run_summary.json,not-published,not-published,True,two_edit_balanced,0.6351351351351351,0.6351351351351351,C4 reuses F2 performance and adds measured parameter accounting; performance is not independent evidence.
C4,wiqa,o3,309,F2,f2:wiqa:o3:309,not-published,outputs/f2/wiqa/o3/seed-309/run_summary.json,not-published,not-published,True,two_edit_balanced,0.6531294452347084,0.6531294452347084,C4 reuses F2 performance and adds measured parameter accounting; performance is not independent evidence.
C4,wiqa,prompting,309,F2,f2:wiqa:prompting:309,not-published,outputs/f2/wiqa/prompting/seed-309/run_summary.json,not-published,not-published,True,two_edit_balanced,0.5226173541963016,0.5226173541963016,C4 reuses F2 performance and adds measured parameter accounting; performance is not independent evidence.
C4,wiqa,lora_matched,310,F2,f2:wiqa:lora_matched:310,not-published,outputs/f2/wiqa/lora_matched/seed-310/run_summary.json,not-published,not-published,True,two_edit_balanced,0.5837837837837838,0.5837837837837838,C4 reuses F2 performance and adds measured parameter accounting; performance is not independent evidence.
C4,wiqa,o2,310,F2,f2:wiqa:o2:310,not-published,outputs/f2/wiqa/o2/seed-310/run_summary.json,not-published,not-published,True,two_edit_balanced,0.672972972972973,0.672972972972973,C4 reuses F2 performance and adds measured parameter accounting; performance is not independent evidence.
C4,wiqa,o3,310,F2,f2:wiqa:o3:310,not-published,outputs/f2/wiqa/o3/seed-310/run_summary.json,not-published,not-published,True,two_edit_balanced,0.6588193456614508,0.6588193456614508,C4 reuses F2 performance and adds measured parameter accounting; performance is not independent evidence.
C4,wiqa,prompting,310,F2,f2:wiqa:prompting:310,not-published,outputs/f2/wiqa/prompting/seed-310/run_summary.json,not-published,not-published,True,two_edit_balanced,0.26714082503556186,0.26714082503556186,C4 reuses F2 performance and adds measured parameter accounting; performance is not independent evidence.
C4,wiqa,lora_matched,311,F2,f2:wiqa:lora_matched:311,not-published,outputs/f2/wiqa/lora_matched/seed-311/run_summary.json,not-published,not-published,True,two_edit_balanced,0.5712660028449502,0.5712660028449502,C4 reuses F2 performance and adds measured parameter accounting; performance is not independent evidence.
C4,wiqa,o2,311,F2,f2:wiqa:o2:311,not-published,outputs/f2/wiqa/o2/seed-311/run_summary.json,not-published,not-published,True,two_edit_balanced,0.6527027027027027,0.6527027027027027,C4 reuses F2 performance and adds measured parameter accounting; performance is not independent evidence.
C4,wiqa,o3,311,F2,f2:wiqa:o3:311,not-published,outputs/f2/wiqa/o3/seed-311/run_summary.json,not-published,not-published,True,two_edit_balanced,0.6178520625889047,0.6178520625889047,C4 reuses F2 performance and adds measured parameter accounting; performance is not independent evidence.
C4,wiqa,prompting,311,F2,f2:wiqa:prompting:311,not-published,outputs/f2/wiqa/prompting/seed-311/run_summary.json,not-published,not-published,True,two_edit_balanced,0.4834281650071124,0.4834281650071124,C4 reuses F2 performance and adds measured parameter accounting; performance is not independent evidence.
C4,wiqa,lora_matched,312,F2,f2:wiqa:lora_matched:312,not-published,outputs/f2/wiqa/lora_matched/seed-312/run_summary.json,not-published,not-published,True,two_edit_balanced,0.5642958748221907,0.5642958748221907,C4 reuses F2 performance and adds measured parameter accounting; performance is not independent evidence.
C4,wiqa,o2,312,F2,f2:wiqa:o2:312,not-published,outputs/f2/wiqa/o2/seed-312/run_summary.json,not-published,not-published,True,two_edit_balanced,0.6013513513513513,0.6013513513513513,C4 reuses F2 performance and adds measured parameter accounting; performance is not independent evidence.
C4,wiqa,o3,312,F2,f2:wiqa:o3:312,not-published,outputs/f2/wiqa/o3/seed-312/run_summary.json,not-published,not-published,True,two_edit_balanced,0.6297297297297297,0.6297297297297297,C4 reuses F2 performance and adds measured parameter accounting; performance is not independent evidence.
C4,wiqa,prompting,312,F2,f2:wiqa:prompting:312,not-published,outputs/f2/wiqa/prompting/seed-312/run_summary.json,not-published,not-published,True,two_edit_balanced,0.5554765291607398,0.5554765291607398,C4 reuses F2 performance and adds measured parameter accounting; performance is not independent evidence.
C4,wiqa,lora_matched,313,F2,f2:wiqa:lora_matched:313,not-published,outputs/f2/wiqa/lora_matched/seed-313/run_summary.json,not-published,not-published,True,two_edit_balanced,0.5492176386913229,0.5492176386913229,C4 reuses F2 performance and adds measured parameter accounting; performance is not independent evidence.
C4,wiqa,o2,313,F2,f2:wiqa:o2:313,not-published,outputs/f2/wiqa/o2/seed-313/run_summary.json,not-published,not-published,True,two_edit_balanced,0.6364864864864865,0.6364864864864865,C4 reuses F2 performance and adds measured parameter accounting; performance is not independent evidence.
C4,wiqa,o3,313,F2,f2:wiqa:o3:313,not-published,outputs/f2/wiqa/o3/seed-313/run_summary.json,not-published,not-published,True,two_edit_balanced,0.6034139402560454,0.6034139402560454,C4 reuses F2 performance and adds measured parameter accounting; performance is not independent evidence.
C4,wiqa,prompting,313,F2,f2:wiqa:prompting:313,not-published,outputs/f2/wiqa/prompting/seed-313/run_summary.json,not-published,not-published,True,two_edit_balanced,0.462873399715505,0.462873399715505,C4 reuses F2 performance and adds measured parameter accounting; performance is not independent evidence.
C4,wiqa,lora_matched,314,F2,f2:wiqa:lora_matched:314,not-published,outputs/f2/wiqa/lora_matched/seed-314/run_summary.json,not-published,not-published,True,two_edit_balanced,0.5832147937411095,0.5832147937411095,C4 reuses F2 performance and adds measured parameter accounting; performance is not independent evidence.
C4,wiqa,o2,314,F2,f2:wiqa:o2:314,not-published,outputs/f2/wiqa/o2/seed-314/run_summary.json,not-published,not-published,True,two_edit_balanced,0.6675675675675676,0.6675675675675676,C4 reuses F2 performance and adds measured parameter accounting; performance is not independent evidence.
C4,wiqa,o3,314,F2,f2:wiqa:o3:314,not-published,outputs/f2/wiqa/o3/seed-314/run_summary.json,not-published,not-published,True,two_edit_balanced,0.6178520625889047,0.6178520625889047,C4 reuses F2 performance and adds measured parameter accounting; performance is not independent evidence.
C4,wiqa,prompting,314,F2,f2:wiqa:prompting:314,not-published,outputs/f2/wiqa/prompting/seed-314/run_summary.json,not-published,not-published,True,two_edit_balanced,0.5120910384068279,0.5120910384068279,C4 reuses F2 performance and adds measured parameter accounting; performance is not independent evidence.
C4,wiqa,lora_matched,315,F2,f2:wiqa:lora_matched:315,not-published,outputs/f2/wiqa/lora_matched/seed-315/run_summary.json,not-published,not-published,True,two_edit_balanced,0.589402560455192,0.589402560455192,C4 reuses F2 performance and adds measured parameter accounting; performance is not independent evidence.
C4,wiqa,o2,315,F2,f2:wiqa:o2:315,not-published,outputs/f2/wiqa/o2/seed-315/run_summary.json,not-published,not-published,True,two_edit_balanced,0.6608108108108108,0.6608108108108108,C4 reuses F2 performance and adds measured parameter accounting; performance is not independent evidence.
C4,wiqa,o3,315,F2,f2:wiqa:o3:315,not-published,outputs/f2/wiqa/o3/seed-315/run_summary.json,not-published,not-published,True,two_edit_balanced,0.5785917496443812,0.5785917496443812,C4 reuses F2 performance and adds measured parameter accounting; performance is not independent evidence.
C4,wiqa,prompting,315,F2,f2:wiqa:prompting:315,not-published,outputs/f2/wiqa/prompting/seed-315/run_summary.json,not-published,not-published,True,two_edit_balanced,0.24011379800853486,0.24011379800853486,C4 reuses F2 performance and adds measured parameter accounting; performance is not independent evidence.
C4,wiqa,lora_matched,316,F2,f2:wiqa:lora_matched:316,not-published,outputs/f2/wiqa/lora_matched/seed-316/run_summary.json,not-published,not-published,True,two_edit_balanced,0.5381934566145092,0.5381934566145092,C4 reuses F2 performance and adds measured parameter accounting; performance is not independent evidence.
C4,wiqa,o2,316,F2,f2:wiqa:o2:316,not-published,outputs/f2/wiqa/o2/seed-316/run_summary.json,not-published,not-published,True,two_edit_balanced,0.6405405405405405,0.6405405405405405,C4 reuses F2 performance and adds measured parameter accounting; performance is not independent evidence.
C4,wiqa,o3,316,F2,f2:wiqa:o3:316,not-published,outputs/f2/wiqa/o3/seed-316/run_summary.json,not-published,not-published,True,two_edit_balanced,0.6423897581792318,0.6423897581792318,C4 reuses F2 performance and adds measured parameter accounting; performance is not independent evidence.
C4,wiqa,prompting,316,F2,f2:wiqa:prompting:316,not-published,outputs/f2/wiqa/prompting/seed-316/run_summary.json,not-published,not-published,True,two_edit_balanced,0.515647226173542,0.515647226173542,C4 reuses F2 performance and adds measured parameter accounting; performance is not independent evidence.
C4,wiqa,lora_matched,317,F2,f2:wiqa:lora_matched:317,not-published,outputs/f2/wiqa/lora_matched/seed-317/run_summary.json,not-published,not-published,True,two_edit_balanced,0.5456614509246088,0.5456614509246088,C4 reuses F2 performance and adds measured parameter accounting; performance is not independent evidence.
C4,wiqa,o2,317,F2,f2:wiqa:o2:317,not-published,outputs/f2/wiqa/o2/seed-317/run_summary.json,not-published,not-published,True,two_edit_balanced,0.7135135135135136,0.7135135135135136,C4 reuses F2 performance and adds measured parameter accounting; performance is not independent evidence.
C4,wiqa,o3,317,F2,f2:wiqa:o3:317,not-published,outputs/f2/wiqa/o3/seed-317/run_summary.json,not-published,not-published,True,two_edit_balanced,0.6894736842105263,0.6894736842105263,C4 reuses F2 performance and adds measured parameter accounting; performance is not independent evidence.
C4,wiqa,prompting,317,F2,f2:wiqa:prompting:317,not-published,outputs/f2/wiqa/prompting/seed-317/run_summary.json,not-published,not-published,True,two_edit_balanced,0.5829302987197724,0.5829302987197724,C4 reuses F2 performance and adds measured parameter accounting; performance is not independent evidence.
C4,wiqa,lora_matched,318,F2,f2:wiqa:lora_matched:318,not-published,outputs/f2/wiqa/lora_matched/seed-318/run_summary.json,not-published,not-published,True,two_edit_balanced,0.6010668563300142,0.6010668563300142,C4 reuses F2 performance and adds measured parameter accounting; performance is not independent evidence.
C4,wiqa,o2,318,F2,f2:wiqa:o2:318,not-published,outputs/f2/wiqa/o2/seed-318/run_summary.json,not-published,not-published,True,two_edit_balanced,0.645945945945946,0.645945945945946,C4 reuses F2 performance and adds measured parameter accounting; performance is not independent evidence.
C4,wiqa,o3,318,F2,f2:wiqa:o3:318,not-published,outputs/f2/wiqa/o3/seed-318/run_summary.json,not-published,not-published,True,two_edit_balanced,0.6110241820768136,0.6110241820768136,C4 reuses F2 performance and adds measured parameter accounting; performance is not independent evidence.
C4,wiqa,prompting,318,F2,f2:wiqa:prompting:318,not-published,outputs/f2/wiqa/prompting/seed-318/run_summary.json,not-published,not-published,True,two_edit_balanced,0.46408250355618774,0.46408250355618774,C4 reuses F2 performance and adds measured parameter accounting; performance is not independent evidence.
C4,wiqa,lora_matched,319,F2,f2:wiqa:lora_matched:319,not-published,outputs/f2/wiqa/lora_matched/seed-319/run_summary.json,not-published,not-published,True,two_edit_balanced,0.5501422475106685,0.5501422475106685,C4 reuses F2 performance and adds measured parameter accounting; performance is not independent evidence.
C4,wiqa,o2,319,F2,f2:wiqa:o2:319,not-published,outputs/f2/wiqa/o2/seed-319/run_summary.json,not-published,not-published,True,two_edit_balanced,0.645945945945946,0.645945945945946,C4 reuses F2 performance and adds measured parameter accounting; performance is not independent evidence.
C4,wiqa,o3,319,F2,f2:wiqa:o3:319,not-published,outputs/f2/wiqa/o3/seed-319/run_summary.json,not-published,not-published,True,two_edit_balanced,0.6192745376955904,0.6192745376955904,C4 reuses F2 performance and adds measured parameter accounting; performance is not independent evidence.
C4,wiqa,prompting,319,F2,f2:wiqa:prompting:319,not-published,outputs/f2/wiqa/prompting/seed-319/run_summary.json,not-published,not-published,True,two_edit_balanced,0.5967994310099574,0.5967994310099574,C4 reuses F2 performance and adds measured parameter accounting; performance is not independent evidence.
C4,wiqa,lora_matched,320,F2,f2:wiqa:lora_matched:320,not-published,outputs/f2/wiqa/lora_matched/seed-320/run_summary.json,not-published,not-published,True,two_edit_balanced,0.5804409672830726,0.5804409672830726,C4 reuses F2 performance and adds measured parameter accounting; performance is not independent evidence.
C4,wiqa,o2,320,F2,f2:wiqa:o2:320,not-published,outputs/f2/wiqa/o2/seed-320/run_summary.json,not-published,not-published,True,two_edit_balanced,0.7040540540540541,0.7040540540540541,C4 reuses F2 performance and adds measured parameter accounting; performance is not independent evidence.
C4,wiqa,o3,320,F2,f2:wiqa:o3:320,not-published,outputs/f2/wiqa/o3/seed-320/run_summary.json,not-published,not-published,True,two_edit_balanced,0.6541251778093884,0.6541251778093884,C4 reuses F2 performance and adds measured parameter accounting; performance is not independent evidence.
C4,wiqa,prompting,320,F2,f2:wiqa:prompting:320,not-published,outputs/f2/wiqa/prompting/seed-320/run_summary.json,not-published,not-published,True,two_edit_balanced,0.542176386913229,0.542176386913229,C4 reuses F2 performance and adds measured parameter accounting; performance is not independent evidence.
C4,com2,lora_matched,301,F2,f2:com2:lora_matched:301,not-published,outputs/f2/com2/lora_matched/seed-301/run_summary.json,not-published,not-published,False,two_edit_balanced,0.0035335689045936395,0.0,C4 reuses F2 performance and adds measured parameter accounting; performance is not independent evidence.
C4,com2,o2,301,F2,f2:com2:o2:301,not-published,outputs/f2/com2/o2/seed-301/run_summary.json,not-published,not-published,False,two_edit_balanced,0.0,0.0,C4 reuses F2 performance and adds measured parameter accounting; performance is not independent evidence.
C4,com2,o3,301,F2,f2:com2:o3:301,not-published,outputs/f2/com2/o3/seed-301/run_summary.json,not-published,not-published,False,two_edit_balanced,0.0,0.0,C4 reuses F2 performance and adds measured parameter accounting; performance is not independent evidence.
C4,com2,prompting,301,F2,f2:com2:prompting:301,not-published,outputs/f2/com2/prompting/seed-301/run_summary.json,not-published,not-published,False,two_edit_balanced,0.0035335689045936395,0.0,C4 reuses F2 performance and adds measured parameter accounting; performance is not independent evidence.
C4,com2,lora_matched,302,F2,f2:com2:lora_matched:302,not-published,outputs/f2/com2/lora_matched/seed-302/run_summary.json,not-published,not-published,False,two_edit_balanced,0.0017667844522968198,0.0,C4 reuses F2 performance and adds measured parameter accounting; performance is not independent evidence.
C4,com2,o2,302,F2,f2:com2:o2:302,not-published,outputs/f2/com2/o2/seed-302/run_summary.json,not-published,not-published,False,two_edit_balanced,0.0,0.0,C4 reuses F2 performance and adds measured parameter accounting; performance is not independent evidence.
C4,com2,o3,302,F2,f2:com2:o3:302,not-published,outputs/f2/com2/o3/seed-302/run_summary.json,not-published,not-published,False,two_edit_balanced,0.0,0.0,C4 reuses F2 performance and adds measured parameter accounting; performance is not independent evidence.
C4,com2,prompting,302,F2,f2:com2:prompting:302,not-published,outputs/f2/com2/prompting/seed-302/run_summary.json,not-published,not-published,False,two_edit_balanced,0.0,0.0,C4 reuses F2 performance and adds measured parameter accounting; performance is not independent evidence.
C4,com2,lora_matched,303,F2,f2:com2:lora_matched:303,not-published,outputs/f2/com2/lora_matched/seed-303/run_summary.json,not-published,not-published,False,two_edit_balanced,0.019434628975265017,0.0,C4 reuses F2 performance and adds measured parameter accounting; performance is not independent evidence.
C4,com2,o2,303,F2,f2:com2:o2:303,not-published,outputs/f2/com2/o2/seed-303/run_summary.json,not-published,not-published,False,two_edit_balanced,0.0,0.0,C4 reuses F2 performance and adds measured parameter accounting; performance is not independent evidence.
C4,com2,o3,303,F2,f2:com2:o3:303,not-published,outputs/f2/com2/o3/seed-303/run_summary.json,not-published,not-published,False,two_edit_balanced,0.0017667844522968198,0.0,C4 reuses F2 performance and adds measured parameter accounting; performance is not independent evidence.
C4,com2,prompting,303,F2,f2:com2:prompting:303,not-published,outputs/f2/com2/prompting/seed-303/run_summary.json,not-published,not-published,False,two_edit_balanced,0.0035335689045936395,0.0,C4 reuses F2 performance and adds measured parameter accounting; performance is not independent evidence.
C4,com2,lora_matched,304,F2,f2:com2:lora_matched:304,not-published,outputs/f2/com2/lora_matched/seed-304/run_summary.json,not-published,not-published,False,two_edit_balanced,0.01060070671378092,0.0,C4 reuses F2 performance and adds measured parameter accounting; performance is not independent evidence.
C4,com2,o2,304,F2,f2:com2:o2:304,not-published,outputs/f2/com2/o2/seed-304/run_summary.json,not-published,not-published,False,two_edit_balanced,0.0,0.0,C4 reuses F2 performance and adds measured parameter accounting; performance is not independent evidence.
C4,com2,o3,304,F2,f2:com2:o3:304,not-published,outputs/f2/com2/o3/seed-304/run_summary.json,not-published,not-published,False,two_edit_balanced,0.0,0.0,C4 reuses F2 performance and adds measured parameter accounting; performance is not independent evidence.
C4,com2,prompting,304,F2,f2:com2:prompting:304,not-published,outputs/f2/com2/prompting/seed-304/run_summary.json,not-published,not-published,False,two_edit_balanced,0.0,0.0,C4 reuses F2 performance and adds measured parameter accounting; performance is not independent evidence.
C4,com2,lora_matched,305,F2,f2:com2:lora_matched:305,not-published,outputs/f2/com2/lora_matched/seed-305/run_summary.json,not-published,not-published,False,two_edit_balanced,0.00530035335689046,0.0,C4 reuses F2 performance and adds measured parameter accounting; performance is not independent evidence.
C4,com2,o2,305,F2,f2:com2:o2:305,not-published,outputs/f2/com2/o2/seed-305/run_summary.json,not-published,not-published,False,two_edit_balanced,0.0,0.0,C4 reuses F2 performance and adds measured parameter accounting; performance is not independent evidence.
C4,com2,o3,305,F2,f2:com2:o3:305,not-published,outputs/f2/com2/o3/seed-305/run_summary.json,not-published,not-published,False,two_edit_balanced,0.0,0.0,C4 reuses F2 performance and adds measured parameter accounting; performance is not independent evidence.
C4,com2,prompting,305,F2,f2:com2:prompting:305,not-published,outputs/f2/com2/prompting/seed-305/run_summary.json,not-published,not-published,False,two_edit_balanced,0.0,0.0,C4 reuses F2 performance and adds measured parameter accounting; performance is not independent evidence.
C4,com2,lora_matched,306,F2,f2:com2:lora_matched:306,not-published,outputs/f2/com2/lora_matched/seed-306/run_summary.json,not-published,not-published,False,two_edit_balanced,0.0017667844522968198,0.0,C4 reuses F2 performance and adds measured parameter accounting; performance is not independent evidence.
C4,com2,o2,306,F2,f2:com2:o2:306,not-published,outputs/f2/com2/o2/seed-306/run_summary.json,not-published,not-published,False,two_edit_balanced,0.0,0.0,C4 reuses F2 performance and adds measured parameter accounting; performance is not independent evidence.
C4,com2,o3,306,F2,f2:com2:o3:306,not-published,outputs/f2/com2/o3/seed-306/run_summary.json,not-published,not-published,False,two_edit_balanced,0.0,0.0,C4 reuses F2 performance and adds measured parameter accounting; performance is not independent evidence.
C4,com2,prompting,306,F2,f2:com2:prompting:306,not-published,outputs/f2/com2/prompting/seed-306/run_summary.json,not-published,not-published,False,two_edit_balanced,0.0017667844522968198,0.0,C4 reuses F2 performance and adds measured parameter accounting; performance is not independent evidence.
C4,com2,lora_matched,307,F2,f2:com2:lora_matched:307,not-published,outputs/f2/com2/lora_matched/seed-307/run_summary.json,not-published,not-published,False,two_edit_balanced,0.0017667844522968198,0.0,C4 reuses F2 performance and adds measured parameter accounting; performance is not independent evidence.
C4,com2,o2,307,F2,f2:com2:o2:307,not-published,outputs/f2/com2/o2/seed-307/run_summary.json,not-published,not-published,False,two_edit_balanced,0.0,0.0,C4 reuses F2 performance and adds measured parameter accounting; performance is not independent evidence.
C4,com2,o3,307,F2,f2:com2:o3:307,not-published,outputs/f2/com2/o3/seed-307/run_summary.json,not-published,not-published,False,two_edit_balanced,0.0,0.0,C4 reuses F2 performance and adds measured parameter accounting; performance is not independent evidence.
C4,com2,prompting,307,F2,f2:com2:prompting:307,not-published,outputs/f2/com2/prompting/seed-307/run_summary.json,not-published,not-published,False,two_edit_balanced,0.0,0.0,C4 reuses F2 performance and adds measured parameter accounting; performance is not independent evidence.
C4,com2,lora_matched,308,F2,f2:com2:lora_matched:308,not-published,outputs/f2/com2/lora_matched/seed-308/run_summary.json,not-published,not-published,False,two_edit_balanced,0.0,0.0,C4 reuses F2 performance and adds measured parameter accounting; performance is not independent evidence.
C4,com2,o2,308,F2,f2:com2:o2:308,not-published,outputs/f2/com2/o2/seed-308/run_summary.json,not-published,not-published,False,two_edit_balanced,0.0,0.0,C4 reuses F2 performance and adds measured parameter accounting; performance is not independent evidence.
C4,com2,o3,308,F2,f2:com2:o3:308,not-published,outputs/f2/com2/o3/seed-308/run_summary.json,not-published,not-published,False,two_edit_balanced,0.0,0.0,C4 reuses F2 performance and adds measured parameter accounting; performance is not independent evidence.
C4,com2,prompting,308,F2,f2:com2:prompting:308,not-published,outputs/f2/com2/prompting/seed-308/run_summary.json,not-published,not-published,False,two_edit_balanced,0.0017667844522968198,0.0,C4 reuses F2 performance and adds measured parameter accounting; performance is not independent evidence.
C4,com2,lora_matched,309,F2,f2:com2:lora_matched:309,not-published,outputs/f2/com2/lora_matched/seed-309/run_summary.json,not-published,not-published,False,two_edit_balanced,0.0035335689045936395,0.0,C4 reuses F2 performance and adds measured parameter accounting; performance is not independent evidence.
C4,com2,o2,309,F2,f2:com2:o2:309,not-published,outputs/f2/com2/o2/seed-309/run_summary.json,not-published,not-published,False,two_edit_balanced,0.0,0.0,C4 reuses F2 performance and adds measured parameter accounting; performance is not independent evidence.
C4,com2,o3,309,F2,f2:com2:o3:309,not-published,outputs/f2/com2/o3/seed-309/run_summary.json,not-published,not-published,False,two_edit_balanced,0.0,0.0,C4 reuses F2 performance and adds measured parameter accounting; performance is not independent evidence.
C4,com2,prompting,309,F2,f2:com2:prompting:309,not-published,outputs/f2/com2/prompting/seed-309/run_summary.json,not-published,not-published,False,two_edit_balanced,0.0017667844522968198,0.0,C4 reuses F2 performance and adds measured parameter accounting; performance is not independent evidence.
C4,com2,lora_matched,310,F2,f2:com2:lora_matched:310,not-published,outputs/f2/com2/lora_matched/seed-310/run_summary.json,not-published,not-published,False,two_edit_balanced,0.0,0.0,C4 reuses F2 performance and adds measured parameter accounting; performance is not independent evidence.
C4,com2,o2,310,F2,f2:com2:o2:310,not-published,outputs/f2/com2/o2/seed-310/run_summary.json,not-published,not-published,False,two_edit_balanced,0.0,0.0,C4 reuses F2 performance and adds measured parameter accounting; performance is not independent evidence.
C4,com2,o3,310,F2,f2:com2:o3:310,not-published,outputs/f2/com2/o3/seed-310/run_summary.json,not-published,not-published,False,two_edit_balanced,0.0,0.0,C4 reuses F2 performance and adds measured parameter accounting; performance is not independent evidence.
C4,com2,prompting,310,F2,f2:com2:prompting:310,not-published,outputs/f2/com2/prompting/seed-310/run_summary.json,not-published,not-published,False,two_edit_balanced,0.0017667844522968198,0.0,C4 reuses F2 performance and adds measured parameter accounting; performance is not independent evidence.
C4,com2,lora_matched,311,F2,f2:com2:lora_matched:311,not-published,outputs/f2/com2/lora_matched/seed-311/run_summary.json,not-published,not-published,False,two_edit_balanced,0.0017667844522968198,0.0,C4 reuses F2 performance and adds measured parameter accounting; performance is not independent evidence.
C4,com2,o2,311,F2,f2:com2:o2:311,not-published,outputs/f2/com2/o2/seed-311/run_summary.json,not-published,not-published,False,two_edit_balanced,0.0,0.0,C4 reuses F2 performance and adds measured parameter accounting; performance is not independent evidence.
C4,com2,o3,311,F2,f2:com2:o3:311,not-published,outputs/f2/com2/o3/seed-311/run_summary.json,not-published,not-published,False,two_edit_balanced,0.0,0.0,C4 reuses F2 performance and adds measured parameter accounting; performance is not independent evidence.
C4,com2,prompting,311,F2,f2:com2:prompting:311,not-published,outputs/f2/com2/prompting/seed-311/run_summary.json,not-published,not-published,False,two_edit_balanced,0.00530035335689046,0.0,C4 reuses F2 performance and adds measured parameter accounting; performance is not independent evidence.
C4,com2,lora_matched,312,F2,f2:com2:lora_matched:312,not-published,outputs/f2/com2/lora_matched/seed-312/run_summary.json,not-published,not-published,False,two_edit_balanced,0.0017667844522968198,0.0,C4 reuses F2 performance and adds measured parameter accounting; performance is not independent evidence.
C4,com2,o2,312,F2,f2:com2:o2:312,not-published,outputs/f2/com2/o2/seed-312/run_summary.json,not-published,not-published,False,two_edit_balanced,0.0,0.0,C4 reuses F2 performance and adds measured parameter accounting; performance is not independent evidence.
C4,com2,o3,312,F2,f2:com2:o3:312,not-published,outputs/f2/com2/o3/seed-312/run_summary.json,not-published,not-published,False,two_edit_balanced,0.0,0.0,C4 reuses F2 performance and adds measured parameter accounting; performance is not independent evidence.
C4,com2,prompting,312,F2,f2:com2:prompting:312,not-published,outputs/f2/com2/prompting/seed-312/run_summary.json,not-published,not-published,False,two_edit_balanced,0.0035335689045936395,0.0,C4 reuses F2 performance and adds measured parameter accounting; performance is not independent evidence.
C4,com2,lora_matched,313,F2,f2:com2:lora_matched:313,not-published,outputs/f2/com2/lora_matched/seed-313/run_summary.json,not-published,not-published,False,two_edit_balanced,0.0035335689045936395,0.0,C4 reuses F2 performance and adds measured parameter accounting; performance is not independent evidence.
C4,com2,o2,313,F2,f2:com2:o2:313,not-published,outputs/f2/com2/o2/seed-313/run_summary.json,not-published,not-published,False,two_edit_balanced,0.0,0.0,C4 reuses F2 performance and adds measured parameter accounting; performance is not independent evidence.
C4,com2,o3,313,F2,f2:com2:o3:313,not-published,outputs/f2/com2/o3/seed-313/run_summary.json,not-published,not-published,False,two_edit_balanced,0.0,0.0,C4 reuses F2 performance and adds measured parameter accounting; performance is not independent evidence.
C4,com2,prompting,313,F2,f2:com2:prompting:313,not-published,outputs/f2/com2/prompting/seed-313/run_summary.json,not-published,not-published,False,two_edit_balanced,0.0,0.0,C4 reuses F2 performance and adds measured parameter accounting; performance is not independent evidence.
C4,com2,lora_matched,314,F2,f2:com2:lora_matched:314,not-published,outputs/f2/com2/lora_matched/seed-314/run_summary.json,not-published,not-published,False,two_edit_balanced,0.0,0.0,C4 reuses F2 performance and adds measured parameter accounting; performance is not independent evidence.
C4,com2,o2,314,F2,f2:com2:o2:314,not-published,outputs/f2/com2/o2/seed-314/run_summary.json,not-published,not-published,False,two_edit_balanced,0.0,0.0,C4 reuses F2 performance and adds measured parameter accounting; performance is not independent evidence.
C4,com2,o3,314,F2,f2:com2:o3:314,not-published,outputs/f2/com2/o3/seed-314/run_summary.json,not-published,not-published,False,two_edit_balanced,0.0,0.0,C4 reuses F2 performance and adds measured parameter accounting; performance is not independent evidence.
C4,com2,prompting,314,F2,f2:com2:prompting:314,not-published,outputs/f2/com2/prompting/seed-314/run_summary.json,not-published,not-published,False,two_edit_balanced,0.0,0.0,C4 reuses F2 performance and adds measured parameter accounting; performance is not independent evidence.
C4,com2,lora_matched,315,F2,f2:com2:lora_matched:315,not-published,outputs/f2/com2/lora_matched/seed-315/run_summary.json,not-published,not-published,False,two_edit_balanced,0.00530035335689046,0.0,C4 reuses F2 performance and adds measured parameter accounting; performance is not independent evidence.
C4,com2,o2,315,F2,f2:com2:o2:315,not-published,outputs/f2/com2/o2/seed-315/run_summary.json,not-published,not-published,False,two_edit_balanced,0.0,0.0,C4 reuses F2 performance and adds measured parameter accounting; performance is not independent evidence.
C4,com2,o3,315,F2,f2:com2:o3:315,not-published,outputs/f2/com2/o3/seed-315/run_summary.json,not-published,not-published,False,two_edit_balanced,0.0,0.0,C4 reuses F2 performance and adds measured parameter accounting; performance is not independent evidence.
C4,com2,prompting,315,F2,f2:com2:prompting:315,not-published,outputs/f2/com2/prompting/seed-315/run_summary.json,not-published,not-published,False,two_edit_balanced,0.0017667844522968198,0.0,C4 reuses F2 performance and adds measured parameter accounting; performance is not independent evidence.
C4,com2,lora_matched,316,F2,f2:com2:lora_matched:316,not-published,outputs/f2/com2/lora_matched/seed-316/run_summary.json,not-published,not-published,False,two_edit_balanced,0.00530035335689046,0.0,C4 reuses F2 performance and adds measured parameter accounting; performance is not independent evidence.
C4,com2,o2,316,F2,f2:com2:o2:316,not-published,outputs/f2/com2/o2/seed-316/run_summary.json,not-published,not-published,False,two_edit_balanced,0.0,0.0,C4 reuses F2 performance and adds measured parameter accounting; performance is not independent evidence.
C4,com2,o3,316,F2,f2:com2:o3:316,not-published,outputs/f2/com2/o3/seed-316/run_summary.json,not-published,not-published,False,two_edit_balanced,0.0,0.0,C4 reuses F2 performance and adds measured parameter accounting; performance is not independent evidence.
C4,com2,prompting,316,F2,f2:com2:prompting:316,not-published,outputs/f2/com2/prompting/seed-316/run_summary.json,not-published,not-published,False,two_edit_balanced,0.0017667844522968198,0.0,C4 reuses F2 performance and adds measured parameter accounting; performance is not independent evidence.
C4,com2,lora_matched,317,F2,f2:com2:lora_matched:317,not-published,outputs/f2/com2/lora_matched/seed-317/run_summary.json,not-published,not-published,False,two_edit_balanced,0.0017667844522968198,0.0,C4 reuses F2 performance and adds measured parameter accounting; performance is not independent evidence.
C4,com2,o2,317,F2,f2:com2:o2:317,not-published,outputs/f2/com2/o2/seed-317/run_summary.json,not-published,not-published,False,two_edit_balanced,0.0,0.0,C4 reuses F2 performance and adds measured parameter accounting; performance is not independent evidence.
C4,com2,o3,317,F2,f2:com2:o3:317,not-published,outputs/f2/com2/o3/seed-317/run_summary.json,not-published,not-published,False,two_edit_balanced,0.0,0.0,C4 reuses F2 performance and adds measured parameter accounting; performance is not independent evidence.
C4,com2,prompting,317,F2,f2:com2:prompting:317,not-published,outputs/f2/com2/prompting/seed-317/run_summary.json,not-published,not-published,False,two_edit_balanced,0.0035335689045936395,0.0,C4 reuses F2 performance and adds measured parameter accounting; performance is not independent evidence.
C4,com2,lora_matched,318,F2,f2:com2:lora_matched:318,not-published,outputs/f2/com2/lora_matched/seed-318/run_summary.json,not-published,not-published,False,two_edit_balanced,0.00530035335689046,0.0,C4 reuses F2 performance and adds measured parameter accounting; performance is not independent evidence.
C4,com2,o2,318,F2,f2:com2:o2:318,not-published,outputs/f2/com2/o2/seed-318/run_summary.json,not-published,not-published,False,two_edit_balanced,0.0,0.0,C4 reuses F2 performance and adds measured parameter accounting; performance is not independent evidence.
C4,com2,o3,318,F2,f2:com2:o3:318,not-published,outputs/f2/com2/o3/seed-318/run_summary.json,not-published,not-published,False,two_edit_balanced,0.0,0.0,C4 reuses F2 performance and adds measured parameter accounting; performance is not independent evidence.
C4,com2,prompting,318,F2,f2:com2:prompting:318,not-published,outputs/f2/com2/prompting/seed-318/run_summary.json,not-published,not-published,False,two_edit_balanced,0.0035335689045936395,0.0,C4 reuses F2 performance and adds measured parameter accounting; performance is not independent evidence.
C4,com2,lora_matched,319,F2,f2:com2:lora_matched:319,not-published,outputs/f2/com2/lora_matched/seed-319/run_summary.json,not-published,not-published,False,two_edit_balanced,0.0017667844522968198,0.0,C4 reuses F2 performance and adds measured parameter accounting; performance is not independent evidence.
C4,com2,o2,319,F2,f2:com2:o2:319,not-published,outputs/f2/com2/o2/seed-319/run_summary.json,not-published,not-published,False,two_edit_balanced,0.0,0.0,C4 reuses F2 performance and adds measured parameter accounting; performance is not independent evidence.
C4,com2,o3,319,F2,f2:com2:o3:319,not-published,outputs/f2/com2/o3/seed-319/run_summary.json,not-published,not-published,False,two_edit_balanced,0.0,0.0,C4 reuses F2 performance and adds measured parameter accounting; performance is not independent evidence.
C4,com2,prompting,319,F2,f2:com2:prompting:319,not-published,outputs/f2/com2/prompting/seed-319/run_summary.json,not-published,not-published,False,two_edit_balanced,0.0,0.0,C4 reuses F2 performance and adds measured parameter accounting; performance is not independent evidence.
C4,com2,lora_matched,320,F2,f2:com2:lora_matched:320,not-published,outputs/f2/com2/lora_matched/seed-320/run_summary.json,not-published,not-published,False,two_edit_balanced,0.00530035335689046,0.0,C4 reuses F2 performance and adds measured parameter accounting; performance is not independent evidence.
C4,com2,o2,320,F2,f2:com2:o2:320,not-published,outputs/f2/com2/o2/seed-320/run_summary.json,not-published,not-published,False,two_edit_balanced,0.0,0.0,C4 reuses F2 performance and adds measured parameter accounting; performance is not independent evidence.
C4,com2,o3,320,F2,f2:com2:o3:320,not-published,outputs/f2/com2/o3/seed-320/run_summary.json,not-published,not-published,False,two_edit_balanced,0.0,0.0,C4 reuses F2 performance and adds measured parameter accounting; performance is not independent evidence.
C4,com2,prompting,320,F2,f2:com2:prompting:320,not-published,outputs/f2/com2/prompting/seed-320/run_summary.json,not-published,not-published,False,two_edit_balanced,0.0017667844522968198,0.0,C4 reuses F2 performance and adds measured parameter accounting; performance is not independent evidence.
