backbone,experiment,family,method,seed,cell_id,non_descendant_preservation,descendant_change_sensitivity,balanced_selective_invariance,checkpoint_sha256,metric_source_path,metric_source_sha256,split,test_evaluated
bert-base-uncased,L1,xor,core_base_1law,201,l1:xor:core_base_1law:201,0.4346793349168646,0.560796645702306,0.4977379903095853,not-published,outputs/l1/cells/xor/core_base_1law/seed-201/run_summary.json,not-published,validation,False
bert-base-uncased,L1,xor,core_i_3law,201,l1:xor:core_i_3law:201,0.4346793349168646,0.560796645702306,0.4977379903095853,not-published,outputs/l1/cells/xor/core_i_3law/seed-201/run_summary.json,not-published,validation,False
bert-base-uncased,L1,xor,core_full_4law,201,l1:xor:core_full_4law:201,0.4346793349168646,0.560796645702306,0.4977379903095853,not-published,outputs/l1/cells/xor/core_full_4law/seed-201/run_summary.json,not-published,validation,False
bert-base-uncased,L1,xor,do_nothing,201,l1:xor:do_nothing:201,1.0,0.0,0.5,,outputs/l1/cells/xor/do_nothing/seed-201/run_summary.json,not-published,validation,False
bert-base-uncased,L1,xor,do_everything,201,l1:xor:do_everything:201,0.502375296912114,0.5558659217877095,0.5291206093499118,,outputs/l1/cells/xor/do_everything/seed-201/run_summary.json,not-published,validation,False
bert-base-uncased,L1,xor,random_init,201,l1:xor:random_init:201,0.5098970704671417,0.5037243947858473,0.5068107326264946,,outputs/l1/cells/xor/random_init/seed-201/run_summary.json,not-published,validation,False
bert-base-uncased,L1,xor,core_base_1law,202,l1:xor:core_base_1law:202,0.47767145135566186,0.551440329218107,0.5145558902868844,not-published,outputs/l1/cells/xor/core_base_1law/seed-202/run_summary.json,not-published,validation,False
bert-base-uncased,L1,xor,core_i_3law,202,l1:xor:core_i_3law:202,0.4772727272727273,0.551440329218107,0.5143565282454172,not-published,outputs/l1/cells/xor/core_i_3law/seed-202/run_summary.json,not-published,validation,False
bert-base-uncased,L1,xor,core_full_4law,202,l1:xor:core_full_4law:202,0.4772727272727273,0.551440329218107,0.5143565282454172,not-published,outputs/l1/cells/xor/core_full_4law/seed-202/run_summary.json,not-published,validation,False
bert-base-uncased,L1,xor,do_nothing,202,l1:xor:do_nothing:202,1.0,0.0,0.5,,outputs/l1/cells/xor/do_nothing/seed-202/run_summary.json,not-published,validation,False
bert-base-uncased,L1,xor,do_everything,202,l1:xor:do_everything:202,0.47647527910685805,0.565018315018315,0.5207467970625865,,outputs/l1/cells/xor/do_everything/seed-202/run_summary.json,not-published,validation,False
bert-base-uncased,L1,xor,random_init,202,l1:xor:random_init:202,0.48724082934609253,0.4880952380952381,0.4876680337206653,,outputs/l1/cells/xor/random_init/seed-202/run_summary.json,not-published,validation,False
bert-base-uncased,L1,xor,core_base_1law,203,l1:xor:core_base_1law:203,0.4816207184628237,0.4585635359116022,0.47009212718721294,not-published,outputs/l1/cells/xor/core_base_1law/seed-203/run_summary.json,not-published,validation,False
bert-base-uncased,L1,xor,core_i_3law,203,l1:xor:core_i_3law:203,0.4816207184628237,0.4585635359116022,0.47009212718721294,not-published,outputs/l1/cells/xor/core_i_3law/seed-203/run_summary.json,not-published,validation,False
bert-base-uncased,L1,xor,core_full_4law,203,l1:xor:core_full_4law:203,0.4816207184628237,0.4585635359116022,0.47009212718721294,not-published,outputs/l1/cells/xor/core_full_4law/seed-203/run_summary.json,not-published,validation,False
bert-base-uncased,L1,xor,do_nothing,203,l1:xor:do_nothing:203,1.0,0.0,0.5,,outputs/l1/cells/xor/do_nothing/seed-203/run_summary.json,not-published,validation,False
bert-base-uncased,L1,xor,do_everything,203,l1:xor:do_everything:203,0.5091896407685882,0.5480928689883914,0.5286412548784898,,outputs/l1/cells/xor/do_everything/seed-203/run_summary.json,not-published,validation,False
bert-base-uncased,L1,xor,random_init,203,l1:xor:random_init:203,0.49373433583959897,0.494195688225539,0.493965012032569,,outputs/l1/cells/xor/random_init/seed-203/run_summary.json,not-published,validation,False
bert-base-uncased,L1,xor,core_base_1law,204,l1:xor:core_base_1law:204,0.44813829787234044,0.4812091503267974,0.4646737240995689,not-published,outputs/l1/cells/xor/core_base_1law/seed-204/run_summary.json,not-published,validation,False
bert-base-uncased,L1,xor,core_i_3law,204,l1:xor:core_i_3law:204,0.44813829787234044,0.4812091503267974,0.4646737240995689,not-published,outputs/l1/cells/xor/core_i_3law/seed-204/run_summary.json,not-published,validation,False
bert-base-uncased,L1,xor,core_full_4law,204,l1:xor:core_full_4law:204,0.44813829787234044,0.4812091503267974,0.4646737240995689,not-published,outputs/l1/cells/xor/core_full_4law/seed-204/run_summary.json,not-published,validation,False
bert-base-uncased,L1,xor,do_nothing,204,l1:xor:do_nothing:204,1.0,0.0,0.5,,outputs/l1/cells/xor/do_nothing/seed-204/run_summary.json,not-published,validation,False
bert-base-uncased,L1,xor,do_everything,204,l1:xor:do_everything:204,0.49379432624113473,0.5267857142857143,0.5102900202634245,,outputs/l1/cells/xor/do_everything/seed-204/run_summary.json,not-published,validation,False
bert-base-uncased,L1,xor,random_init,204,l1:xor:random_init:204,0.5159574468085106,0.5081845238095238,0.5120709853090173,,outputs/l1/cells/xor/random_init/seed-204/run_summary.json,not-published,validation,False
bert-base-uncased,L1,xor,core_base_1law,205,l1:xor:core_base_1law:205,0.4676145339652449,0.47362869198312235,0.4706216129741836,not-published,outputs/l1/cells/xor/core_base_1law/seed-205/run_summary.json,not-published,validation,False
bert-base-uncased,L1,xor,core_i_3law,205,l1:xor:core_i_3law:205,0.4676145339652449,0.47362869198312235,0.4706216129741836,not-published,outputs/l1/cells/xor/core_i_3law/seed-205/run_summary.json,not-published,validation,False
bert-base-uncased,L1,xor,core_full_4law,205,l1:xor:core_full_4law:205,0.4676145339652449,0.47362869198312235,0.4706216129741836,not-published,outputs/l1/cells/xor/core_full_4law/seed-205/run_summary.json,not-published,validation,False
bert-base-uncased,L1,xor,do_nothing,205,l1:xor:do_nothing:205,1.0,0.0,0.5,,outputs/l1/cells/xor/do_nothing/seed-205/run_summary.json,not-published,validation,False
bert-base-uncased,L1,xor,do_everything,205,l1:xor:do_everything:205,0.4873617693522907,0.548689138576779,0.5180254539645348,,outputs/l1/cells/xor/do_everything/seed-205/run_summary.json,not-published,validation,False
bert-base-uncased,L1,xor,random_init,205,l1:xor:random_init:205,0.5154028436018957,0.5056179775280899,0.5105104105649928,,outputs/l1/cells/xor/random_init/seed-205/run_summary.json,not-published,validation,False
bert-base-uncased,L1,xor,core_base_1law,206,l1:xor:core_base_1law:206,0.5044715447154472,0.48823529411764705,0.4963534194165471,not-published,outputs/l1/cells/xor/core_base_1law/seed-206/run_summary.json,not-published,validation,False
bert-base-uncased,L1,xor,core_i_3law,206,l1:xor:core_i_3law:206,0.5044715447154472,0.48823529411764705,0.4963534194165471,not-published,outputs/l1/cells/xor/core_i_3law/seed-206/run_summary.json,not-published,validation,False
bert-base-uncased,L1,xor,core_full_4law,206,l1:xor:core_full_4law:206,0.5044715447154472,0.48823529411764705,0.4963534194165471,not-published,outputs/l1/cells/xor/core_full_4law/seed-206/run_summary.json,not-published,validation,False
bert-base-uncased,L1,xor,do_nothing,206,l1:xor:do_nothing:206,1.0,0.0,0.5,,outputs/l1/cells/xor/do_nothing/seed-206/run_summary.json,not-published,validation,False
bert-base-uncased,L1,xor,do_everything,206,l1:xor:do_everything:206,0.5138211382113821,0.5456140350877193,0.5297175866495507,,outputs/l1/cells/xor/do_everything/seed-206/run_summary.json,not-published,validation,False
bert-base-uncased,L1,xor,random_init,206,l1:xor:random_init:206,0.5134146341463415,0.5184210526315789,0.5159178433889602,,outputs/l1/cells/xor/random_init/seed-206/run_summary.json,not-published,validation,False
bert-base-uncased,L1,xor,core_base_1law,207,l1:xor:core_base_1law:207,0.5241666666666667,0.4361111111111111,0.4801388888888889,not-published,outputs/l1/cells/xor/core_base_1law/seed-207/run_summary.json,not-published,validation,False
bert-base-uncased,L1,xor,core_i_3law,207,l1:xor:core_i_3law:207,0.5241666666666667,0.4361111111111111,0.4801388888888889,not-published,outputs/l1/cells/xor/core_i_3law/seed-207/run_summary.json,not-published,validation,False
bert-base-uncased,L1,xor,core_full_4law,207,l1:xor:core_full_4law:207,0.5241666666666667,0.4361111111111111,0.4801388888888889,not-published,outputs/l1/cells/xor/core_full_4law/seed-207/run_summary.json,not-published,validation,False
bert-base-uncased,L1,xor,do_nothing,207,l1:xor:do_nothing:207,1.0,0.0,0.5,,outputs/l1/cells/xor/do_nothing/seed-207/run_summary.json,not-published,validation,False
bert-base-uncased,L1,xor,do_everything,207,l1:xor:do_everything:207,0.4920833333333333,0.5441666666666667,0.518125,,outputs/l1/cells/xor/do_everything/seed-207/run_summary.json,not-published,validation,False
bert-base-uncased,L1,xor,random_init,207,l1:xor:random_init:207,0.48291666666666666,0.49166666666666664,0.4872916666666667,,outputs/l1/cells/xor/random_init/seed-207/run_summary.json,not-published,validation,False
bert-base-uncased,L1,xor,core_base_1law,208,l1:xor:core_base_1law:208,0.4945736434108527,0.5233333333333333,0.508953488372093,not-published,outputs/l1/cells/xor/core_base_1law/seed-208/run_summary.json,not-published,validation,False
bert-base-uncased,L1,xor,core_i_3law,208,l1:xor:core_i_3law:208,0.4945736434108527,0.5233333333333333,0.508953488372093,not-published,outputs/l1/cells/xor/core_i_3law/seed-208/run_summary.json,not-published,validation,False
bert-base-uncased,L1,xor,core_full_4law,208,l1:xor:core_full_4law:208,0.4945736434108527,0.5233333333333333,0.508953488372093,not-published,outputs/l1/cells/xor/core_full_4law/seed-208/run_summary.json,not-published,validation,False
bert-base-uncased,L1,xor,do_nothing,208,l1:xor:do_nothing:208,1.0,0.0,0.5,,outputs/l1/cells/xor/do_nothing/seed-208/run_summary.json,not-published,validation,False
bert-base-uncased,L1,xor,do_everything,208,l1:xor:do_everything:208,0.512015503875969,0.542156862745098,0.5270861833105335,,outputs/l1/cells/xor/do_everything/seed-208/run_summary.json,not-published,validation,False
bert-base-uncased,L1,xor,random_init,208,l1:xor:random_init:208,0.5108527131782946,0.5225490196078432,0.5167008663930689,,outputs/l1/cells/xor/random_init/seed-208/run_summary.json,not-published,validation,False
bert-base-uncased,L1,xor,core_base_1law,209,l1:xor:core_base_1law:209,0.5296912114014252,0.47379454926624737,0.5017428803338363,not-published,outputs/l1/cells/xor/core_base_1law/seed-209/run_summary.json,not-published,validation,False
bert-base-uncased,L1,xor,core_i_3law,209,l1:xor:core_i_3law:209,0.5296912114014252,0.47379454926624737,0.5017428803338363,not-published,outputs/l1/cells/xor/core_i_3law/seed-209/run_summary.json,not-published,validation,False
bert-base-uncased,L1,xor,core_full_4law,209,l1:xor:core_full_4law:209,0.5296912114014252,0.47379454926624737,0.5017428803338363,not-published,outputs/l1/cells/xor/core_full_4law/seed-209/run_summary.json,not-published,validation,False
bert-base-uncased,L1,xor,do_nothing,209,l1:xor:do_nothing:209,1.0,0.0,0.5,,outputs/l1/cells/xor/do_nothing/seed-209/run_summary.json,not-published,validation,False
bert-base-uncased,L1,xor,do_everything,209,l1:xor:do_everything:209,0.5162311955661124,0.5456238361266295,0.5309275158463709,,outputs/l1/cells/xor/do_everything/seed-209/run_summary.json,not-published,validation,False
bert-base-uncased,L1,xor,random_init,209,l1:xor:random_init:209,0.5146476642913698,0.4757914338919926,0.4952195490916812,,outputs/l1/cells/xor/random_init/seed-209/run_summary.json,not-published,validation,False
bert-base-uncased,L1,xor,core_base_1law,210,l1:xor:core_base_1law:210,0.43598750975800155,0.5490196078431373,0.4925035588005694,not-published,outputs/l1/cells/xor/core_base_1law/seed-210/run_summary.json,not-published,validation,False
bert-base-uncased,L1,xor,core_i_3law,210,l1:xor:core_i_3law:210,0.43598750975800155,0.5490196078431373,0.4925035588005694,not-published,outputs/l1/cells/xor/core_i_3law/seed-210/run_summary.json,not-published,validation,False
bert-base-uncased,L1,xor,core_full_4law,210,l1:xor:core_full_4law:210,0.43598750975800155,0.5490196078431373,0.4925035588005694,not-published,outputs/l1/cells/xor/core_full_4law/seed-210/run_summary.json,not-published,validation,False
bert-base-uncased,L1,xor,do_nothing,210,l1:xor:do_nothing:210,1.0,0.0,0.5,,outputs/l1/cells/xor/do_nothing/seed-210/run_summary.json,not-published,validation,False
bert-base-uncased,L1,xor,do_everything,210,l1:xor:do_everything:210,0.48633879781420764,0.5857418111753372,0.5360403044947724,,outputs/l1/cells/xor/do_everything/seed-210/run_summary.json,not-published,validation,False
bert-base-uncased,L1,xor,random_init,210,l1:xor:random_init:210,0.5058548009367682,0.5067437379576107,0.5062992694471895,,outputs/l1/cells/xor/random_init/seed-210/run_summary.json,not-published,validation,False
bert-base-uncased,L1,xor,core_base_1law,211,l1:xor:core_base_1law:211,0.5222772277227723,0.4375,0.47988861386138615,not-published,outputs/l1/cells/xor/core_base_1law/seed-211/run_summary.json,not-published,validation,False
bert-base-uncased,L1,xor,core_i_3law,211,l1:xor:core_i_3law:211,0.5222772277227723,0.4375,0.47988861386138615,not-published,outputs/l1/cells/xor/core_i_3law/seed-211/run_summary.json,not-published,validation,False
bert-base-uncased,L1,xor,core_full_4law,211,l1:xor:core_full_4law:211,0.5222772277227723,0.4375,0.47988861386138615,not-published,outputs/l1/cells/xor/core_full_4law/seed-211/run_summary.json,not-published,validation,False
bert-base-uncased,L1,xor,do_nothing,211,l1:xor:do_nothing:211,1.0,0.0,0.5,,outputs/l1/cells/xor/do_nothing/seed-211/run_summary.json,not-published,validation,False
bert-base-uncased,L1,xor,do_everything,211,l1:xor:do_everything:211,0.4933993399339934,0.5510204081632653,0.5222098740486293,,outputs/l1/cells/xor/do_everything/seed-211/run_summary.json,not-published,validation,False
bert-base-uncased,L1,xor,random_init,211,l1:xor:random_init:211,0.4793729372937294,0.5187074829931972,0.49904021014346334,,outputs/l1/cells/xor/random_init/seed-211/run_summary.json,not-published,validation,False
bert-base-uncased,L1,xor,core_base_1law,212,l1:xor:core_base_1law:212,0.5551500405515004,0.40236686390532544,0.47875845222841296,not-published,outputs/l1/cells/xor/core_base_1law/seed-212/run_summary.json,not-published,validation,False
bert-base-uncased,L1,xor,core_i_3law,212,l1:xor:core_i_3law:212,0.5551500405515004,0.40236686390532544,0.47875845222841296,not-published,outputs/l1/cells/xor/core_i_3law/seed-212/run_summary.json,not-published,validation,False
bert-base-uncased,L1,xor,core_full_4law,212,l1:xor:core_full_4law:212,0.5551500405515004,0.40236686390532544,0.47875845222841296,not-published,outputs/l1/cells/xor/core_full_4law/seed-212/run_summary.json,not-published,validation,False
bert-base-uncased,L1,xor,do_nothing,212,l1:xor:do_nothing:212,1.0,0.0,0.5,,outputs/l1/cells/xor/do_nothing/seed-212/run_summary.json,not-published,validation,False
bert-base-uncased,L1,xor,do_everything,212,l1:xor:do_everything:212,0.5008110300081103,0.5299823633156967,0.5153966966619035,,outputs/l1/cells/xor/do_everything/seed-212/run_summary.json,not-published,validation,False
bert-base-uncased,L1,xor,random_init,212,l1:xor:random_init:212,0.4931062449310625,0.49206349206349204,0.49258486849727723,,outputs/l1/cells/xor/random_init/seed-212/run_summary.json,not-published,validation,False
bert-base-uncased,L1,xor,core_base_1law,213,l1:xor:core_base_1law:213,0.49426605504587157,0.48148148148148145,0.4878737682636765,not-published,outputs/l1/cells/xor/core_base_1law/seed-213/run_summary.json,not-published,validation,False
bert-base-uncased,L1,xor,core_i_3law,213,l1:xor:core_i_3law:213,0.49426605504587157,0.48148148148148145,0.4878737682636765,not-published,outputs/l1/cells/xor/core_i_3law/seed-213/run_summary.json,not-published,validation,False
bert-base-uncased,L1,xor,core_full_4law,213,l1:xor:core_full_4law:213,0.49426605504587157,0.48148148148148145,0.4878737682636765,not-published,outputs/l1/cells/xor/core_full_4law/seed-213/run_summary.json,not-published,validation,False
bert-base-uncased,L1,xor,do_nothing,213,l1:xor:do_nothing:213,1.0,0.0,0.5,,outputs/l1/cells/xor/do_nothing/seed-213/run_summary.json,not-published,validation,False
bert-base-uncased,L1,xor,do_everything,213,l1:xor:do_everything:213,0.5191131498470948,0.5548780487804879,0.5369955993137914,,outputs/l1/cells/xor/do_everything/seed-213/run_summary.json,not-published,validation,False
bert-base-uncased,L1,xor,random_init,213,l1:xor:random_init:213,0.5187308868501529,0.47865853658536583,0.49869471171775936,,outputs/l1/cells/xor/random_init/seed-213/run_summary.json,not-published,validation,False
bert-base-uncased,L1,xor,core_base_1law,214,l1:xor:core_base_1law:214,0.404434250764526,0.5752314814814815,0.48983286612300375,not-published,outputs/l1/cells/xor/core_base_1law/seed-214/run_summary.json,not-published,validation,False
bert-base-uncased,L1,xor,core_i_3law,214,l1:xor:core_i_3law:214,0.404434250764526,0.5752314814814815,0.48983286612300375,not-published,outputs/l1/cells/xor/core_i_3law/seed-214/run_summary.json,not-published,validation,False
bert-base-uncased,L1,xor,core_full_4law,214,l1:xor:core_full_4law:214,0.404434250764526,0.5752314814814815,0.48983286612300375,not-published,outputs/l1/cells/xor/core_full_4law/seed-214/run_summary.json,not-published,validation,False
bert-base-uncased,L1,xor,do_nothing,214,l1:xor:do_nothing:214,1.0,0.0,0.5,,outputs/l1/cells/xor/do_nothing/seed-214/run_summary.json,not-published,validation,False
bert-base-uncased,L1,xor,do_everything,214,l1:xor:do_everything:214,0.5053516819571865,0.556910569105691,0.5311311255314388,,outputs/l1/cells/xor/do_everything/seed-214/run_summary.json,not-published,validation,False
bert-base-uncased,L1,xor,random_init,214,l1:xor:random_init:214,0.4996177370030581,0.4695121951219512,0.48456496606250465,,outputs/l1/cells/xor/random_init/seed-214/run_summary.json,not-published,validation,False
bert-base-uncased,L1,xor,core_base_1law,215,l1:xor:core_base_1law:215,0.47006472491909385,0.5436507936507936,0.5068577592849437,not-published,outputs/l1/cells/xor/core_base_1law/seed-215/run_summary.json,not-published,validation,False
bert-base-uncased,L1,xor,core_i_3law,215,l1:xor:core_i_3law:215,0.47006472491909385,0.5436507936507936,0.5068577592849437,not-published,outputs/l1/cells/xor/core_i_3law/seed-215/run_summary.json,not-published,validation,False
bert-base-uncased,L1,xor,core_full_4law,215,l1:xor:core_full_4law:215,0.47006472491909385,0.5436507936507936,0.5068577592849437,not-published,outputs/l1/cells/xor/core_full_4law/seed-215/run_summary.json,not-published,validation,False
bert-base-uncased,L1,xor,do_nothing,215,l1:xor:do_nothing:215,1.0,0.0,0.5,,outputs/l1/cells/xor/do_nothing/seed-215/run_summary.json,not-published,validation,False
bert-base-uncased,L1,xor,do_everything,215,l1:xor:do_everything:215,0.511326860841424,0.5620567375886525,0.5366917992150382,,outputs/l1/cells/xor/do_everything/seed-215/run_summary.json,not-published,validation,False
bert-base-uncased,L1,xor,random_init,215,l1:xor:random_init:215,0.5004045307443366,0.5168439716312057,0.5086242511877711,,outputs/l1/cells/xor/random_init/seed-215/run_summary.json,not-published,validation,False
bert-base-uncased,L1,xor,core_base_1law,216,l1:xor:core_base_1law:216,0.5534738485558157,0.42919389978213507,0.4913338741689754,not-published,outputs/l1/cells/xor/core_base_1law/seed-216/run_summary.json,not-published,validation,False
bert-base-uncased,L1,xor,core_i_3law,216,l1:xor:core_i_3law:216,0.5534738485558157,0.42919389978213507,0.4913338741689754,not-published,outputs/l1/cells/xor/core_i_3law/seed-216/run_summary.json,not-published,validation,False
bert-base-uncased,L1,xor,core_full_4law,216,l1:xor:core_full_4law:216,0.5534738485558157,0.42919389978213507,0.4913338741689754,not-published,outputs/l1/cells/xor/core_full_4law/seed-216/run_summary.json,not-published,validation,False
bert-base-uncased,L1,xor,do_nothing,216,l1:xor:do_nothing:216,1.0,0.0,0.5,,outputs/l1/cells/xor/do_nothing/seed-216/run_summary.json,not-published,validation,False
bert-base-uncased,L1,xor,do_everything,216,l1:xor:do_everything:216,0.5183450429352069,0.5645472061657033,0.5414461245504552,,outputs/l1/cells/xor/do_everything/seed-216/run_summary.json,not-published,validation,False
bert-base-uncased,L1,xor,random_init,216,l1:xor:random_init:216,0.4996096799375488,0.48554913294797686,0.4925794064427628,,outputs/l1/cells/xor/random_init/seed-216/run_summary.json,not-published,validation,False
bert-base-uncased,L1,xor,core_base_1law,217,l1:xor:core_base_1law:217,0.4895582329317269,0.4888888888888889,0.4892235609103079,not-published,outputs/l1/cells/xor/core_base_1law/seed-217/run_summary.json,not-published,validation,False
bert-base-uncased,L1,xor,core_i_3law,217,l1:xor:core_i_3law:217,0.4895582329317269,0.4888888888888889,0.4892235609103079,not-published,outputs/l1/cells/xor/core_i_3law/seed-217/run_summary.json,not-published,validation,False
bert-base-uncased,L1,xor,core_full_4law,217,l1:xor:core_full_4law:217,0.4895582329317269,0.4888888888888889,0.4892235609103079,not-published,outputs/l1/cells/xor/core_full_4law/seed-217/run_summary.json,not-published,validation,False
bert-base-uncased,L1,xor,do_nothing,217,l1:xor:do_nothing:217,1.0,0.0,0.5,,outputs/l1/cells/xor/do_nothing/seed-217/run_summary.json,not-published,validation,False
bert-base-uncased,L1,xor,do_everything,217,l1:xor:do_everything:217,0.5088353413654618,0.5522522522522523,0.5305437968088571,,outputs/l1/cells/xor/do_everything/seed-217/run_summary.json,not-published,validation,False
bert-base-uncased,L1,xor,random_init,217,l1:xor:random_init:217,0.5120481927710844,0.5,0.5060240963855422,,outputs/l1/cells/xor/random_init/seed-217/run_summary.json,not-published,validation,False
bert-base-uncased,L1,xor,core_base_1law,218,l1:xor:core_base_1law:218,0.4832925835370823,0.47855750487329435,0.48092504420518833,not-published,outputs/l1/cells/xor/core_base_1law/seed-218/run_summary.json,not-published,validation,False
bert-base-uncased,L1,xor,core_i_3law,218,l1:xor:core_i_3law:218,0.4832925835370823,0.47855750487329435,0.48092504420518833,not-published,outputs/l1/cells/xor/core_i_3law/seed-218/run_summary.json,not-published,validation,False
bert-base-uncased,L1,xor,core_full_4law,218,l1:xor:core_full_4law:218,0.4832925835370823,0.47855750487329435,0.48092504420518833,not-published,outputs/l1/cells/xor/core_full_4law/seed-218/run_summary.json,not-published,validation,False
bert-base-uncased,L1,xor,do_nothing,218,l1:xor:do_nothing:218,1.0,0.0,0.5,,outputs/l1/cells/xor/do_nothing/seed-218/run_summary.json,not-published,validation,False
bert-base-uncased,L1,xor,do_everything,218,l1:xor:do_everything:218,0.5114099429502853,0.5401396160558464,0.5257747795030658,,outputs/l1/cells/xor/do_everything/seed-218/run_summary.json,not-published,validation,False
bert-base-uncased,L1,xor,random_init,218,l1:xor:random_init:218,0.48940505297473513,0.4965095986038394,0.4929573257892873,,outputs/l1/cells/xor/random_init/seed-218/run_summary.json,not-published,validation,False
bert-base-uncased,L1,xor,core_base_1law,219,l1:xor:core_base_1law:219,0.476905311778291,0.5861678004535147,0.5315365561159029,not-published,outputs/l1/cells/xor/core_base_1law/seed-219/run_summary.json,not-published,validation,False
bert-base-uncased,L1,xor,core_i_3law,219,l1:xor:core_i_3law:219,0.476905311778291,0.5861678004535147,0.5315365561159029,not-published,outputs/l1/cells/xor/core_i_3law/seed-219/run_summary.json,not-published,validation,False
bert-base-uncased,L1,xor,core_full_4law,219,l1:xor:core_full_4law:219,0.476905311778291,0.5861678004535147,0.5315365561159029,not-published,outputs/l1/cells/xor/core_full_4law/seed-219/run_summary.json,not-published,validation,False
bert-base-uncased,L1,xor,do_nothing,219,l1:xor:do_nothing:219,1.0,0.0,0.5,,outputs/l1/cells/xor/do_nothing/seed-219/run_summary.json,not-published,validation,False
bert-base-uncased,L1,xor,do_everything,219,l1:xor:do_everything:219,0.5073133179368745,0.5728542914171657,0.5400838046770201,,outputs/l1/cells/xor/do_everything/seed-219/run_summary.json,not-published,validation,False
bert-base-uncased,L1,xor,random_init,219,l1:xor:random_init:219,0.5007698229407236,0.48902195608782434,0.494895889514274,,outputs/l1/cells/xor/random_init/seed-219/run_summary.json,not-published,validation,False
bert-base-uncased,L1,xor,core_base_1law,220,l1:xor:core_base_1law:220,0.4848837209302326,0.4722222222222222,0.4785529715762274,not-published,outputs/l1/cells/xor/core_base_1law/seed-220/run_summary.json,not-published,validation,False
bert-base-uncased,L1,xor,core_i_3law,220,l1:xor:core_i_3law:220,0.4848837209302326,0.4722222222222222,0.4785529715762274,not-published,outputs/l1/cells/xor/core_i_3law/seed-220/run_summary.json,not-published,validation,False
bert-base-uncased,L1,xor,core_full_4law,220,l1:xor:core_full_4law:220,0.4848837209302326,0.4722222222222222,0.4785529715762274,not-published,outputs/l1/cells/xor/core_full_4law/seed-220/run_summary.json,not-published,validation,False
bert-base-uncased,L1,xor,do_nothing,220,l1:xor:do_nothing:220,1.0,0.0,0.5,,outputs/l1/cells/xor/do_nothing/seed-220/run_summary.json,not-published,validation,False
bert-base-uncased,L1,xor,do_everything,220,l1:xor:do_everything:220,0.5104651162790698,0.557843137254902,0.5341541267669858,,outputs/l1/cells/xor/do_everything/seed-220/run_summary.json,not-published,validation,False
bert-base-uncased,L1,xor,random_init,220,l1:xor:random_init:220,0.5073643410852713,0.5166666666666667,0.5120155038759691,,outputs/l1/cells/xor/random_init/seed-220/run_summary.json,not-published,validation,False
bert-base-uncased,L1,cladder,core_base_1law,201,l1:cladder:core_base_1law:201,0.43902439024390244,0.4853801169590643,0.46220225360148337,not-published,outputs/l1/cells/cladder/core_base_1law/seed-201/run_summary.json,not-published,validation,False
bert-base-uncased,L1,cladder,core_i_3law,201,l1:cladder:core_i_3law:201,0.43902439024390244,0.4853801169590643,0.46220225360148337,not-published,outputs/l1/cells/cladder/core_i_3law/seed-201/run_summary.json,not-published,validation,False
bert-base-uncased,L1,cladder,core_full_4law,201,l1:cladder:core_full_4law:201,0.43902439024390244,0.4853801169590643,0.46220225360148337,not-published,outputs/l1/cells/cladder/core_full_4law/seed-201/run_summary.json,not-published,validation,False
bert-base-uncased,L1,cladder,do_nothing,201,l1:cladder:do_nothing:201,1.0,0.0,0.5,,outputs/l1/cells/cladder/do_nothing/seed-201/run_summary.json,not-published,validation,False
bert-base-uncased,L1,cladder,do_everything,201,l1:cladder:do_everything:201,0.5024390243902439,0.8522012578616353,0.6773201411259395,,outputs/l1/cells/cladder/do_everything/seed-201/run_summary.json,not-published,validation,False
bert-base-uncased,L1,cladder,random_init,201,l1:cladder:random_init:201,0.6926829268292682,0.33962264150943394,0.5161527841693511,,outputs/l1/cells/cladder/random_init/seed-201/run_summary.json,not-published,validation,False
bert-base-uncased,L1,cladder,core_base_1law,202,l1:cladder:core_base_1law:202,0.43902439024390244,0.4853801169590643,0.46220225360148337,not-published,outputs/l1/cells/cladder/core_base_1law/seed-202/run_summary.json,not-published,validation,False
bert-base-uncased,L1,cladder,core_i_3law,202,l1:cladder:core_i_3law:202,0.43902439024390244,0.4853801169590643,0.46220225360148337,not-published,outputs/l1/cells/cladder/core_i_3law/seed-202/run_summary.json,not-published,validation,False
bert-base-uncased,L1,cladder,core_full_4law,202,l1:cladder:core_full_4law:202,0.43902439024390244,0.4853801169590643,0.46220225360148337,not-published,outputs/l1/cells/cladder/core_full_4law/seed-202/run_summary.json,not-published,validation,False
bert-base-uncased,L1,cladder,do_nothing,202,l1:cladder:do_nothing:202,1.0,0.0,0.5,,outputs/l1/cells/cladder/do_nothing/seed-202/run_summary.json,not-published,validation,False
bert-base-uncased,L1,cladder,do_everything,202,l1:cladder:do_everything:202,0.5024390243902439,0.8522012578616353,0.6773201411259395,,outputs/l1/cells/cladder/do_everything/seed-202/run_summary.json,not-published,validation,False
bert-base-uncased,L1,cladder,random_init,202,l1:cladder:random_init:202,0.4682926829268293,0.42138364779874216,0.44483816536278575,,outputs/l1/cells/cladder/random_init/seed-202/run_summary.json,not-published,validation,False
bert-base-uncased,L1,cladder,core_base_1law,203,l1:cladder:core_base_1law:203,0.43902439024390244,0.4853801169590643,0.46220225360148337,not-published,outputs/l1/cells/cladder/core_base_1law/seed-203/run_summary.json,not-published,validation,False
bert-base-uncased,L1,cladder,core_i_3law,203,l1:cladder:core_i_3law:203,0.43902439024390244,0.4853801169590643,0.46220225360148337,not-published,outputs/l1/cells/cladder/core_i_3law/seed-203/run_summary.json,not-published,validation,False
bert-base-uncased,L1,cladder,core_full_4law,203,l1:cladder:core_full_4law:203,0.43902439024390244,0.4853801169590643,0.46220225360148337,not-published,outputs/l1/cells/cladder/core_full_4law/seed-203/run_summary.json,not-published,validation,False
bert-base-uncased,L1,cladder,do_nothing,203,l1:cladder:do_nothing:203,1.0,0.0,0.5,,outputs/l1/cells/cladder/do_nothing/seed-203/run_summary.json,not-published,validation,False
bert-base-uncased,L1,cladder,do_everything,203,l1:cladder:do_everything:203,0.5024390243902439,0.8522012578616353,0.6773201411259395,,outputs/l1/cells/cladder/do_everything/seed-203/run_summary.json,not-published,validation,False
bert-base-uncased,L1,cladder,random_init,203,l1:cladder:random_init:203,0.3951219512195122,0.6352201257861635,0.5151710385028379,,outputs/l1/cells/cladder/random_init/seed-203/run_summary.json,not-published,validation,False
bert-base-uncased,L1,cladder,core_base_1law,204,l1:cladder:core_base_1law:204,0.5609756097560976,0.5146198830409356,0.5377977463985166,not-published,outputs/l1/cells/cladder/core_base_1law/seed-204/run_summary.json,not-published,validation,False
bert-base-uncased,L1,cladder,core_i_3law,204,l1:cladder:core_i_3law:204,0.5609756097560976,0.5146198830409356,0.5377977463985166,not-published,outputs/l1/cells/cladder/core_i_3law/seed-204/run_summary.json,not-published,validation,False
bert-base-uncased,L1,cladder,core_full_4law,204,l1:cladder:core_full_4law:204,0.5609756097560976,0.5146198830409356,0.5377977463985166,not-published,outputs/l1/cells/cladder/core_full_4law/seed-204/run_summary.json,not-published,validation,False
bert-base-uncased,L1,cladder,do_nothing,204,l1:cladder:do_nothing:204,1.0,0.0,0.5,,outputs/l1/cells/cladder/do_nothing/seed-204/run_summary.json,not-published,validation,False
bert-base-uncased,L1,cladder,do_everything,204,l1:cladder:do_everything:204,0.5024390243902439,0.8522012578616353,0.6773201411259395,,outputs/l1/cells/cladder/do_everything/seed-204/run_summary.json,not-published,validation,False
bert-base-uncased,L1,cladder,random_init,204,l1:cladder:random_init:204,0.4926829268292683,0.34591194968553457,0.4192974382574014,,outputs/l1/cells/cladder/random_init/seed-204/run_summary.json,not-published,validation,False
bert-base-uncased,L1,cladder,core_base_1law,205,l1:cladder:core_base_1law:205,0.5609756097560976,0.5146198830409356,0.5377977463985166,not-published,outputs/l1/cells/cladder/core_base_1law/seed-205/run_summary.json,not-published,validation,False
bert-base-uncased,L1,cladder,core_i_3law,205,l1:cladder:core_i_3law:205,0.5609756097560976,0.5146198830409356,0.5377977463985166,not-published,outputs/l1/cells/cladder/core_i_3law/seed-205/run_summary.json,not-published,validation,False
bert-base-uncased,L1,cladder,core_full_4law,205,l1:cladder:core_full_4law:205,0.5609756097560976,0.5146198830409356,0.5377977463985166,not-published,outputs/l1/cells/cladder/core_full_4law/seed-205/run_summary.json,not-published,validation,False
bert-base-uncased,L1,cladder,do_nothing,205,l1:cladder:do_nothing:205,1.0,0.0,0.5,,outputs/l1/cells/cladder/do_nothing/seed-205/run_summary.json,not-published,validation,False
bert-base-uncased,L1,cladder,do_everything,205,l1:cladder:do_everything:205,0.5024390243902439,0.8522012578616353,0.6773201411259395,,outputs/l1/cells/cladder/do_everything/seed-205/run_summary.json,not-published,validation,False
bert-base-uncased,L1,cladder,random_init,205,l1:cladder:random_init:205,0.44878048780487806,0.5691823899371069,0.5089814388709925,,outputs/l1/cells/cladder/random_init/seed-205/run_summary.json,not-published,validation,False
bert-base-uncased,L1,cladder,core_base_1law,206,l1:cladder:core_base_1law:206,0.5707317073170731,0.5087719298245614,0.5397518185708172,not-published,outputs/l1/cells/cladder/core_base_1law/seed-206/run_summary.json,not-published,validation,False
bert-base-uncased,L1,cladder,core_i_3law,206,l1:cladder:core_i_3law:206,0.5707317073170731,0.5087719298245614,0.5397518185708172,not-published,outputs/l1/cells/cladder/core_i_3law/seed-206/run_summary.json,not-published,validation,False
bert-base-uncased,L1,cladder,core_full_4law,206,l1:cladder:core_full_4law:206,0.5707317073170731,0.5087719298245614,0.5397518185708172,not-published,outputs/l1/cells/cladder/core_full_4law/seed-206/run_summary.json,not-published,validation,False
bert-base-uncased,L1,cladder,do_nothing,206,l1:cladder:do_nothing:206,1.0,0.0,0.5,,outputs/l1/cells/cladder/do_nothing/seed-206/run_summary.json,not-published,validation,False
bert-base-uncased,L1,cladder,do_everything,206,l1:cladder:do_everything:206,0.5024390243902439,0.8522012578616353,0.6773201411259395,,outputs/l1/cells/cladder/do_everything/seed-206/run_summary.json,not-published,validation,False
bert-base-uncased,L1,cladder,random_init,206,l1:cladder:random_init:206,0.5073170731707317,0.5566037735849056,0.5319604233778187,,outputs/l1/cells/cladder/random_init/seed-206/run_summary.json,not-published,validation,False
bert-base-uncased,L1,cladder,core_base_1law,207,l1:cladder:core_base_1law:207,0.5609756097560976,0.5146198830409356,0.5377977463985166,not-published,outputs/l1/cells/cladder/core_base_1law/seed-207/run_summary.json,not-published,validation,False
bert-base-uncased,L1,cladder,core_i_3law,207,l1:cladder:core_i_3law:207,0.5609756097560976,0.5146198830409356,0.5377977463985166,not-published,outputs/l1/cells/cladder/core_i_3law/seed-207/run_summary.json,not-published,validation,False
bert-base-uncased,L1,cladder,core_full_4law,207,l1:cladder:core_full_4law:207,0.5609756097560976,0.5146198830409356,0.5377977463985166,not-published,outputs/l1/cells/cladder/core_full_4law/seed-207/run_summary.json,not-published,validation,False
bert-base-uncased,L1,cladder,do_nothing,207,l1:cladder:do_nothing:207,1.0,0.0,0.5,,outputs/l1/cells/cladder/do_nothing/seed-207/run_summary.json,not-published,validation,False
bert-base-uncased,L1,cladder,do_everything,207,l1:cladder:do_everything:207,0.5024390243902439,0.8522012578616353,0.6773201411259395,,outputs/l1/cells/cladder/do_everything/seed-207/run_summary.json,not-published,validation,False
bert-base-uncased,L1,cladder,random_init,207,l1:cladder:random_init:207,0.4585365853658537,0.449685534591195,0.4541110599785243,,outputs/l1/cells/cladder/random_init/seed-207/run_summary.json,not-published,validation,False
bert-base-uncased,L1,cladder,core_base_1law,208,l1:cladder:core_base_1law:208,0.5609756097560976,0.5146198830409356,0.5377977463985166,not-published,outputs/l1/cells/cladder/core_base_1law/seed-208/run_summary.json,not-published,validation,False
bert-base-uncased,L1,cladder,core_i_3law,208,l1:cladder:core_i_3law:208,0.5609756097560976,0.5146198830409356,0.5377977463985166,not-published,outputs/l1/cells/cladder/core_i_3law/seed-208/run_summary.json,not-published,validation,False
bert-base-uncased,L1,cladder,core_full_4law,208,l1:cladder:core_full_4law:208,0.5609756097560976,0.5146198830409356,0.5377977463985166,not-published,outputs/l1/cells/cladder/core_full_4law/seed-208/run_summary.json,not-published,validation,False
bert-base-uncased,L1,cladder,do_nothing,208,l1:cladder:do_nothing:208,1.0,0.0,0.5,,outputs/l1/cells/cladder/do_nothing/seed-208/run_summary.json,not-published,validation,False
bert-base-uncased,L1,cladder,do_everything,208,l1:cladder:do_everything:208,0.5024390243902439,0.8522012578616353,0.6773201411259395,,outputs/l1/cells/cladder/do_everything/seed-208/run_summary.json,not-published,validation,False
bert-base-uncased,L1,cladder,random_init,208,l1:cladder:random_init:208,0.5414634146341464,0.4748427672955975,0.5081530909648719,,outputs/l1/cells/cladder/random_init/seed-208/run_summary.json,not-published,validation,False
bert-base-uncased,L1,cladder,core_base_1law,209,l1:cladder:core_base_1law:209,0.5609756097560976,0.5146198830409356,0.5377977463985166,not-published,outputs/l1/cells/cladder/core_base_1law/seed-209/run_summary.json,not-published,validation,False
bert-base-uncased,L1,cladder,core_i_3law,209,l1:cladder:core_i_3law:209,0.5609756097560976,0.5146198830409356,0.5377977463985166,not-published,outputs/l1/cells/cladder/core_i_3law/seed-209/run_summary.json,not-published,validation,False
bert-base-uncased,L1,cladder,core_full_4law,209,l1:cladder:core_full_4law:209,0.5609756097560976,0.5146198830409356,0.5377977463985166,not-published,outputs/l1/cells/cladder/core_full_4law/seed-209/run_summary.json,not-published,validation,False
bert-base-uncased,L1,cladder,do_nothing,209,l1:cladder:do_nothing:209,1.0,0.0,0.5,,outputs/l1/cells/cladder/do_nothing/seed-209/run_summary.json,not-published,validation,False
bert-base-uncased,L1,cladder,do_everything,209,l1:cladder:do_everything:209,0.5024390243902439,0.8522012578616353,0.6773201411259395,,outputs/l1/cells/cladder/do_everything/seed-209/run_summary.json,not-published,validation,False
bert-base-uncased,L1,cladder,random_init,209,l1:cladder:random_init:209,0.5609756097560976,0.41509433962264153,0.48803497468936957,,outputs/l1/cells/cladder/random_init/seed-209/run_summary.json,not-published,validation,False
bert-base-uncased,L1,cladder,core_base_1law,210,l1:cladder:core_base_1law:210,0.5609756097560976,0.5146198830409356,0.5377977463985166,not-published,outputs/l1/cells/cladder/core_base_1law/seed-210/run_summary.json,not-published,validation,False
bert-base-uncased,L1,cladder,core_i_3law,210,l1:cladder:core_i_3law:210,0.5609756097560976,0.5146198830409356,0.5377977463985166,not-published,outputs/l1/cells/cladder/core_i_3law/seed-210/run_summary.json,not-published,validation,False
bert-base-uncased,L1,cladder,core_full_4law,210,l1:cladder:core_full_4law:210,0.5609756097560976,0.5146198830409356,0.5377977463985166,not-published,outputs/l1/cells/cladder/core_full_4law/seed-210/run_summary.json,not-published,validation,False
bert-base-uncased,L1,cladder,do_nothing,210,l1:cladder:do_nothing:210,1.0,0.0,0.5,,outputs/l1/cells/cladder/do_nothing/seed-210/run_summary.json,not-published,validation,False
bert-base-uncased,L1,cladder,do_everything,210,l1:cladder:do_everything:210,0.5024390243902439,0.8522012578616353,0.6773201411259395,,outputs/l1/cells/cladder/do_everything/seed-210/run_summary.json,not-published,validation,False
bert-base-uncased,L1,cladder,random_init,210,l1:cladder:random_init:210,0.4585365853658537,0.49056603773584906,0.4745513115508514,,outputs/l1/cells/cladder/random_init/seed-210/run_summary.json,not-published,validation,False
bert-base-uncased,L1,cladder,core_base_1law,211,l1:cladder:core_base_1law:211,0.5609756097560976,0.5146198830409356,0.5377977463985166,not-published,outputs/l1/cells/cladder/core_base_1law/seed-211/run_summary.json,not-published,validation,False
bert-base-uncased,L1,cladder,core_i_3law,211,l1:cladder:core_i_3law:211,0.5609756097560976,0.5146198830409356,0.5377977463985166,not-published,outputs/l1/cells/cladder/core_i_3law/seed-211/run_summary.json,not-published,validation,False
bert-base-uncased,L1,cladder,core_full_4law,211,l1:cladder:core_full_4law:211,0.5609756097560976,0.5146198830409356,0.5377977463985166,not-published,outputs/l1/cells/cladder/core_full_4law/seed-211/run_summary.json,not-published,validation,False
bert-base-uncased,L1,cladder,do_nothing,211,l1:cladder:do_nothing:211,1.0,0.0,0.5,,outputs/l1/cells/cladder/do_nothing/seed-211/run_summary.json,not-published,validation,False
bert-base-uncased,L1,cladder,do_everything,211,l1:cladder:do_everything:211,0.5024390243902439,0.8522012578616353,0.6773201411259395,,outputs/l1/cells/cladder/do_everything/seed-211/run_summary.json,not-published,validation,False
bert-base-uncased,L1,cladder,random_init,211,l1:cladder:random_init:211,0.4195121951219512,0.5880503144654088,0.50378125479368,,outputs/l1/cells/cladder/random_init/seed-211/run_summary.json,not-published,validation,False
bert-base-uncased,L1,cladder,core_base_1law,212,l1:cladder:core_base_1law:212,0.43902439024390244,0.4853801169590643,0.46220225360148337,not-published,outputs/l1/cells/cladder/core_base_1law/seed-212/run_summary.json,not-published,validation,False
bert-base-uncased,L1,cladder,core_i_3law,212,l1:cladder:core_i_3law:212,0.43902439024390244,0.4853801169590643,0.46220225360148337,not-published,outputs/l1/cells/cladder/core_i_3law/seed-212/run_summary.json,not-published,validation,False
bert-base-uncased,L1,cladder,core_full_4law,212,l1:cladder:core_full_4law:212,0.43902439024390244,0.4853801169590643,0.46220225360148337,not-published,outputs/l1/cells/cladder/core_full_4law/seed-212/run_summary.json,not-published,validation,False
bert-base-uncased,L1,cladder,do_nothing,212,l1:cladder:do_nothing:212,1.0,0.0,0.5,,outputs/l1/cells/cladder/do_nothing/seed-212/run_summary.json,not-published,validation,False
bert-base-uncased,L1,cladder,do_everything,212,l1:cladder:do_everything:212,0.5024390243902439,0.8522012578616353,0.6773201411259395,,outputs/l1/cells/cladder/do_everything/seed-212/run_summary.json,not-published,validation,False
bert-base-uncased,L1,cladder,random_init,212,l1:cladder:random_init:212,0.5317073170731708,0.44339622641509435,0.48755177174413256,,outputs/l1/cells/cladder/random_init/seed-212/run_summary.json,not-published,validation,False
bert-base-uncased,L1,cladder,core_base_1law,213,l1:cladder:core_base_1law:213,0.5609756097560976,0.5146198830409356,0.5377977463985166,not-published,outputs/l1/cells/cladder/core_base_1law/seed-213/run_summary.json,not-published,validation,False
bert-base-uncased,L1,cladder,core_i_3law,213,l1:cladder:core_i_3law:213,0.5609756097560976,0.5146198830409356,0.5377977463985166,not-published,outputs/l1/cells/cladder/core_i_3law/seed-213/run_summary.json,not-published,validation,False
bert-base-uncased,L1,cladder,core_full_4law,213,l1:cladder:core_full_4law:213,0.5609756097560976,0.5146198830409356,0.5377977463985166,not-published,outputs/l1/cells/cladder/core_full_4law/seed-213/run_summary.json,not-published,validation,False
bert-base-uncased,L1,cladder,do_nothing,213,l1:cladder:do_nothing:213,1.0,0.0,0.5,,outputs/l1/cells/cladder/do_nothing/seed-213/run_summary.json,not-published,validation,False
bert-base-uncased,L1,cladder,do_everything,213,l1:cladder:do_everything:213,0.5024390243902439,0.8522012578616353,0.6773201411259395,,outputs/l1/cells/cladder/do_everything/seed-213/run_summary.json,not-published,validation,False
bert-base-uncased,L1,cladder,random_init,213,l1:cladder:random_init:213,0.47804878048780486,0.5408805031446541,0.5094646418162294,,outputs/l1/cells/cladder/random_init/seed-213/run_summary.json,not-published,validation,False
bert-base-uncased,L1,cladder,core_base_1law,214,l1:cladder:core_base_1law:214,0.43902439024390244,0.4853801169590643,0.46220225360148337,not-published,outputs/l1/cells/cladder/core_base_1law/seed-214/run_summary.json,not-published,validation,False
bert-base-uncased,L1,cladder,core_i_3law,214,l1:cladder:core_i_3law:214,0.43902439024390244,0.4853801169590643,0.46220225360148337,not-published,outputs/l1/cells/cladder/core_i_3law/seed-214/run_summary.json,not-published,validation,False
bert-base-uncased,L1,cladder,core_full_4law,214,l1:cladder:core_full_4law:214,0.43902439024390244,0.4853801169590643,0.46220225360148337,not-published,outputs/l1/cells/cladder/core_full_4law/seed-214/run_summary.json,not-published,validation,False
bert-base-uncased,L1,cladder,do_nothing,214,l1:cladder:do_nothing:214,1.0,0.0,0.5,,outputs/l1/cells/cladder/do_nothing/seed-214/run_summary.json,not-published,validation,False
bert-base-uncased,L1,cladder,do_everything,214,l1:cladder:do_everything:214,0.5024390243902439,0.8522012578616353,0.6773201411259395,,outputs/l1/cells/cladder/do_everything/seed-214/run_summary.json,not-published,validation,False
bert-base-uncased,L1,cladder,random_init,214,l1:cladder:random_init:214,0.3804878048780488,0.5440251572327044,0.4622564810553766,,outputs/l1/cells/cladder/random_init/seed-214/run_summary.json,not-published,validation,False
bert-base-uncased,L1,cladder,core_base_1law,215,l1:cladder:core_base_1law:215,0.5609756097560976,0.5146198830409356,0.5377977463985166,not-published,outputs/l1/cells/cladder/core_base_1law/seed-215/run_summary.json,not-published,validation,False
bert-base-uncased,L1,cladder,core_i_3law,215,l1:cladder:core_i_3law:215,0.5609756097560976,0.5146198830409356,0.5377977463985166,not-published,outputs/l1/cells/cladder/core_i_3law/seed-215/run_summary.json,not-published,validation,False
bert-base-uncased,L1,cladder,core_full_4law,215,l1:cladder:core_full_4law:215,0.5609756097560976,0.5146198830409356,0.5377977463985166,not-published,outputs/l1/cells/cladder/core_full_4law/seed-215/run_summary.json,not-published,validation,False
bert-base-uncased,L1,cladder,do_nothing,215,l1:cladder:do_nothing:215,1.0,0.0,0.5,,outputs/l1/cells/cladder/do_nothing/seed-215/run_summary.json,not-published,validation,False
bert-base-uncased,L1,cladder,do_everything,215,l1:cladder:do_everything:215,0.5024390243902439,0.8522012578616353,0.6773201411259395,,outputs/l1/cells/cladder/do_everything/seed-215/run_summary.json,not-published,validation,False
bert-base-uncased,L1,cladder,random_init,215,l1:cladder:random_init:215,0.5609756097560976,0.42138364779874216,0.4911796287774199,,outputs/l1/cells/cladder/random_init/seed-215/run_summary.json,not-published,validation,False
bert-base-uncased,L1,cladder,core_base_1law,216,l1:cladder:core_base_1law:216,0.5609756097560976,0.5146198830409356,0.5377977463985166,not-published,outputs/l1/cells/cladder/core_base_1law/seed-216/run_summary.json,not-published,validation,False
bert-base-uncased,L1,cladder,core_i_3law,216,l1:cladder:core_i_3law:216,0.5609756097560976,0.5146198830409356,0.5377977463985166,not-published,outputs/l1/cells/cladder/core_i_3law/seed-216/run_summary.json,not-published,validation,False
bert-base-uncased,L1,cladder,core_full_4law,216,l1:cladder:core_full_4law:216,0.5609756097560976,0.5146198830409356,0.5377977463985166,not-published,outputs/l1/cells/cladder/core_full_4law/seed-216/run_summary.json,not-published,validation,False
bert-base-uncased,L1,cladder,do_nothing,216,l1:cladder:do_nothing:216,1.0,0.0,0.5,,outputs/l1/cells/cladder/do_nothing/seed-216/run_summary.json,not-published,validation,False
bert-base-uncased,L1,cladder,do_everything,216,l1:cladder:do_everything:216,0.5024390243902439,0.8522012578616353,0.6773201411259395,,outputs/l1/cells/cladder/do_everything/seed-216/run_summary.json,not-published,validation,False
bert-base-uncased,L1,cladder,random_init,216,l1:cladder:random_init:216,0.375609756097561,0.44025157232704404,0.4079306642123025,,outputs/l1/cells/cladder/random_init/seed-216/run_summary.json,not-published,validation,False
bert-base-uncased,L1,cladder,core_base_1law,217,l1:cladder:core_base_1law:217,0.5609756097560976,0.5146198830409356,0.5377977463985166,not-published,outputs/l1/cells/cladder/core_base_1law/seed-217/run_summary.json,not-published,validation,False
bert-base-uncased,L1,cladder,core_i_3law,217,l1:cladder:core_i_3law:217,0.5609756097560976,0.5146198830409356,0.5377977463985166,not-published,outputs/l1/cells/cladder/core_i_3law/seed-217/run_summary.json,not-published,validation,False
bert-base-uncased,L1,cladder,core_full_4law,217,l1:cladder:core_full_4law:217,0.5609756097560976,0.5146198830409356,0.5377977463985166,not-published,outputs/l1/cells/cladder/core_full_4law/seed-217/run_summary.json,not-published,validation,False
bert-base-uncased,L1,cladder,do_nothing,217,l1:cladder:do_nothing:217,1.0,0.0,0.5,,outputs/l1/cells/cladder/do_nothing/seed-217/run_summary.json,not-published,validation,False
bert-base-uncased,L1,cladder,do_everything,217,l1:cladder:do_everything:217,0.5024390243902439,0.8522012578616353,0.6773201411259395,,outputs/l1/cells/cladder/do_everything/seed-217/run_summary.json,not-published,validation,False
bert-base-uncased,L1,cladder,random_init,217,l1:cladder:random_init:217,0.5609756097560976,0.48427672955974843,0.5226261696579231,,outputs/l1/cells/cladder/random_init/seed-217/run_summary.json,not-published,validation,False
bert-base-uncased,L1,cladder,core_base_1law,218,l1:cladder:core_base_1law:218,0.5658536585365853,0.49707602339181284,0.5314648409641991,not-published,outputs/l1/cells/cladder/core_base_1law/seed-218/run_summary.json,not-published,validation,False
bert-base-uncased,L1,cladder,core_i_3law,218,l1:cladder:core_i_3law:218,0.5658536585365853,0.49707602339181284,0.5314648409641991,not-published,outputs/l1/cells/cladder/core_i_3law/seed-218/run_summary.json,not-published,validation,False
bert-base-uncased,L1,cladder,core_full_4law,218,l1:cladder:core_full_4law:218,0.5658536585365853,0.49707602339181284,0.5314648409641991,not-published,outputs/l1/cells/cladder/core_full_4law/seed-218/run_summary.json,not-published,validation,False
bert-base-uncased,L1,cladder,do_nothing,218,l1:cladder:do_nothing:218,1.0,0.0,0.5,,outputs/l1/cells/cladder/do_nothing/seed-218/run_summary.json,not-published,validation,False
bert-base-uncased,L1,cladder,do_everything,218,l1:cladder:do_everything:218,0.5024390243902439,0.8522012578616353,0.6773201411259395,,outputs/l1/cells/cladder/do_everything/seed-218/run_summary.json,not-published,validation,False
bert-base-uncased,L1,cladder,random_init,218,l1:cladder:random_init:218,0.48292682926829267,0.449685534591195,0.4663061819297438,,outputs/l1/cells/cladder/random_init/seed-218/run_summary.json,not-published,validation,False
bert-base-uncased,L1,cladder,core_base_1law,219,l1:cladder:core_base_1law:219,0.5609756097560976,0.5146198830409356,0.5377977463985166,not-published,outputs/l1/cells/cladder/core_base_1law/seed-219/run_summary.json,not-published,validation,False
bert-base-uncased,L1,cladder,core_i_3law,219,l1:cladder:core_i_3law:219,0.5609756097560976,0.5146198830409356,0.5377977463985166,not-published,outputs/l1/cells/cladder/core_i_3law/seed-219/run_summary.json,not-published,validation,False
bert-base-uncased,L1,cladder,core_full_4law,219,l1:cladder:core_full_4law:219,0.5609756097560976,0.5146198830409356,0.5377977463985166,not-published,outputs/l1/cells/cladder/core_full_4law/seed-219/run_summary.json,not-published,validation,False
bert-base-uncased,L1,cladder,do_nothing,219,l1:cladder:do_nothing:219,1.0,0.0,0.5,,outputs/l1/cells/cladder/do_nothing/seed-219/run_summary.json,not-published,validation,False
bert-base-uncased,L1,cladder,do_everything,219,l1:cladder:do_everything:219,0.5024390243902439,0.8522012578616353,0.6773201411259395,,outputs/l1/cells/cladder/do_everything/seed-219/run_summary.json,not-published,validation,False
bert-base-uncased,L1,cladder,random_init,219,l1:cladder:random_init:219,0.4975609756097561,0.5408805031446541,0.519220739377205,,outputs/l1/cells/cladder/random_init/seed-219/run_summary.json,not-published,validation,False
bert-base-uncased,L1,cladder,core_base_1law,220,l1:cladder:core_base_1law:220,0.5609756097560976,0.5146198830409356,0.5377977463985166,not-published,outputs/l1/cells/cladder/core_base_1law/seed-220/run_summary.json,not-published,validation,False
bert-base-uncased,L1,cladder,core_i_3law,220,l1:cladder:core_i_3law:220,0.5609756097560976,0.5146198830409356,0.5377977463985166,not-published,outputs/l1/cells/cladder/core_i_3law/seed-220/run_summary.json,not-published,validation,False
bert-base-uncased,L1,cladder,core_full_4law,220,l1:cladder:core_full_4law:220,0.5609756097560976,0.5146198830409356,0.5377977463985166,not-published,outputs/l1/cells/cladder/core_full_4law/seed-220/run_summary.json,not-published,validation,False
bert-base-uncased,L1,cladder,do_nothing,220,l1:cladder:do_nothing:220,1.0,0.0,0.5,,outputs/l1/cells/cladder/do_nothing/seed-220/run_summary.json,not-published,validation,False
bert-base-uncased,L1,cladder,do_everything,220,l1:cladder:do_everything:220,0.5024390243902439,0.8522012578616353,0.6773201411259395,,outputs/l1/cells/cladder/do_everything/seed-220/run_summary.json,not-published,validation,False
bert-base-uncased,L1,cladder,random_init,220,l1:cladder:random_init:220,0.4634146341463415,0.5125786163522013,0.48799662524927134,,outputs/l1/cells/cladder/random_init/seed-220/run_summary.json,not-published,validation,False
bert-base-uncased,L2,xor,full,201,l2:xor:full:201,0.502375296912114,0.5,0.501187648456057,not-published,outputs/l2/cells/xor/full/seed-201/run_summary.json,not-published,validation,False
bert-base-uncased,L2,xor,drop_identity,201,l2:xor:drop_identity:201,0.502375296912114,0.5,0.501187648456057,not-published,outputs/l2/cells/xor/drop_identity/seed-201/run_summary.json,not-published,validation,False
bert-base-uncased,L2,xor,drop_idempotence,201,l2:xor:drop_idempotence:201,0.502375296912114,0.5,0.501187648456057,not-published,outputs/l2/cells/xor/drop_idempotence/seed-201/run_summary.json,not-published,validation,False
bert-base-uncased,L2,xor,drop_commutation,201,l2:xor:drop_commutation:201,0.502375296912114,0.5,0.501187648456057,not-published,outputs/l2/cells/xor/drop_commutation/seed-201/run_summary.json,not-published,validation,False
bert-base-uncased,L2,xor,drop_selective_invariance,201,l2:xor:drop_selective_invariance:201,0.502375296912114,0.5,0.501187648456057,not-published,outputs/l2/cells/xor/drop_selective_invariance/seed-201/run_summary.json,not-published,validation,False
bert-base-uncased,L2,xor,do_nothing,201,l2:xor:do_nothing:201,1.0,0.0,0.5,,outputs/l2/cells/xor/do_nothing/seed-201/run_summary.json,not-published,validation,False
bert-base-uncased,L2,xor,do_everything,201,l2:xor:do_everything:201,0.502375296912114,0.5558659217877095,0.5291206093499118,,outputs/l2/cells/xor/do_everything/seed-201/run_summary.json,not-published,validation,False
bert-base-uncased,L2,xor,random_init,201,l2:xor:random_init:201,0.5098970704671417,0.5037243947858473,0.5068107326264946,,outputs/l2/cells/xor/random_init/seed-201/run_summary.json,not-published,validation,False
bert-base-uncased,L2,xor,full,202,l2:xor:full:202,0.4194577352472089,0.5421810699588477,0.48081940260302836,not-published,outputs/l2/cells/xor/full/seed-202/run_summary.json,not-published,validation,False
bert-base-uncased,L2,xor,drop_identity,202,l2:xor:drop_identity:202,0.4194577352472089,0.5421810699588477,0.48081940260302836,not-published,outputs/l2/cells/xor/drop_identity/seed-202/run_summary.json,not-published,validation,False
bert-base-uncased,L2,xor,drop_idempotence,202,l2:xor:drop_idempotence:202,0.4194577352472089,0.5411522633744856,0.48030499931084725,not-published,outputs/l2/cells/xor/drop_idempotence/seed-202/run_summary.json,not-published,validation,False
bert-base-uncased,L2,xor,drop_commutation,202,l2:xor:drop_commutation:202,0.4194577352472089,0.5421810699588477,0.48081940260302836,not-published,outputs/l2/cells/xor/drop_commutation/seed-202/run_summary.json,not-published,validation,False
bert-base-uncased,L2,xor,drop_selective_invariance,202,l2:xor:drop_selective_invariance:202,0.4194577352472089,0.5411522633744856,0.48030499931084725,not-published,outputs/l2/cells/xor/drop_selective_invariance/seed-202/run_summary.json,not-published,validation,False
bert-base-uncased,L2,xor,do_nothing,202,l2:xor:do_nothing:202,1.0,0.0,0.5,,outputs/l2/cells/xor/do_nothing/seed-202/run_summary.json,not-published,validation,False
bert-base-uncased,L2,xor,do_everything,202,l2:xor:do_everything:202,0.47647527910685805,0.565018315018315,0.5207467970625865,,outputs/l2/cells/xor/do_everything/seed-202/run_summary.json,not-published,validation,False
bert-base-uncased,L2,xor,random_init,202,l2:xor:random_init:202,0.48724082934609253,0.4880952380952381,0.4876680337206653,,outputs/l2/cells/xor/random_init/seed-202/run_summary.json,not-published,validation,False
bert-base-uncased,L2,xor,full,203,l2:xor:full:203,0.5091896407685882,0.498158379373849,0.5036740100712186,not-published,outputs/l2/cells/xor/full/seed-203/run_summary.json,not-published,validation,False
bert-base-uncased,L2,xor,drop_identity,203,l2:xor:drop_identity:203,0.5091896407685882,0.498158379373849,0.5036740100712186,not-published,outputs/l2/cells/xor/drop_identity/seed-203/run_summary.json,not-published,validation,False
bert-base-uncased,L2,xor,drop_idempotence,203,l2:xor:drop_idempotence:203,0.5091896407685882,0.498158379373849,0.5036740100712186,not-published,outputs/l2/cells/xor/drop_idempotence/seed-203/run_summary.json,not-published,validation,False
bert-base-uncased,L2,xor,drop_commutation,203,l2:xor:drop_commutation:203,0.5091896407685882,0.498158379373849,0.5036740100712186,not-published,outputs/l2/cells/xor/drop_commutation/seed-203/run_summary.json,not-published,validation,False
bert-base-uncased,L2,xor,drop_selective_invariance,203,l2:xor:drop_selective_invariance:203,0.5091896407685882,0.498158379373849,0.5036740100712186,not-published,outputs/l2/cells/xor/drop_selective_invariance/seed-203/run_summary.json,not-published,validation,False
bert-base-uncased,L2,xor,do_nothing,203,l2:xor:do_nothing:203,1.0,0.0,0.5,,outputs/l2/cells/xor/do_nothing/seed-203/run_summary.json,not-published,validation,False
bert-base-uncased,L2,xor,do_everything,203,l2:xor:do_everything:203,0.5091896407685882,0.5480928689883914,0.5286412548784898,,outputs/l2/cells/xor/do_everything/seed-203/run_summary.json,not-published,validation,False
bert-base-uncased,L2,xor,random_init,203,l2:xor:random_init:203,0.49373433583959897,0.494195688225539,0.493965012032569,,outputs/l2/cells/xor/random_init/seed-203/run_summary.json,not-published,validation,False
bert-base-uncased,L2,xor,full,204,l2:xor:full:204,0.49379432624113473,0.4803921568627451,0.4870932415519399,not-published,outputs/l2/cells/xor/full/seed-204/run_summary.json,not-published,validation,False
bert-base-uncased,L2,xor,drop_identity,204,l2:xor:drop_identity:204,0.49379432624113473,0.4803921568627451,0.4870932415519399,not-published,outputs/l2/cells/xor/drop_identity/seed-204/run_summary.json,not-published,validation,False
bert-base-uncased,L2,xor,drop_idempotence,204,l2:xor:drop_idempotence:204,0.49379432624113473,0.4803921568627451,0.4870932415519399,not-published,outputs/l2/cells/xor/drop_idempotence/seed-204/run_summary.json,not-published,validation,False
bert-base-uncased,L2,xor,drop_commutation,204,l2:xor:drop_commutation:204,0.49379432624113473,0.4803921568627451,0.4870932415519399,not-published,outputs/l2/cells/xor/drop_commutation/seed-204/run_summary.json,not-published,validation,False
bert-base-uncased,L2,xor,drop_selective_invariance,204,l2:xor:drop_selective_invariance:204,0.49379432624113473,0.4803921568627451,0.4870932415519399,not-published,outputs/l2/cells/xor/drop_selective_invariance/seed-204/run_summary.json,not-published,validation,False
bert-base-uncased,L2,xor,do_nothing,204,l2:xor:do_nothing:204,1.0,0.0,0.5,,outputs/l2/cells/xor/do_nothing/seed-204/run_summary.json,not-published,validation,False
bert-base-uncased,L2,xor,do_everything,204,l2:xor:do_everything:204,0.49379432624113473,0.5267857142857143,0.5102900202634245,,outputs/l2/cells/xor/do_everything/seed-204/run_summary.json,not-published,validation,False
bert-base-uncased,L2,xor,random_init,204,l2:xor:random_init:204,0.5159574468085106,0.5081845238095238,0.5120709853090173,,outputs/l2/cells/xor/random_init/seed-204/run_summary.json,not-published,validation,False
bert-base-uncased,L2,xor,full,205,l2:xor:full:205,0.4873617693522907,0.49156118143459915,0.4894614753934449,not-published,outputs/l2/cells/xor/full/seed-205/run_summary.json,not-published,validation,False
bert-base-uncased,L2,xor,drop_identity,205,l2:xor:drop_identity:205,0.4873617693522907,0.49156118143459915,0.4894614753934449,not-published,outputs/l2/cells/xor/drop_identity/seed-205/run_summary.json,not-published,validation,False
bert-base-uncased,L2,xor,drop_idempotence,205,l2:xor:drop_idempotence:205,0.4873617693522907,0.49156118143459915,0.4894614753934449,not-published,outputs/l2/cells/xor/drop_idempotence/seed-205/run_summary.json,not-published,validation,False
bert-base-uncased,L2,xor,drop_commutation,205,l2:xor:drop_commutation:205,0.4873617693522907,0.49156118143459915,0.4894614753934449,not-published,outputs/l2/cells/xor/drop_commutation/seed-205/run_summary.json,not-published,validation,False
bert-base-uncased,L2,xor,drop_selective_invariance,205,l2:xor:drop_selective_invariance:205,0.4873617693522907,0.49156118143459915,0.4894614753934449,not-published,outputs/l2/cells/xor/drop_selective_invariance/seed-205/run_summary.json,not-published,validation,False
bert-base-uncased,L2,xor,do_nothing,205,l2:xor:do_nothing:205,1.0,0.0,0.5,,outputs/l2/cells/xor/do_nothing/seed-205/run_summary.json,not-published,validation,False
bert-base-uncased,L2,xor,do_everything,205,l2:xor:do_everything:205,0.4873617693522907,0.548689138576779,0.5180254539645348,,outputs/l2/cells/xor/do_everything/seed-205/run_summary.json,not-published,validation,False
bert-base-uncased,L2,xor,random_init,205,l2:xor:random_init:205,0.5154028436018957,0.5056179775280899,0.5105104105649928,,outputs/l2/cells/xor/random_init/seed-205/run_summary.json,not-published,validation,False
bert-base-uncased,L2,xor,full,206,l2:xor:full:206,0.5077235772357723,0.49901960784313726,0.5033715925394548,not-published,outputs/l2/cells/xor/full/seed-206/run_summary.json,not-published,validation,False
bert-base-uncased,L2,xor,drop_identity,206,l2:xor:drop_identity:206,0.5073170731707317,0.49901960784313726,0.5031683405069345,not-published,outputs/l2/cells/xor/drop_identity/seed-206/run_summary.json,not-published,validation,False
bert-base-uncased,L2,xor,drop_idempotence,206,l2:xor:drop_idempotence:206,0.5089430894308943,0.49901960784313726,0.5039813486370157,not-published,outputs/l2/cells/xor/drop_idempotence/seed-206/run_summary.json,not-published,validation,False
bert-base-uncased,L2,xor,drop_commutation,206,l2:xor:drop_commutation:206,0.508130081300813,0.49901960784313726,0.5035748445719752,not-published,outputs/l2/cells/xor/drop_commutation/seed-206/run_summary.json,not-published,validation,False
bert-base-uncased,L2,xor,drop_selective_invariance,206,l2:xor:drop_selective_invariance:206,0.5089430894308943,0.49901960784313726,0.5039813486370157,not-published,outputs/l2/cells/xor/drop_selective_invariance/seed-206/run_summary.json,not-published,validation,False
bert-base-uncased,L2,xor,do_nothing,206,l2:xor:do_nothing:206,1.0,0.0,0.5,,outputs/l2/cells/xor/do_nothing/seed-206/run_summary.json,not-published,validation,False
bert-base-uncased,L2,xor,do_everything,206,l2:xor:do_everything:206,0.5138211382113821,0.5456140350877193,0.5297175866495507,,outputs/l2/cells/xor/do_everything/seed-206/run_summary.json,not-published,validation,False
bert-base-uncased,L2,xor,random_init,206,l2:xor:random_init:206,0.5134146341463415,0.5184210526315789,0.5159178433889602,,outputs/l2/cells/xor/random_init/seed-206/run_summary.json,not-published,validation,False
bert-base-uncased,L2,xor,full,207,l2:xor:full:207,0.5241666666666667,0.4361111111111111,0.4801388888888889,not-published,outputs/l2/cells/xor/full/seed-207/run_summary.json,not-published,validation,False
bert-base-uncased,L2,xor,drop_identity,207,l2:xor:drop_identity:207,0.5241666666666667,0.4361111111111111,0.4801388888888889,not-published,outputs/l2/cells/xor/drop_identity/seed-207/run_summary.json,not-published,validation,False
bert-base-uncased,L2,xor,drop_idempotence,207,l2:xor:drop_idempotence:207,0.5241666666666667,0.4361111111111111,0.4801388888888889,not-published,outputs/l2/cells/xor/drop_idempotence/seed-207/run_summary.json,not-published,validation,False
bert-base-uncased,L2,xor,drop_commutation,207,l2:xor:drop_commutation:207,0.5241666666666667,0.4361111111111111,0.4801388888888889,not-published,outputs/l2/cells/xor/drop_commutation/seed-207/run_summary.json,not-published,validation,False
bert-base-uncased,L2,xor,drop_selective_invariance,207,l2:xor:drop_selective_invariance:207,0.5241666666666667,0.4361111111111111,0.4801388888888889,not-published,outputs/l2/cells/xor/drop_selective_invariance/seed-207/run_summary.json,not-published,validation,False
bert-base-uncased,L2,xor,do_nothing,207,l2:xor:do_nothing:207,1.0,0.0,0.5,,outputs/l2/cells/xor/do_nothing/seed-207/run_summary.json,not-published,validation,False
bert-base-uncased,L2,xor,do_everything,207,l2:xor:do_everything:207,0.4920833333333333,0.5441666666666667,0.518125,,outputs/l2/cells/xor/do_everything/seed-207/run_summary.json,not-published,validation,False
bert-base-uncased,L2,xor,random_init,207,l2:xor:random_init:207,0.48291666666666666,0.49166666666666664,0.4872916666666667,,outputs/l2/cells/xor/random_init/seed-207/run_summary.json,not-published,validation,False
bert-base-uncased,L2,xor,full,208,l2:xor:full:208,0.5131782945736434,0.4988888888888889,0.5060335917312662,not-published,outputs/l2/cells/xor/full/seed-208/run_summary.json,not-published,validation,False
bert-base-uncased,L2,xor,drop_identity,208,l2:xor:drop_identity:208,0.5131782945736434,0.4988888888888889,0.5060335917312662,not-published,outputs/l2/cells/xor/drop_identity/seed-208/run_summary.json,not-published,validation,False
bert-base-uncased,L2,xor,drop_idempotence,208,l2:xor:drop_idempotence:208,0.5131782945736434,0.4988888888888889,0.5060335917312662,not-published,outputs/l2/cells/xor/drop_idempotence/seed-208/run_summary.json,not-published,validation,False
bert-base-uncased,L2,xor,drop_commutation,208,l2:xor:drop_commutation:208,0.5131782945736434,0.4988888888888889,0.5060335917312662,not-published,outputs/l2/cells/xor/drop_commutation/seed-208/run_summary.json,not-published,validation,False
bert-base-uncased,L2,xor,drop_selective_invariance,208,l2:xor:drop_selective_invariance:208,0.5131782945736434,0.4988888888888889,0.5060335917312662,not-published,outputs/l2/cells/xor/drop_selective_invariance/seed-208/run_summary.json,not-published,validation,False
bert-base-uncased,L2,xor,do_nothing,208,l2:xor:do_nothing:208,1.0,0.0,0.5,,outputs/l2/cells/xor/do_nothing/seed-208/run_summary.json,not-published,validation,False
bert-base-uncased,L2,xor,do_everything,208,l2:xor:do_everything:208,0.512015503875969,0.542156862745098,0.5270861833105335,,outputs/l2/cells/xor/do_everything/seed-208/run_summary.json,not-published,validation,False
bert-base-uncased,L2,xor,random_init,208,l2:xor:random_init:208,0.5108527131782946,0.5225490196078432,0.5167008663930689,,outputs/l2/cells/xor/random_init/seed-208/run_summary.json,not-published,validation,False
bert-base-uncased,L2,xor,full,209,l2:xor:full:209,0.5296912114014252,0.47379454926624737,0.5017428803338363,not-published,outputs/l2/cells/xor/full/seed-209/run_summary.json,not-published,validation,False
bert-base-uncased,L2,xor,drop_identity,209,l2:xor:drop_identity:209,0.5296912114014252,0.47379454926624737,0.5017428803338363,not-published,outputs/l2/cells/xor/drop_identity/seed-209/run_summary.json,not-published,validation,False
bert-base-uncased,L2,xor,drop_idempotence,209,l2:xor:drop_idempotence:209,0.5296912114014252,0.47379454926624737,0.5017428803338363,not-published,outputs/l2/cells/xor/drop_idempotence/seed-209/run_summary.json,not-published,validation,False
bert-base-uncased,L2,xor,drop_commutation,209,l2:xor:drop_commutation:209,0.5296912114014252,0.47379454926624737,0.5017428803338363,not-published,outputs/l2/cells/xor/drop_commutation/seed-209/run_summary.json,not-published,validation,False
bert-base-uncased,L2,xor,drop_selective_invariance,209,l2:xor:drop_selective_invariance:209,0.5296912114014252,0.47379454926624737,0.5017428803338363,not-published,outputs/l2/cells/xor/drop_selective_invariance/seed-209/run_summary.json,not-published,validation,False
bert-base-uncased,L2,xor,do_nothing,209,l2:xor:do_nothing:209,1.0,0.0,0.5,,outputs/l2/cells/xor/do_nothing/seed-209/run_summary.json,not-published,validation,False
bert-base-uncased,L2,xor,do_everything,209,l2:xor:do_everything:209,0.5162311955661124,0.5456238361266295,0.5309275158463709,,outputs/l2/cells/xor/do_everything/seed-209/run_summary.json,not-published,validation,False
bert-base-uncased,L2,xor,random_init,209,l2:xor:random_init:209,0.5146476642913698,0.4757914338919926,0.4952195490916812,,outputs/l2/cells/xor/random_init/seed-209/run_summary.json,not-published,validation,False
bert-base-uncased,L2,xor,full,210,l2:xor:full:210,0.5039032006245121,0.5272331154684096,0.5155681580464608,not-published,outputs/l2/cells/xor/full/seed-210/run_summary.json,not-published,validation,False
bert-base-uncased,L2,xor,drop_identity,210,l2:xor:drop_identity:210,0.5039032006245121,0.5272331154684096,0.5155681580464608,not-published,outputs/l2/cells/xor/drop_identity/seed-210/run_summary.json,not-published,validation,False
bert-base-uncased,L2,xor,drop_idempotence,210,l2:xor:drop_idempotence:210,0.5039032006245121,0.5272331154684096,0.5155681580464608,not-published,outputs/l2/cells/xor/drop_idempotence/seed-210/run_summary.json,not-published,validation,False
bert-base-uncased,L2,xor,drop_commutation,210,l2:xor:drop_commutation:210,0.5039032006245121,0.5272331154684096,0.5155681580464608,not-published,outputs/l2/cells/xor/drop_commutation/seed-210/run_summary.json,not-published,validation,False
bert-base-uncased,L2,xor,drop_selective_invariance,210,l2:xor:drop_selective_invariance:210,0.5039032006245121,0.5272331154684096,0.5155681580464608,not-published,outputs/l2/cells/xor/drop_selective_invariance/seed-210/run_summary.json,not-published,validation,False
bert-base-uncased,L2,xor,do_nothing,210,l2:xor:do_nothing:210,1.0,0.0,0.5,,outputs/l2/cells/xor/do_nothing/seed-210/run_summary.json,not-published,validation,False
bert-base-uncased,L2,xor,do_everything,210,l2:xor:do_everything:210,0.48633879781420764,0.5857418111753372,0.5360403044947724,,outputs/l2/cells/xor/do_everything/seed-210/run_summary.json,not-published,validation,False
bert-base-uncased,L2,xor,random_init,210,l2:xor:random_init:210,0.5058548009367682,0.5067437379576107,0.5062992694471895,,outputs/l2/cells/xor/random_init/seed-210/run_summary.json,not-published,validation,False
bert-base-uncased,L2,xor,full,211,l2:xor:full:211,0.5152640264026402,0.4810606060606061,0.49816231623162316,not-published,outputs/l2/cells/xor/full/seed-211/run_summary.json,not-published,validation,False
bert-base-uncased,L2,xor,drop_identity,211,l2:xor:drop_identity:211,0.5148514851485149,0.4810606060606061,0.49795604560456047,not-published,outputs/l2/cells/xor/drop_identity/seed-211/run_summary.json,not-published,validation,False
bert-base-uncased,L2,xor,drop_idempotence,211,l2:xor:drop_idempotence:211,0.5156765676567657,0.4810606060606061,0.4983685868586859,not-published,outputs/l2/cells/xor/drop_idempotence/seed-211/run_summary.json,not-published,validation,False
bert-base-uncased,L2,xor,drop_commutation,211,l2:xor:drop_commutation:211,0.5148514851485149,0.4810606060606061,0.49795604560456047,not-published,outputs/l2/cells/xor/drop_commutation/seed-211/run_summary.json,not-published,validation,False
bert-base-uncased,L2,xor,drop_selective_invariance,211,l2:xor:drop_selective_invariance:211,0.5152640264026402,0.4810606060606061,0.49816231623162316,not-published,outputs/l2/cells/xor/drop_selective_invariance/seed-211/run_summary.json,not-published,validation,False
bert-base-uncased,L2,xor,do_nothing,211,l2:xor:do_nothing:211,1.0,0.0,0.5,,outputs/l2/cells/xor/do_nothing/seed-211/run_summary.json,not-published,validation,False
bert-base-uncased,L2,xor,do_everything,211,l2:xor:do_everything:211,0.4933993399339934,0.5510204081632653,0.5222098740486293,,outputs/l2/cells/xor/do_everything/seed-211/run_summary.json,not-published,validation,False
bert-base-uncased,L2,xor,random_init,211,l2:xor:random_init:211,0.4793729372937294,0.5187074829931972,0.49904021014346334,,outputs/l2/cells/xor/random_init/seed-211/run_summary.json,not-published,validation,False
bert-base-uncased,L2,xor,full,212,l2:xor:full:212,0.4983779399837794,0.47830374753451677,0.4883408437591481,not-published,outputs/l2/cells/xor/full/seed-212/run_summary.json,not-published,validation,False
bert-base-uncased,L2,xor,drop_identity,212,l2:xor:drop_identity:212,0.4983779399837794,0.47830374753451677,0.4883408437591481,not-published,outputs/l2/cells/xor/drop_identity/seed-212/run_summary.json,not-published,validation,False
bert-base-uncased,L2,xor,drop_idempotence,212,l2:xor:drop_idempotence:212,0.4983779399837794,0.47731755424063116,0.48784774711220524,not-published,outputs/l2/cells/xor/drop_idempotence/seed-212/run_summary.json,not-published,validation,False
bert-base-uncased,L2,xor,drop_commutation,212,l2:xor:drop_commutation:212,0.4983779399837794,0.47830374753451677,0.4883408437591481,not-published,outputs/l2/cells/xor/drop_commutation/seed-212/run_summary.json,not-published,validation,False
bert-base-uncased,L2,xor,drop_selective_invariance,212,l2:xor:drop_selective_invariance:212,0.49797242497972427,0.47633136094674555,0.4871518929632349,not-published,outputs/l2/cells/xor/drop_selective_invariance/seed-212/run_summary.json,not-published,validation,False
bert-base-uncased,L2,xor,do_nothing,212,l2:xor:do_nothing:212,1.0,0.0,0.5,,outputs/l2/cells/xor/do_nothing/seed-212/run_summary.json,not-published,validation,False
bert-base-uncased,L2,xor,do_everything,212,l2:xor:do_everything:212,0.5008110300081103,0.5299823633156967,0.5153966966619035,,outputs/l2/cells/xor/do_everything/seed-212/run_summary.json,not-published,validation,False
bert-base-uncased,L2,xor,random_init,212,l2:xor:random_init:212,0.4931062449310625,0.49206349206349204,0.49258486849727723,,outputs/l2/cells/xor/random_init/seed-212/run_summary.json,not-published,validation,False
bert-base-uncased,L2,xor,full,213,l2:xor:full:213,0.49426605504587157,0.48148148148148145,0.4878737682636765,not-published,outputs/l2/cells/xor/full/seed-213/run_summary.json,not-published,validation,False
bert-base-uncased,L2,xor,drop_identity,213,l2:xor:drop_identity:213,0.49426605504587157,0.48148148148148145,0.4878737682636765,not-published,outputs/l2/cells/xor/drop_identity/seed-213/run_summary.json,not-published,validation,False
bert-base-uncased,L2,xor,drop_idempotence,213,l2:xor:drop_idempotence:213,0.49426605504587157,0.48148148148148145,0.4878737682636765,not-published,outputs/l2/cells/xor/drop_idempotence/seed-213/run_summary.json,not-published,validation,False
bert-base-uncased,L2,xor,drop_commutation,213,l2:xor:drop_commutation:213,0.49426605504587157,0.48148148148148145,0.4878737682636765,not-published,outputs/l2/cells/xor/drop_commutation/seed-213/run_summary.json,not-published,validation,False
bert-base-uncased,L2,xor,drop_selective_invariance,213,l2:xor:drop_selective_invariance:213,0.49426605504587157,0.48148148148148145,0.4878737682636765,not-published,outputs/l2/cells/xor/drop_selective_invariance/seed-213/run_summary.json,not-published,validation,False
bert-base-uncased,L2,xor,do_nothing,213,l2:xor:do_nothing:213,1.0,0.0,0.5,,outputs/l2/cells/xor/do_nothing/seed-213/run_summary.json,not-published,validation,False
bert-base-uncased,L2,xor,do_everything,213,l2:xor:do_everything:213,0.5191131498470948,0.5548780487804879,0.5369955993137914,,outputs/l2/cells/xor/do_everything/seed-213/run_summary.json,not-published,validation,False
bert-base-uncased,L2,xor,random_init,213,l2:xor:random_init:213,0.5187308868501529,0.47865853658536583,0.49869471171775936,,outputs/l2/cells/xor/random_init/seed-213/run_summary.json,not-published,validation,False
bert-base-uncased,L2,xor,full,214,l2:xor:full:214,0.404434250764526,0.5752314814814815,0.48983286612300375,not-published,outputs/l2/cells/xor/full/seed-214/run_summary.json,not-published,validation,False
bert-base-uncased,L2,xor,drop_identity,214,l2:xor:drop_identity:214,0.404434250764526,0.5752314814814815,0.48983286612300375,not-published,outputs/l2/cells/xor/drop_identity/seed-214/run_summary.json,not-published,validation,False
bert-base-uncased,L2,xor,drop_idempotence,214,l2:xor:drop_idempotence:214,0.404434250764526,0.5752314814814815,0.48983286612300375,not-published,outputs/l2/cells/xor/drop_idempotence/seed-214/run_summary.json,not-published,validation,False
bert-base-uncased,L2,xor,drop_commutation,214,l2:xor:drop_commutation:214,0.404434250764526,0.5752314814814815,0.48983286612300375,not-published,outputs/l2/cells/xor/drop_commutation/seed-214/run_summary.json,not-published,validation,False
bert-base-uncased,L2,xor,drop_selective_invariance,214,l2:xor:drop_selective_invariance:214,0.404434250764526,0.5752314814814815,0.48983286612300375,not-published,outputs/l2/cells/xor/drop_selective_invariance/seed-214/run_summary.json,not-published,validation,False
bert-base-uncased,L2,xor,do_nothing,214,l2:xor:do_nothing:214,1.0,0.0,0.5,,outputs/l2/cells/xor/do_nothing/seed-214/run_summary.json,not-published,validation,False
bert-base-uncased,L2,xor,do_everything,214,l2:xor:do_everything:214,0.5053516819571865,0.556910569105691,0.5311311255314388,,outputs/l2/cells/xor/do_everything/seed-214/run_summary.json,not-published,validation,False
bert-base-uncased,L2,xor,random_init,214,l2:xor:random_init:214,0.4996177370030581,0.4695121951219512,0.48456496606250465,,outputs/l2/cells/xor/random_init/seed-214/run_summary.json,not-published,validation,False
bert-base-uncased,L2,xor,full,215,l2:xor:full:215,0.47006472491909385,0.5436507936507936,0.5068577592849437,not-published,outputs/l2/cells/xor/full/seed-215/run_summary.json,not-published,validation,False
bert-base-uncased,L2,xor,drop_identity,215,l2:xor:drop_identity:215,0.47006472491909385,0.5436507936507936,0.5068577592849437,not-published,outputs/l2/cells/xor/drop_identity/seed-215/run_summary.json,not-published,validation,False
bert-base-uncased,L2,xor,drop_idempotence,215,l2:xor:drop_idempotence:215,0.47006472491909385,0.5436507936507936,0.5068577592849437,not-published,outputs/l2/cells/xor/drop_idempotence/seed-215/run_summary.json,not-published,validation,False
bert-base-uncased,L2,xor,drop_commutation,215,l2:xor:drop_commutation:215,0.47006472491909385,0.5436507936507936,0.5068577592849437,not-published,outputs/l2/cells/xor/drop_commutation/seed-215/run_summary.json,not-published,validation,False
bert-base-uncased,L2,xor,drop_selective_invariance,215,l2:xor:drop_selective_invariance:215,0.47006472491909385,0.5436507936507936,0.5068577592849437,not-published,outputs/l2/cells/xor/drop_selective_invariance/seed-215/run_summary.json,not-published,validation,False
bert-base-uncased,L2,xor,do_nothing,215,l2:xor:do_nothing:215,1.0,0.0,0.5,,outputs/l2/cells/xor/do_nothing/seed-215/run_summary.json,not-published,validation,False
bert-base-uncased,L2,xor,do_everything,215,l2:xor:do_everything:215,0.511326860841424,0.5620567375886525,0.5366917992150382,,outputs/l2/cells/xor/do_everything/seed-215/run_summary.json,not-published,validation,False
bert-base-uncased,L2,xor,random_init,215,l2:xor:random_init:215,0.5004045307443366,0.5168439716312057,0.5086242511877711,,outputs/l2/cells/xor/random_init/seed-215/run_summary.json,not-published,validation,False
bert-base-uncased,L2,xor,full,216,l2:xor:full:216,0.5534738485558157,0.42919389978213507,0.4913338741689754,not-published,outputs/l2/cells/xor/full/seed-216/run_summary.json,not-published,validation,False
bert-base-uncased,L2,xor,drop_identity,216,l2:xor:drop_identity:216,0.5534738485558157,0.42919389978213507,0.4913338741689754,not-published,outputs/l2/cells/xor/drop_identity/seed-216/run_summary.json,not-published,validation,False
bert-base-uncased,L2,xor,drop_idempotence,216,l2:xor:drop_idempotence:216,0.5534738485558157,0.42919389978213507,0.4913338741689754,not-published,outputs/l2/cells/xor/drop_idempotence/seed-216/run_summary.json,not-published,validation,False
bert-base-uncased,L2,xor,drop_commutation,216,l2:xor:drop_commutation:216,0.5534738485558157,0.42919389978213507,0.4913338741689754,not-published,outputs/l2/cells/xor/drop_commutation/seed-216/run_summary.json,not-published,validation,False
bert-base-uncased,L2,xor,drop_selective_invariance,216,l2:xor:drop_selective_invariance:216,0.5534738485558157,0.42919389978213507,0.4913338741689754,not-published,outputs/l2/cells/xor/drop_selective_invariance/seed-216/run_summary.json,not-published,validation,False
bert-base-uncased,L2,xor,do_nothing,216,l2:xor:do_nothing:216,1.0,0.0,0.5,,outputs/l2/cells/xor/do_nothing/seed-216/run_summary.json,not-published,validation,False
bert-base-uncased,L2,xor,do_everything,216,l2:xor:do_everything:216,0.5183450429352069,0.5645472061657033,0.5414461245504552,,outputs/l2/cells/xor/do_everything/seed-216/run_summary.json,not-published,validation,False
bert-base-uncased,L2,xor,random_init,216,l2:xor:random_init:216,0.4996096799375488,0.48554913294797686,0.4925794064427628,,outputs/l2/cells/xor/random_init/seed-216/run_summary.json,not-published,validation,False
bert-base-uncased,L2,xor,full,217,l2:xor:full:217,0.5088353413654618,0.49797979797979797,0.5034075696726299,not-published,outputs/l2/cells/xor/full/seed-217/run_summary.json,not-published,validation,False
bert-base-uncased,L2,xor,drop_identity,217,l2:xor:drop_identity:217,0.5088353413654618,0.49797979797979797,0.5034075696726299,not-published,outputs/l2/cells/xor/drop_identity/seed-217/run_summary.json,not-published,validation,False
bert-base-uncased,L2,xor,drop_idempotence,217,l2:xor:drop_idempotence:217,0.5088353413654618,0.49797979797979797,0.5034075696726299,not-published,outputs/l2/cells/xor/drop_idempotence/seed-217/run_summary.json,not-published,validation,False
bert-base-uncased,L2,xor,drop_commutation,217,l2:xor:drop_commutation:217,0.5088353413654618,0.49797979797979797,0.5034075696726299,not-published,outputs/l2/cells/xor/drop_commutation/seed-217/run_summary.json,not-published,validation,False
bert-base-uncased,L2,xor,drop_selective_invariance,217,l2:xor:drop_selective_invariance:217,0.5088353413654618,0.49797979797979797,0.5034075696726299,not-published,outputs/l2/cells/xor/drop_selective_invariance/seed-217/run_summary.json,not-published,validation,False
bert-base-uncased,L2,xor,do_nothing,217,l2:xor:do_nothing:217,1.0,0.0,0.5,,outputs/l2/cells/xor/do_nothing/seed-217/run_summary.json,not-published,validation,False
bert-base-uncased,L2,xor,do_everything,217,l2:xor:do_everything:217,0.5088353413654618,0.5522522522522523,0.5305437968088571,,outputs/l2/cells/xor/do_everything/seed-217/run_summary.json,not-published,validation,False
bert-base-uncased,L2,xor,random_init,217,l2:xor:random_init:217,0.5120481927710844,0.5,0.5060240963855422,,outputs/l2/cells/xor/random_init/seed-217/run_summary.json,not-published,validation,False
bert-base-uncased,L2,xor,full,218,l2:xor:full:218,0.5093724531377343,0.4902534113060429,0.4998129322218886,not-published,outputs/l2/cells/xor/full/seed-218/run_summary.json,not-published,validation,False
bert-base-uncased,L2,xor,drop_identity,218,l2:xor:drop_identity:218,0.5093724531377343,0.4902534113060429,0.4998129322218886,not-published,outputs/l2/cells/xor/drop_identity/seed-218/run_summary.json,not-published,validation,False
bert-base-uncased,L2,xor,drop_idempotence,218,l2:xor:drop_idempotence:218,0.5093724531377343,0.4902534113060429,0.4998129322218886,not-published,outputs/l2/cells/xor/drop_idempotence/seed-218/run_summary.json,not-published,validation,False
bert-base-uncased,L2,xor,drop_commutation,218,l2:xor:drop_commutation:218,0.5093724531377343,0.4902534113060429,0.4998129322218886,not-published,outputs/l2/cells/xor/drop_commutation/seed-218/run_summary.json,not-published,validation,False
bert-base-uncased,L2,xor,drop_selective_invariance,218,l2:xor:drop_selective_invariance:218,0.5093724531377343,0.4902534113060429,0.4998129322218886,not-published,outputs/l2/cells/xor/drop_selective_invariance/seed-218/run_summary.json,not-published,validation,False
bert-base-uncased,L2,xor,do_nothing,218,l2:xor:do_nothing:218,1.0,0.0,0.5,,outputs/l2/cells/xor/do_nothing/seed-218/run_summary.json,not-published,validation,False
bert-base-uncased,L2,xor,do_everything,218,l2:xor:do_everything:218,0.5114099429502853,0.5401396160558464,0.5257747795030658,,outputs/l2/cells/xor/do_everything/seed-218/run_summary.json,not-published,validation,False
bert-base-uncased,L2,xor,random_init,218,l2:xor:random_init:218,0.48940505297473513,0.4965095986038394,0.4929573257892873,,outputs/l2/cells/xor/random_init/seed-218/run_summary.json,not-published,validation,False
bert-base-uncased,L2,xor,full,219,l2:xor:full:219,0.523094688221709,0.41383219954648526,0.4684634438840971,not-published,outputs/l2/cells/xor/full/seed-219/run_summary.json,not-published,validation,False
bert-base-uncased,L2,xor,drop_identity,219,l2:xor:drop_identity:219,0.523094688221709,0.41383219954648526,0.4684634438840971,not-published,outputs/l2/cells/xor/drop_identity/seed-219/run_summary.json,not-published,validation,False
bert-base-uncased,L2,xor,drop_idempotence,219,l2:xor:drop_idempotence:219,0.523094688221709,0.41383219954648526,0.4684634438840971,not-published,outputs/l2/cells/xor/drop_idempotence/seed-219/run_summary.json,not-published,validation,False
bert-base-uncased,L2,xor,drop_commutation,219,l2:xor:drop_commutation:219,0.523094688221709,0.41383219954648526,0.4684634438840971,not-published,outputs/l2/cells/xor/drop_commutation/seed-219/run_summary.json,not-published,validation,False
bert-base-uncased,L2,xor,drop_selective_invariance,219,l2:xor:drop_selective_invariance:219,0.523094688221709,0.41383219954648526,0.4684634438840971,not-published,outputs/l2/cells/xor/drop_selective_invariance/seed-219/run_summary.json,not-published,validation,False
bert-base-uncased,L2,xor,do_nothing,219,l2:xor:do_nothing:219,1.0,0.0,0.5,,outputs/l2/cells/xor/do_nothing/seed-219/run_summary.json,not-published,validation,False
bert-base-uncased,L2,xor,do_everything,219,l2:xor:do_everything:219,0.5073133179368745,0.5728542914171657,0.5400838046770201,,outputs/l2/cells/xor/do_everything/seed-219/run_summary.json,not-published,validation,False
bert-base-uncased,L2,xor,random_init,219,l2:xor:random_init:219,0.5007698229407236,0.48902195608782434,0.494895889514274,,outputs/l2/cells/xor/random_init/seed-219/run_summary.json,not-published,validation,False
bert-base-uncased,L2,xor,full,220,l2:xor:full:220,0.4868217054263566,0.46,0.4734108527131783,not-published,outputs/l2/cells/xor/full/seed-220/run_summary.json,not-published,validation,False
bert-base-uncased,L2,xor,drop_identity,220,l2:xor:drop_identity:220,0.4868217054263566,0.46,0.4734108527131783,not-published,outputs/l2/cells/xor/drop_identity/seed-220/run_summary.json,not-published,validation,False
bert-base-uncased,L2,xor,drop_idempotence,220,l2:xor:drop_idempotence:220,0.4868217054263566,0.46,0.4734108527131783,not-published,outputs/l2/cells/xor/drop_idempotence/seed-220/run_summary.json,not-published,validation,False
bert-base-uncased,L2,xor,drop_commutation,220,l2:xor:drop_commutation:220,0.4868217054263566,0.46,0.4734108527131783,not-published,outputs/l2/cells/xor/drop_commutation/seed-220/run_summary.json,not-published,validation,False
bert-base-uncased,L2,xor,drop_selective_invariance,220,l2:xor:drop_selective_invariance:220,0.4868217054263566,0.46,0.4734108527131783,not-published,outputs/l2/cells/xor/drop_selective_invariance/seed-220/run_summary.json,not-published,validation,False
bert-base-uncased,L2,xor,do_nothing,220,l2:xor:do_nothing:220,1.0,0.0,0.5,,outputs/l2/cells/xor/do_nothing/seed-220/run_summary.json,not-published,validation,False
bert-base-uncased,L2,xor,do_everything,220,l2:xor:do_everything:220,0.5104651162790698,0.557843137254902,0.5341541267669858,,outputs/l2/cells/xor/do_everything/seed-220/run_summary.json,not-published,validation,False
bert-base-uncased,L2,xor,random_init,220,l2:xor:random_init:220,0.5073643410852713,0.5166666666666667,0.5120155038759691,,outputs/l2/cells/xor/random_init/seed-220/run_summary.json,not-published,validation,False
bert-base-uncased,L2,cladder,full,201,l2:cladder:full:201,0.43902439024390244,0.4853801169590643,0.46220225360148337,not-published,outputs/l2/cells/cladder/full/seed-201/run_summary.json,not-published,validation,False
bert-base-uncased,L2,cladder,drop_identity,201,l2:cladder:drop_identity:201,0.43902439024390244,0.4853801169590643,0.46220225360148337,not-published,outputs/l2/cells/cladder/drop_identity/seed-201/run_summary.json,not-published,validation,False
bert-base-uncased,L2,cladder,drop_idempotence,201,l2:cladder:drop_idempotence:201,0.43902439024390244,0.4853801169590643,0.46220225360148337,not-published,outputs/l2/cells/cladder/drop_idempotence/seed-201/run_summary.json,not-published,validation,False
bert-base-uncased,L2,cladder,drop_commutation,201,l2:cladder:drop_commutation:201,0.43902439024390244,0.4853801169590643,0.46220225360148337,not-published,outputs/l2/cells/cladder/drop_commutation/seed-201/run_summary.json,not-published,validation,False
bert-base-uncased,L2,cladder,drop_selective_invariance,201,l2:cladder:drop_selective_invariance:201,0.43902439024390244,0.4853801169590643,0.46220225360148337,not-published,outputs/l2/cells/cladder/drop_selective_invariance/seed-201/run_summary.json,not-published,validation,False
bert-base-uncased,L2,cladder,do_nothing,201,l2:cladder:do_nothing:201,1.0,0.0,0.5,,outputs/l2/cells/cladder/do_nothing/seed-201/run_summary.json,not-published,validation,False
bert-base-uncased,L2,cladder,do_everything,201,l2:cladder:do_everything:201,0.5024390243902439,0.8522012578616353,0.6773201411259395,,outputs/l2/cells/cladder/do_everything/seed-201/run_summary.json,not-published,validation,False
bert-base-uncased,L2,cladder,random_init,201,l2:cladder:random_init:201,0.6926829268292682,0.33962264150943394,0.5161527841693511,,outputs/l2/cells/cladder/random_init/seed-201/run_summary.json,not-published,validation,False
bert-base-uncased,L2,cladder,full,202,l2:cladder:full:202,0.43902439024390244,0.4853801169590643,0.46220225360148337,not-published,outputs/l2/cells/cladder/full/seed-202/run_summary.json,not-published,validation,False
bert-base-uncased,L2,cladder,drop_identity,202,l2:cladder:drop_identity:202,0.43902439024390244,0.4853801169590643,0.46220225360148337,not-published,outputs/l2/cells/cladder/drop_identity/seed-202/run_summary.json,not-published,validation,False
bert-base-uncased,L2,cladder,drop_idempotence,202,l2:cladder:drop_idempotence:202,0.43902439024390244,0.4853801169590643,0.46220225360148337,not-published,outputs/l2/cells/cladder/drop_idempotence/seed-202/run_summary.json,not-published,validation,False
bert-base-uncased,L2,cladder,drop_commutation,202,l2:cladder:drop_commutation:202,0.43902439024390244,0.4853801169590643,0.46220225360148337,not-published,outputs/l2/cells/cladder/drop_commutation/seed-202/run_summary.json,not-published,validation,False
bert-base-uncased,L2,cladder,drop_selective_invariance,202,l2:cladder:drop_selective_invariance:202,0.43902439024390244,0.4853801169590643,0.46220225360148337,not-published,outputs/l2/cells/cladder/drop_selective_invariance/seed-202/run_summary.json,not-published,validation,False
bert-base-uncased,L2,cladder,do_nothing,202,l2:cladder:do_nothing:202,1.0,0.0,0.5,,outputs/l2/cells/cladder/do_nothing/seed-202/run_summary.json,not-published,validation,False
bert-base-uncased,L2,cladder,do_everything,202,l2:cladder:do_everything:202,0.5024390243902439,0.8522012578616353,0.6773201411259395,,outputs/l2/cells/cladder/do_everything/seed-202/run_summary.json,not-published,validation,False
bert-base-uncased,L2,cladder,random_init,202,l2:cladder:random_init:202,0.4682926829268293,0.42138364779874216,0.44483816536278575,,outputs/l2/cells/cladder/random_init/seed-202/run_summary.json,not-published,validation,False
bert-base-uncased,L2,cladder,full,203,l2:cladder:full:203,0.5609756097560976,0.5146198830409356,0.5377977463985166,not-published,outputs/l2/cells/cladder/full/seed-203/run_summary.json,not-published,validation,False
bert-base-uncased,L2,cladder,drop_identity,203,l2:cladder:drop_identity:203,0.5609756097560976,0.5146198830409356,0.5377977463985166,not-published,outputs/l2/cells/cladder/drop_identity/seed-203/run_summary.json,not-published,validation,False
bert-base-uncased,L2,cladder,drop_idempotence,203,l2:cladder:drop_idempotence:203,0.5609756097560976,0.5146198830409356,0.5377977463985166,not-published,outputs/l2/cells/cladder/drop_idempotence/seed-203/run_summary.json,not-published,validation,False
bert-base-uncased,L2,cladder,drop_commutation,203,l2:cladder:drop_commutation:203,0.5609756097560976,0.5146198830409356,0.5377977463985166,not-published,outputs/l2/cells/cladder/drop_commutation/seed-203/run_summary.json,not-published,validation,False
bert-base-uncased,L2,cladder,drop_selective_invariance,203,l2:cladder:drop_selective_invariance:203,0.5609756097560976,0.5146198830409356,0.5377977463985166,not-published,outputs/l2/cells/cladder/drop_selective_invariance/seed-203/run_summary.json,not-published,validation,False
bert-base-uncased,L2,cladder,do_nothing,203,l2:cladder:do_nothing:203,1.0,0.0,0.5,,outputs/l2/cells/cladder/do_nothing/seed-203/run_summary.json,not-published,validation,False
bert-base-uncased,L2,cladder,do_everything,203,l2:cladder:do_everything:203,0.5024390243902439,0.8522012578616353,0.6773201411259395,,outputs/l2/cells/cladder/do_everything/seed-203/run_summary.json,not-published,validation,False
bert-base-uncased,L2,cladder,random_init,203,l2:cladder:random_init:203,0.3951219512195122,0.6352201257861635,0.5151710385028379,,outputs/l2/cells/cladder/random_init/seed-203/run_summary.json,not-published,validation,False
bert-base-uncased,L2,cladder,full,204,l2:cladder:full:204,0.5609756097560976,0.5146198830409356,0.5377977463985166,not-published,outputs/l2/cells/cladder/full/seed-204/run_summary.json,not-published,validation,False
bert-base-uncased,L2,cladder,drop_identity,204,l2:cladder:drop_identity:204,0.5609756097560976,0.5146198830409356,0.5377977463985166,not-published,outputs/l2/cells/cladder/drop_identity/seed-204/run_summary.json,not-published,validation,False
bert-base-uncased,L2,cladder,drop_idempotence,204,l2:cladder:drop_idempotence:204,0.5609756097560976,0.5146198830409356,0.5377977463985166,not-published,outputs/l2/cells/cladder/drop_idempotence/seed-204/run_summary.json,not-published,validation,False
bert-base-uncased,L2,cladder,drop_commutation,204,l2:cladder:drop_commutation:204,0.5609756097560976,0.5146198830409356,0.5377977463985166,not-published,outputs/l2/cells/cladder/drop_commutation/seed-204/run_summary.json,not-published,validation,False
bert-base-uncased,L2,cladder,drop_selective_invariance,204,l2:cladder:drop_selective_invariance:204,0.5609756097560976,0.5146198830409356,0.5377977463985166,not-published,outputs/l2/cells/cladder/drop_selective_invariance/seed-204/run_summary.json,not-published,validation,False
bert-base-uncased,L2,cladder,do_nothing,204,l2:cladder:do_nothing:204,1.0,0.0,0.5,,outputs/l2/cells/cladder/do_nothing/seed-204/run_summary.json,not-published,validation,False
bert-base-uncased,L2,cladder,do_everything,204,l2:cladder:do_everything:204,0.5024390243902439,0.8522012578616353,0.6773201411259395,,outputs/l2/cells/cladder/do_everything/seed-204/run_summary.json,not-published,validation,False
bert-base-uncased,L2,cladder,random_init,204,l2:cladder:random_init:204,0.4926829268292683,0.34591194968553457,0.4192974382574014,,outputs/l2/cells/cladder/random_init/seed-204/run_summary.json,not-published,validation,False
bert-base-uncased,L2,cladder,full,205,l2:cladder:full:205,0.5609756097560976,0.5146198830409356,0.5377977463985166,not-published,outputs/l2/cells/cladder/full/seed-205/run_summary.json,not-published,validation,False
bert-base-uncased,L2,cladder,drop_identity,205,l2:cladder:drop_identity:205,0.5609756097560976,0.5146198830409356,0.5377977463985166,not-published,outputs/l2/cells/cladder/drop_identity/seed-205/run_summary.json,not-published,validation,False
bert-base-uncased,L2,cladder,drop_idempotence,205,l2:cladder:drop_idempotence:205,0.5609756097560976,0.5146198830409356,0.5377977463985166,not-published,outputs/l2/cells/cladder/drop_idempotence/seed-205/run_summary.json,not-published,validation,False
bert-base-uncased,L2,cladder,drop_commutation,205,l2:cladder:drop_commutation:205,0.5609756097560976,0.5146198830409356,0.5377977463985166,not-published,outputs/l2/cells/cladder/drop_commutation/seed-205/run_summary.json,not-published,validation,False
bert-base-uncased,L2,cladder,drop_selective_invariance,205,l2:cladder:drop_selective_invariance:205,0.5609756097560976,0.5146198830409356,0.5377977463985166,not-published,outputs/l2/cells/cladder/drop_selective_invariance/seed-205/run_summary.json,not-published,validation,False
bert-base-uncased,L2,cladder,do_nothing,205,l2:cladder:do_nothing:205,1.0,0.0,0.5,,outputs/l2/cells/cladder/do_nothing/seed-205/run_summary.json,not-published,validation,False
bert-base-uncased,L2,cladder,do_everything,205,l2:cladder:do_everything:205,0.5024390243902439,0.8522012578616353,0.6773201411259395,,outputs/l2/cells/cladder/do_everything/seed-205/run_summary.json,not-published,validation,False
bert-base-uncased,L2,cladder,random_init,205,l2:cladder:random_init:205,0.44878048780487806,0.5691823899371069,0.5089814388709925,,outputs/l2/cells/cladder/random_init/seed-205/run_summary.json,not-published,validation,False
bert-base-uncased,L2,cladder,full,206,l2:cladder:full:206,0.5609756097560976,0.5146198830409356,0.5377977463985166,not-published,outputs/l2/cells/cladder/full/seed-206/run_summary.json,not-published,validation,False
bert-base-uncased,L2,cladder,drop_identity,206,l2:cladder:drop_identity:206,0.5609756097560976,0.5146198830409356,0.5377977463985166,not-published,outputs/l2/cells/cladder/drop_identity/seed-206/run_summary.json,not-published,validation,False
bert-base-uncased,L2,cladder,drop_idempotence,206,l2:cladder:drop_idempotence:206,0.5609756097560976,0.5146198830409356,0.5377977463985166,not-published,outputs/l2/cells/cladder/drop_idempotence/seed-206/run_summary.json,not-published,validation,False
bert-base-uncased,L2,cladder,drop_commutation,206,l2:cladder:drop_commutation:206,0.5609756097560976,0.5146198830409356,0.5377977463985166,not-published,outputs/l2/cells/cladder/drop_commutation/seed-206/run_summary.json,not-published,validation,False
bert-base-uncased,L2,cladder,drop_selective_invariance,206,l2:cladder:drop_selective_invariance:206,0.5609756097560976,0.5146198830409356,0.5377977463985166,not-published,outputs/l2/cells/cladder/drop_selective_invariance/seed-206/run_summary.json,not-published,validation,False
bert-base-uncased,L2,cladder,do_nothing,206,l2:cladder:do_nothing:206,1.0,0.0,0.5,,outputs/l2/cells/cladder/do_nothing/seed-206/run_summary.json,not-published,validation,False
bert-base-uncased,L2,cladder,do_everything,206,l2:cladder:do_everything:206,0.5024390243902439,0.8522012578616353,0.6773201411259395,,outputs/l2/cells/cladder/do_everything/seed-206/run_summary.json,not-published,validation,False
bert-base-uncased,L2,cladder,random_init,206,l2:cladder:random_init:206,0.5073170731707317,0.5566037735849056,0.5319604233778187,,outputs/l2/cells/cladder/random_init/seed-206/run_summary.json,not-published,validation,False
bert-base-uncased,L2,cladder,full,207,l2:cladder:full:207,0.5609756097560976,0.5146198830409356,0.5377977463985166,not-published,outputs/l2/cells/cladder/full/seed-207/run_summary.json,not-published,validation,False
bert-base-uncased,L2,cladder,drop_identity,207,l2:cladder:drop_identity:207,0.5609756097560976,0.5146198830409356,0.5377977463985166,not-published,outputs/l2/cells/cladder/drop_identity/seed-207/run_summary.json,not-published,validation,False
bert-base-uncased,L2,cladder,drop_idempotence,207,l2:cladder:drop_idempotence:207,0.5609756097560976,0.5146198830409356,0.5377977463985166,not-published,outputs/l2/cells/cladder/drop_idempotence/seed-207/run_summary.json,not-published,validation,False
bert-base-uncased,L2,cladder,drop_commutation,207,l2:cladder:drop_commutation:207,0.5609756097560976,0.5146198830409356,0.5377977463985166,not-published,outputs/l2/cells/cladder/drop_commutation/seed-207/run_summary.json,not-published,validation,False
bert-base-uncased,L2,cladder,drop_selective_invariance,207,l2:cladder:drop_selective_invariance:207,0.5609756097560976,0.5146198830409356,0.5377977463985166,not-published,outputs/l2/cells/cladder/drop_selective_invariance/seed-207/run_summary.json,not-published,validation,False
bert-base-uncased,L2,cladder,do_nothing,207,l2:cladder:do_nothing:207,1.0,0.0,0.5,,outputs/l2/cells/cladder/do_nothing/seed-207/run_summary.json,not-published,validation,False
bert-base-uncased,L2,cladder,do_everything,207,l2:cladder:do_everything:207,0.5024390243902439,0.8522012578616353,0.6773201411259395,,outputs/l2/cells/cladder/do_everything/seed-207/run_summary.json,not-published,validation,False
bert-base-uncased,L2,cladder,random_init,207,l2:cladder:random_init:207,0.4585365853658537,0.449685534591195,0.4541110599785243,,outputs/l2/cells/cladder/random_init/seed-207/run_summary.json,not-published,validation,False
bert-base-uncased,L2,cladder,full,208,l2:cladder:full:208,0.5609756097560976,0.5146198830409356,0.5377977463985166,not-published,outputs/l2/cells/cladder/full/seed-208/run_summary.json,not-published,validation,False
bert-base-uncased,L2,cladder,drop_identity,208,l2:cladder:drop_identity:208,0.5609756097560976,0.5146198830409356,0.5377977463985166,not-published,outputs/l2/cells/cladder/drop_identity/seed-208/run_summary.json,not-published,validation,False
bert-base-uncased,L2,cladder,drop_idempotence,208,l2:cladder:drop_idempotence:208,0.5609756097560976,0.5146198830409356,0.5377977463985166,not-published,outputs/l2/cells/cladder/drop_idempotence/seed-208/run_summary.json,not-published,validation,False
bert-base-uncased,L2,cladder,drop_commutation,208,l2:cladder:drop_commutation:208,0.5609756097560976,0.5146198830409356,0.5377977463985166,not-published,outputs/l2/cells/cladder/drop_commutation/seed-208/run_summary.json,not-published,validation,False
bert-base-uncased,L2,cladder,drop_selective_invariance,208,l2:cladder:drop_selective_invariance:208,0.5609756097560976,0.5146198830409356,0.5377977463985166,not-published,outputs/l2/cells/cladder/drop_selective_invariance/seed-208/run_summary.json,not-published,validation,False
bert-base-uncased,L2,cladder,do_nothing,208,l2:cladder:do_nothing:208,1.0,0.0,0.5,,outputs/l2/cells/cladder/do_nothing/seed-208/run_summary.json,not-published,validation,False
bert-base-uncased,L2,cladder,do_everything,208,l2:cladder:do_everything:208,0.5024390243902439,0.8522012578616353,0.6773201411259395,,outputs/l2/cells/cladder/do_everything/seed-208/run_summary.json,not-published,validation,False
bert-base-uncased,L2,cladder,random_init,208,l2:cladder:random_init:208,0.5414634146341464,0.4748427672955975,0.5081530909648719,,outputs/l2/cells/cladder/random_init/seed-208/run_summary.json,not-published,validation,False
bert-base-uncased,L2,cladder,full,209,l2:cladder:full:209,0.5121951219512195,0.4853801169590643,0.49878761945514194,not-published,outputs/l2/cells/cladder/full/seed-209/run_summary.json,not-published,validation,False
bert-base-uncased,L2,cladder,drop_identity,209,l2:cladder:drop_identity:209,0.5121951219512195,0.4853801169590643,0.49878761945514194,not-published,outputs/l2/cells/cladder/drop_identity/seed-209/run_summary.json,not-published,validation,False
bert-base-uncased,L2,cladder,drop_idempotence,209,l2:cladder:drop_idempotence:209,0.5121951219512195,0.4853801169590643,0.49878761945514194,not-published,outputs/l2/cells/cladder/drop_idempotence/seed-209/run_summary.json,not-published,validation,False
bert-base-uncased,L2,cladder,drop_commutation,209,l2:cladder:drop_commutation:209,0.5121951219512195,0.4853801169590643,0.49878761945514194,not-published,outputs/l2/cells/cladder/drop_commutation/seed-209/run_summary.json,not-published,validation,False
bert-base-uncased,L2,cladder,drop_selective_invariance,209,l2:cladder:drop_selective_invariance:209,0.5121951219512195,0.4853801169590643,0.49878761945514194,not-published,outputs/l2/cells/cladder/drop_selective_invariance/seed-209/run_summary.json,not-published,validation,False
bert-base-uncased,L2,cladder,do_nothing,209,l2:cladder:do_nothing:209,1.0,0.0,0.5,,outputs/l2/cells/cladder/do_nothing/seed-209/run_summary.json,not-published,validation,False
bert-base-uncased,L2,cladder,do_everything,209,l2:cladder:do_everything:209,0.5024390243902439,0.8522012578616353,0.6773201411259395,,outputs/l2/cells/cladder/do_everything/seed-209/run_summary.json,not-published,validation,False
bert-base-uncased,L2,cladder,random_init,209,l2:cladder:random_init:209,0.5609756097560976,0.41509433962264153,0.48803497468936957,,outputs/l2/cells/cladder/random_init/seed-209/run_summary.json,not-published,validation,False
bert-base-uncased,L2,cladder,full,210,l2:cladder:full:210,0.5609756097560976,0.5146198830409356,0.5377977463985166,not-published,outputs/l2/cells/cladder/full/seed-210/run_summary.json,not-published,validation,False
bert-base-uncased,L2,cladder,drop_identity,210,l2:cladder:drop_identity:210,0.5609756097560976,0.5146198830409356,0.5377977463985166,not-published,outputs/l2/cells/cladder/drop_identity/seed-210/run_summary.json,not-published,validation,False
bert-base-uncased,L2,cladder,drop_idempotence,210,l2:cladder:drop_idempotence:210,0.5609756097560976,0.5146198830409356,0.5377977463985166,not-published,outputs/l2/cells/cladder/drop_idempotence/seed-210/run_summary.json,not-published,validation,False
bert-base-uncased,L2,cladder,drop_commutation,210,l2:cladder:drop_commutation:210,0.5609756097560976,0.5146198830409356,0.5377977463985166,not-published,outputs/l2/cells/cladder/drop_commutation/seed-210/run_summary.json,not-published,validation,False
bert-base-uncased,L2,cladder,drop_selective_invariance,210,l2:cladder:drop_selective_invariance:210,0.5609756097560976,0.5146198830409356,0.5377977463985166,not-published,outputs/l2/cells/cladder/drop_selective_invariance/seed-210/run_summary.json,not-published,validation,False
bert-base-uncased,L2,cladder,do_nothing,210,l2:cladder:do_nothing:210,1.0,0.0,0.5,,outputs/l2/cells/cladder/do_nothing/seed-210/run_summary.json,not-published,validation,False
bert-base-uncased,L2,cladder,do_everything,210,l2:cladder:do_everything:210,0.5024390243902439,0.8522012578616353,0.6773201411259395,,outputs/l2/cells/cladder/do_everything/seed-210/run_summary.json,not-published,validation,False
bert-base-uncased,L2,cladder,random_init,210,l2:cladder:random_init:210,0.4585365853658537,0.49056603773584906,0.4745513115508514,,outputs/l2/cells/cladder/random_init/seed-210/run_summary.json,not-published,validation,False
bert-base-uncased,L2,cladder,full,211,l2:cladder:full:211,0.5609756097560976,0.5146198830409356,0.5377977463985166,not-published,outputs/l2/cells/cladder/full/seed-211/run_summary.json,not-published,validation,False
bert-base-uncased,L2,cladder,drop_identity,211,l2:cladder:drop_identity:211,0.5609756097560976,0.5146198830409356,0.5377977463985166,not-published,outputs/l2/cells/cladder/drop_identity/seed-211/run_summary.json,not-published,validation,False
bert-base-uncased,L2,cladder,drop_idempotence,211,l2:cladder:drop_idempotence:211,0.5609756097560976,0.5146198830409356,0.5377977463985166,not-published,outputs/l2/cells/cladder/drop_idempotence/seed-211/run_summary.json,not-published,validation,False
bert-base-uncased,L2,cladder,drop_commutation,211,l2:cladder:drop_commutation:211,0.5609756097560976,0.5146198830409356,0.5377977463985166,not-published,outputs/l2/cells/cladder/drop_commutation/seed-211/run_summary.json,not-published,validation,False
bert-base-uncased,L2,cladder,drop_selective_invariance,211,l2:cladder:drop_selective_invariance:211,0.5609756097560976,0.5146198830409356,0.5377977463985166,not-published,outputs/l2/cells/cladder/drop_selective_invariance/seed-211/run_summary.json,not-published,validation,False
bert-base-uncased,L2,cladder,do_nothing,211,l2:cladder:do_nothing:211,1.0,0.0,0.5,,outputs/l2/cells/cladder/do_nothing/seed-211/run_summary.json,not-published,validation,False
bert-base-uncased,L2,cladder,do_everything,211,l2:cladder:do_everything:211,0.5024390243902439,0.8522012578616353,0.6773201411259395,,outputs/l2/cells/cladder/do_everything/seed-211/run_summary.json,not-published,validation,False
bert-base-uncased,L2,cladder,random_init,211,l2:cladder:random_init:211,0.4195121951219512,0.5880503144654088,0.50378125479368,,outputs/l2/cells/cladder/random_init/seed-211/run_summary.json,not-published,validation,False
bert-base-uncased,L2,cladder,full,212,l2:cladder:full:212,0.4195121951219512,0.4853801169590643,0.45244615604050775,not-published,outputs/l2/cells/cladder/full/seed-212/run_summary.json,not-published,validation,False
bert-base-uncased,L2,cladder,drop_identity,212,l2:cladder:drop_identity:212,0.4195121951219512,0.4853801169590643,0.45244615604050775,not-published,outputs/l2/cells/cladder/drop_identity/seed-212/run_summary.json,not-published,validation,False
bert-base-uncased,L2,cladder,drop_idempotence,212,l2:cladder:drop_idempotence:212,0.4195121951219512,0.4853801169590643,0.45244615604050775,not-published,outputs/l2/cells/cladder/drop_idempotence/seed-212/run_summary.json,not-published,validation,False
bert-base-uncased,L2,cladder,drop_commutation,212,l2:cladder:drop_commutation:212,0.4195121951219512,0.4853801169590643,0.45244615604050775,not-published,outputs/l2/cells/cladder/drop_commutation/seed-212/run_summary.json,not-published,validation,False
bert-base-uncased,L2,cladder,drop_selective_invariance,212,l2:cladder:drop_selective_invariance:212,0.4195121951219512,0.4853801169590643,0.45244615604050775,not-published,outputs/l2/cells/cladder/drop_selective_invariance/seed-212/run_summary.json,not-published,validation,False
bert-base-uncased,L2,cladder,do_nothing,212,l2:cladder:do_nothing:212,1.0,0.0,0.5,,outputs/l2/cells/cladder/do_nothing/seed-212/run_summary.json,not-published,validation,False
bert-base-uncased,L2,cladder,do_everything,212,l2:cladder:do_everything:212,0.5024390243902439,0.8522012578616353,0.6773201411259395,,outputs/l2/cells/cladder/do_everything/seed-212/run_summary.json,not-published,validation,False
bert-base-uncased,L2,cladder,random_init,212,l2:cladder:random_init:212,0.5317073170731708,0.44339622641509435,0.48755177174413256,,outputs/l2/cells/cladder/random_init/seed-212/run_summary.json,not-published,validation,False
bert-base-uncased,L2,cladder,full,213,l2:cladder:full:213,0.5609756097560976,0.5146198830409356,0.5377977463985166,not-published,outputs/l2/cells/cladder/full/seed-213/run_summary.json,not-published,validation,False
bert-base-uncased,L2,cladder,drop_identity,213,l2:cladder:drop_identity:213,0.5609756097560976,0.5146198830409356,0.5377977463985166,not-published,outputs/l2/cells/cladder/drop_identity/seed-213/run_summary.json,not-published,validation,False
bert-base-uncased,L2,cladder,drop_idempotence,213,l2:cladder:drop_idempotence:213,0.5609756097560976,0.5146198830409356,0.5377977463985166,not-published,outputs/l2/cells/cladder/drop_idempotence/seed-213/run_summary.json,not-published,validation,False
bert-base-uncased,L2,cladder,drop_commutation,213,l2:cladder:drop_commutation:213,0.5609756097560976,0.5146198830409356,0.5377977463985166,not-published,outputs/l2/cells/cladder/drop_commutation/seed-213/run_summary.json,not-published,validation,False
bert-base-uncased,L2,cladder,drop_selective_invariance,213,l2:cladder:drop_selective_invariance:213,0.5609756097560976,0.5146198830409356,0.5377977463985166,not-published,outputs/l2/cells/cladder/drop_selective_invariance/seed-213/run_summary.json,not-published,validation,False
bert-base-uncased,L2,cladder,do_nothing,213,l2:cladder:do_nothing:213,1.0,0.0,0.5,,outputs/l2/cells/cladder/do_nothing/seed-213/run_summary.json,not-published,validation,False
bert-base-uncased,L2,cladder,do_everything,213,l2:cladder:do_everything:213,0.5024390243902439,0.8522012578616353,0.6773201411259395,,outputs/l2/cells/cladder/do_everything/seed-213/run_summary.json,not-published,validation,False
bert-base-uncased,L2,cladder,random_init,213,l2:cladder:random_init:213,0.47804878048780486,0.5408805031446541,0.5094646418162294,,outputs/l2/cells/cladder/random_init/seed-213/run_summary.json,not-published,validation,False
bert-base-uncased,L2,cladder,full,214,l2:cladder:full:214,0.43902439024390244,0.4853801169590643,0.46220225360148337,not-published,outputs/l2/cells/cladder/full/seed-214/run_summary.json,not-published,validation,False
bert-base-uncased,L2,cladder,drop_identity,214,l2:cladder:drop_identity:214,0.43902439024390244,0.4853801169590643,0.46220225360148337,not-published,outputs/l2/cells/cladder/drop_identity/seed-214/run_summary.json,not-published,validation,False
bert-base-uncased,L2,cladder,drop_idempotence,214,l2:cladder:drop_idempotence:214,0.43902439024390244,0.4853801169590643,0.46220225360148337,not-published,outputs/l2/cells/cladder/drop_idempotence/seed-214/run_summary.json,not-published,validation,False
bert-base-uncased,L2,cladder,drop_commutation,214,l2:cladder:drop_commutation:214,0.43902439024390244,0.4853801169590643,0.46220225360148337,not-published,outputs/l2/cells/cladder/drop_commutation/seed-214/run_summary.json,not-published,validation,False
bert-base-uncased,L2,cladder,drop_selective_invariance,214,l2:cladder:drop_selective_invariance:214,0.43902439024390244,0.4853801169590643,0.46220225360148337,not-published,outputs/l2/cells/cladder/drop_selective_invariance/seed-214/run_summary.json,not-published,validation,False
bert-base-uncased,L2,cladder,do_nothing,214,l2:cladder:do_nothing:214,1.0,0.0,0.5,,outputs/l2/cells/cladder/do_nothing/seed-214/run_summary.json,not-published,validation,False
bert-base-uncased,L2,cladder,do_everything,214,l2:cladder:do_everything:214,0.5024390243902439,0.8522012578616353,0.6773201411259395,,outputs/l2/cells/cladder/do_everything/seed-214/run_summary.json,not-published,validation,False
bert-base-uncased,L2,cladder,random_init,214,l2:cladder:random_init:214,0.3804878048780488,0.5440251572327044,0.4622564810553766,,outputs/l2/cells/cladder/random_init/seed-214/run_summary.json,not-published,validation,False
bert-base-uncased,L2,cladder,full,215,l2:cladder:full:215,0.4975609756097561,0.4619883040935672,0.4797746398516617,not-published,outputs/l2/cells/cladder/full/seed-215/run_summary.json,not-published,validation,False
bert-base-uncased,L2,cladder,drop_identity,215,l2:cladder:drop_identity:215,0.4975609756097561,0.4619883040935672,0.4797746398516617,not-published,outputs/l2/cells/cladder/drop_identity/seed-215/run_summary.json,not-published,validation,False
bert-base-uncased,L2,cladder,drop_idempotence,215,l2:cladder:drop_idempotence:215,0.4975609756097561,0.4619883040935672,0.4797746398516617,not-published,outputs/l2/cells/cladder/drop_idempotence/seed-215/run_summary.json,not-published,validation,False
bert-base-uncased,L2,cladder,drop_commutation,215,l2:cladder:drop_commutation:215,0.4975609756097561,0.4619883040935672,0.4797746398516617,not-published,outputs/l2/cells/cladder/drop_commutation/seed-215/run_summary.json,not-published,validation,False
bert-base-uncased,L2,cladder,drop_selective_invariance,215,l2:cladder:drop_selective_invariance:215,0.4975609756097561,0.4619883040935672,0.4797746398516617,not-published,outputs/l2/cells/cladder/drop_selective_invariance/seed-215/run_summary.json,not-published,validation,False
bert-base-uncased,L2,cladder,do_nothing,215,l2:cladder:do_nothing:215,1.0,0.0,0.5,,outputs/l2/cells/cladder/do_nothing/seed-215/run_summary.json,not-published,validation,False
bert-base-uncased,L2,cladder,do_everything,215,l2:cladder:do_everything:215,0.5024390243902439,0.8522012578616353,0.6773201411259395,,outputs/l2/cells/cladder/do_everything/seed-215/run_summary.json,not-published,validation,False
bert-base-uncased,L2,cladder,random_init,215,l2:cladder:random_init:215,0.5609756097560976,0.42138364779874216,0.4911796287774199,,outputs/l2/cells/cladder/random_init/seed-215/run_summary.json,not-published,validation,False
bert-base-uncased,L2,cladder,full,216,l2:cladder:full:216,0.5609756097560976,0.5146198830409356,0.5377977463985166,not-published,outputs/l2/cells/cladder/full/seed-216/run_summary.json,not-published,validation,False
bert-base-uncased,L2,cladder,drop_identity,216,l2:cladder:drop_identity:216,0.5609756097560976,0.5146198830409356,0.5377977463985166,not-published,outputs/l2/cells/cladder/drop_identity/seed-216/run_summary.json,not-published,validation,False
bert-base-uncased,L2,cladder,drop_idempotence,216,l2:cladder:drop_idempotence:216,0.5609756097560976,0.5146198830409356,0.5377977463985166,not-published,outputs/l2/cells/cladder/drop_idempotence/seed-216/run_summary.json,not-published,validation,False
bert-base-uncased,L2,cladder,drop_commutation,216,l2:cladder:drop_commutation:216,0.5609756097560976,0.5146198830409356,0.5377977463985166,not-published,outputs/l2/cells/cladder/drop_commutation/seed-216/run_summary.json,not-published,validation,False
bert-base-uncased,L2,cladder,drop_selective_invariance,216,l2:cladder:drop_selective_invariance:216,0.5609756097560976,0.5146198830409356,0.5377977463985166,not-published,outputs/l2/cells/cladder/drop_selective_invariance/seed-216/run_summary.json,not-published,validation,False
bert-base-uncased,L2,cladder,do_nothing,216,l2:cladder:do_nothing:216,1.0,0.0,0.5,,outputs/l2/cells/cladder/do_nothing/seed-216/run_summary.json,not-published,validation,False
bert-base-uncased,L2,cladder,do_everything,216,l2:cladder:do_everything:216,0.5024390243902439,0.8522012578616353,0.6773201411259395,,outputs/l2/cells/cladder/do_everything/seed-216/run_summary.json,not-published,validation,False
bert-base-uncased,L2,cladder,random_init,216,l2:cladder:random_init:216,0.375609756097561,0.44025157232704404,0.4079306642123025,,outputs/l2/cells/cladder/random_init/seed-216/run_summary.json,not-published,validation,False
bert-base-uncased,L2,cladder,full,217,l2:cladder:full:217,0.43902439024390244,0.4853801169590643,0.46220225360148337,not-published,outputs/l2/cells/cladder/full/seed-217/run_summary.json,not-published,validation,False
bert-base-uncased,L2,cladder,drop_identity,217,l2:cladder:drop_identity:217,0.43902439024390244,0.4853801169590643,0.46220225360148337,not-published,outputs/l2/cells/cladder/drop_identity/seed-217/run_summary.json,not-published,validation,False
bert-base-uncased,L2,cladder,drop_idempotence,217,l2:cladder:drop_idempotence:217,0.43902439024390244,0.4853801169590643,0.46220225360148337,not-published,outputs/l2/cells/cladder/drop_idempotence/seed-217/run_summary.json,not-published,validation,False
bert-base-uncased,L2,cladder,drop_commutation,217,l2:cladder:drop_commutation:217,0.43902439024390244,0.4853801169590643,0.46220225360148337,not-published,outputs/l2/cells/cladder/drop_commutation/seed-217/run_summary.json,not-published,validation,False
bert-base-uncased,L2,cladder,drop_selective_invariance,217,l2:cladder:drop_selective_invariance:217,0.43902439024390244,0.4853801169590643,0.46220225360148337,not-published,outputs/l2/cells/cladder/drop_selective_invariance/seed-217/run_summary.json,not-published,validation,False
bert-base-uncased,L2,cladder,do_nothing,217,l2:cladder:do_nothing:217,1.0,0.0,0.5,,outputs/l2/cells/cladder/do_nothing/seed-217/run_summary.json,not-published,validation,False
bert-base-uncased,L2,cladder,do_everything,217,l2:cladder:do_everything:217,0.5024390243902439,0.8522012578616353,0.6773201411259395,,outputs/l2/cells/cladder/do_everything/seed-217/run_summary.json,not-published,validation,False
bert-base-uncased,L2,cladder,random_init,217,l2:cladder:random_init:217,0.5609756097560976,0.48427672955974843,0.5226261696579231,,outputs/l2/cells/cladder/random_init/seed-217/run_summary.json,not-published,validation,False
bert-base-uncased,L2,cladder,full,218,l2:cladder:full:218,0.5609756097560976,0.5146198830409356,0.5377977463985166,not-published,outputs/l2/cells/cladder/full/seed-218/run_summary.json,not-published,validation,False
bert-base-uncased,L2,cladder,drop_identity,218,l2:cladder:drop_identity:218,0.5609756097560976,0.5146198830409356,0.5377977463985166,not-published,outputs/l2/cells/cladder/drop_identity/seed-218/run_summary.json,not-published,validation,False
bert-base-uncased,L2,cladder,drop_idempotence,218,l2:cladder:drop_idempotence:218,0.5609756097560976,0.5146198830409356,0.5377977463985166,not-published,outputs/l2/cells/cladder/drop_idempotence/seed-218/run_summary.json,not-published,validation,False
bert-base-uncased,L2,cladder,drop_commutation,218,l2:cladder:drop_commutation:218,0.5609756097560976,0.5146198830409356,0.5377977463985166,not-published,outputs/l2/cells/cladder/drop_commutation/seed-218/run_summary.json,not-published,validation,False
bert-base-uncased,L2,cladder,drop_selective_invariance,218,l2:cladder:drop_selective_invariance:218,0.5609756097560976,0.5146198830409356,0.5377977463985166,not-published,outputs/l2/cells/cladder/drop_selective_invariance/seed-218/run_summary.json,not-published,validation,False
bert-base-uncased,L2,cladder,do_nothing,218,l2:cladder:do_nothing:218,1.0,0.0,0.5,,outputs/l2/cells/cladder/do_nothing/seed-218/run_summary.json,not-published,validation,False
bert-base-uncased,L2,cladder,do_everything,218,l2:cladder:do_everything:218,0.5024390243902439,0.8522012578616353,0.6773201411259395,,outputs/l2/cells/cladder/do_everything/seed-218/run_summary.json,not-published,validation,False
bert-base-uncased,L2,cladder,random_init,218,l2:cladder:random_init:218,0.48292682926829267,0.449685534591195,0.4663061819297438,,outputs/l2/cells/cladder/random_init/seed-218/run_summary.json,not-published,validation,False
bert-base-uncased,L2,cladder,full,219,l2:cladder:full:219,0.5609756097560976,0.5146198830409356,0.5377977463985166,not-published,outputs/l2/cells/cladder/full/seed-219/run_summary.json,not-published,validation,False
bert-base-uncased,L2,cladder,drop_identity,219,l2:cladder:drop_identity:219,0.5609756097560976,0.5146198830409356,0.5377977463985166,not-published,outputs/l2/cells/cladder/drop_identity/seed-219/run_summary.json,not-published,validation,False
bert-base-uncased,L2,cladder,drop_idempotence,219,l2:cladder:drop_idempotence:219,0.5609756097560976,0.5146198830409356,0.5377977463985166,not-published,outputs/l2/cells/cladder/drop_idempotence/seed-219/run_summary.json,not-published,validation,False
bert-base-uncased,L2,cladder,drop_commutation,219,l2:cladder:drop_commutation:219,0.5609756097560976,0.5146198830409356,0.5377977463985166,not-published,outputs/l2/cells/cladder/drop_commutation/seed-219/run_summary.json,not-published,validation,False
bert-base-uncased,L2,cladder,drop_selective_invariance,219,l2:cladder:drop_selective_invariance:219,0.5609756097560976,0.5146198830409356,0.5377977463985166,not-published,outputs/l2/cells/cladder/drop_selective_invariance/seed-219/run_summary.json,not-published,validation,False
bert-base-uncased,L2,cladder,do_nothing,219,l2:cladder:do_nothing:219,1.0,0.0,0.5,,outputs/l2/cells/cladder/do_nothing/seed-219/run_summary.json,not-published,validation,False
bert-base-uncased,L2,cladder,do_everything,219,l2:cladder:do_everything:219,0.5024390243902439,0.8522012578616353,0.6773201411259395,,outputs/l2/cells/cladder/do_everything/seed-219/run_summary.json,not-published,validation,False
bert-base-uncased,L2,cladder,random_init,219,l2:cladder:random_init:219,0.4975609756097561,0.5408805031446541,0.519220739377205,,outputs/l2/cells/cladder/random_init/seed-219/run_summary.json,not-published,validation,False
bert-base-uncased,L2,cladder,full,220,l2:cladder:full:220,0.5609756097560976,0.5146198830409356,0.5377977463985166,not-published,outputs/l2/cells/cladder/full/seed-220/run_summary.json,not-published,validation,False
bert-base-uncased,L2,cladder,drop_identity,220,l2:cladder:drop_identity:220,0.5609756097560976,0.5146198830409356,0.5377977463985166,not-published,outputs/l2/cells/cladder/drop_identity/seed-220/run_summary.json,not-published,validation,False
bert-base-uncased,L2,cladder,drop_idempotence,220,l2:cladder:drop_idempotence:220,0.5609756097560976,0.5146198830409356,0.5377977463985166,not-published,outputs/l2/cells/cladder/drop_idempotence/seed-220/run_summary.json,not-published,validation,False
bert-base-uncased,L2,cladder,drop_commutation,220,l2:cladder:drop_commutation:220,0.5609756097560976,0.5146198830409356,0.5377977463985166,not-published,outputs/l2/cells/cladder/drop_commutation/seed-220/run_summary.json,not-published,validation,False
bert-base-uncased,L2,cladder,drop_selective_invariance,220,l2:cladder:drop_selective_invariance:220,0.5609756097560976,0.5146198830409356,0.5377977463985166,not-published,outputs/l2/cells/cladder/drop_selective_invariance/seed-220/run_summary.json,not-published,validation,False
bert-base-uncased,L2,cladder,do_nothing,220,l2:cladder:do_nothing:220,1.0,0.0,0.5,,outputs/l2/cells/cladder/do_nothing/seed-220/run_summary.json,not-published,validation,False
bert-base-uncased,L2,cladder,do_everything,220,l2:cladder:do_everything:220,0.5024390243902439,0.8522012578616353,0.6773201411259395,,outputs/l2/cells/cladder/do_everything/seed-220/run_summary.json,not-published,validation,False
bert-base-uncased,L2,cladder,random_init,220,l2:cladder:random_init:220,0.4634146341463415,0.5125786163522013,0.48799662524927134,,outputs/l2/cells/cladder/random_init/seed-220/run_summary.json,not-published,validation,False
bert-base-uncased,L3,xor,lora_matched,301,l3:xor:lora_matched:301,0.5264493227005005,0.48148149251937866,0.5039654076099396,not-published,outputs/l3/lora_matched/seed-301/run_summary.json,not-published,validation,False
bert-base-uncased,L3,xor,lora_matched,302,l3:xor:lora_matched:302,0.6909646987915039,0.40067338943481445,0.5458190441131592,not-published,outputs/l3/lora_matched/seed-302/run_summary.json,not-published,validation,False
bert-base-uncased,L3,xor,lora_matched,303,l3:xor:lora_matched:303,0.47297295928001404,0.5298398733139038,0.5014064162969589,not-published,outputs/l3/lora_matched/seed-303/run_summary.json,not-published,validation,False
bert-base-uncased,L3,xor,lora_matched,304,l3:xor:lora_matched:304,0.5464778542518616,0.46875,0.5076139271259308,not-published,outputs/l3/lora_matched/seed-304/run_summary.json,not-published,validation,False
bert-base-uncased,L3,xor,lora_matched,305,l3:xor:lora_matched:305,0.47105997800827026,0.5691244006156921,0.5200921893119812,not-published,outputs/l3/lora_matched/seed-305/run_summary.json,not-published,validation,False
bert-base-uncased,L3,xor,loreft,301,l3:xor:loreft:301,0.4648550748825073,0.493558794260025,0.4792069345712662,not-published,outputs/l3/loreft/seed-301/run_summary.json,not-published,validation,False
bert-base-uncased,L3,xor,loreft,302,l3:xor:loreft:302,0.6564074754714966,0.44528618454933167,0.5508468300104141,not-published,outputs/l3/loreft/seed-302/run_summary.json,not-published,validation,False
bert-base-uncased,L3,xor,loreft,303,l3:xor:loreft:303,0.5270270109176636,0.4701601266860962,0.4985935688018799,not-published,outputs/l3/loreft/seed-303/run_summary.json,not-published,validation,False
bert-base-uncased,L3,xor,loreft,304,l3:xor:loreft:304,0.4832970201969147,0.6184896230697632,0.5508933216333389,not-published,outputs/l3/loreft/seed-304/run_summary.json,not-published,validation,False
bert-base-uncased,L3,xor,loreft,305,l3:xor:loreft:305,0.47105997800827026,0.5691244006156921,0.5200921893119812,not-published,outputs/l3/loreft/seed-305/run_summary.json,not-published,validation,False
bert-base-uncased,L3,xor,o1,301,l3:xor:o1:301,0.4757246673107147,0.5362318754196167,0.5059782713651657,not-published,outputs/l3/o1/seed-301/run_summary.json,not-published,validation,False
bert-base-uncased,L3,xor,o1,302,l3:xor:o1:302,0.6470482349395752,0.46296295523643494,0.5550055950880051,not-published,outputs/l3/o1/seed-302/run_summary.json,not-published,validation,False
bert-base-uncased,L3,xor,o1,303,l3:xor:o1:303,0.5270270109176636,0.4701601266860962,0.4985935688018799,not-published,outputs/l3/o1/seed-303/run_summary.json,not-published,validation,False
bert-base-uncased,L3,xor,o1,304,l3:xor:o1:304,0.4026870131492615,0.6393229365348816,0.5210049748420715,not-published,outputs/l3/o1/seed-304/run_summary.json,not-published,validation,False
bert-base-uncased,L3,xor,o1,305,l3:xor:o1:305,0.47105997800827026,0.5691244006156921,0.5200921893119812,not-published,outputs/l3/o1/seed-305/run_summary.json,not-published,validation,False
bert-base-uncased,L3,xor,o2,301,l3:xor:o2:301,0.4757246673107147,0.533011257648468,0.5043679624795914,not-published,outputs/l3/o2/seed-301/run_summary.json,not-published,validation,False
bert-base-uncased,L3,xor,o2,302,l3:xor:o2:302,0.6501079797744751,0.44107744097709656,0.5455927103757858,not-published,outputs/l3/o2/seed-302/run_summary.json,not-published,validation,False
bert-base-uncased,L3,xor,o2,303,l3:xor:o2:303,0.5270270109176636,0.4701601266860962,0.4985935688018799,not-published,outputs/l3/o2/seed-303/run_summary.json,not-published,validation,False
bert-base-uncased,L3,xor,o2,304,l3:xor:o2:304,0.4026870131492615,0.6393229365348816,0.5210049748420715,not-published,outputs/l3/o2/seed-304/run_summary.json,not-published,validation,False
bert-base-uncased,L3,xor,o2,305,l3:xor:o2:305,0.47105997800827026,0.5691244006156921,0.5200921893119812,not-published,outputs/l3/o2/seed-305/run_summary.json,not-published,validation,False
bert-base-uncased,L3,xor,o3,301,l3:xor:o3:301,0.4630434811115265,0.5297906398773193,0.4964170604944229,not-published,outputs/l3/o3/seed-301/run_summary.json,not-published,validation,False
bert-base-uncased,L3,xor,o3,302,l3:xor:o3:302,0.6463282704353333,0.4814814627170563,0.5639048665761948,not-published,outputs/l3/o3/seed-302/run_summary.json,not-published,validation,False
bert-base-uncased,L3,xor,o3,303,l3:xor:o3:303,0.5270270109176636,0.4701601266860962,0.4985935688018799,not-published,outputs/l3/o3/seed-303/run_summary.json,not-published,validation,False
bert-base-uncased,L3,xor,o3,304,l3:xor:o3:304,0.4026870131492615,0.6393229365348816,0.5210049748420715,not-published,outputs/l3/o3/seed-304/run_summary.json,not-published,validation,False
bert-base-uncased,L3,xor,o3,305,l3:xor:o3:305,0.47105997800827026,0.5691244006156921,0.5200921893119812,not-published,outputs/l3/o3/seed-305/run_summary.json,not-published,validation,False
bert-base-uncased,L3,xor,prompting,301,l3:xor:prompting:301,0.47717392444610596,0.5394524931907654,0.5083132088184357,not-published,outputs/l3/prompting/seed-301/run_summary.json,not-published,validation,False
bert-base-uncased,L3,xor,prompting,302,l3:xor:prompting:302,0.63318932056427,0.4259259104728699,0.52955761551857,not-published,outputs/l3/prompting/seed-302/run_summary.json,not-published,validation,False
bert-base-uncased,L3,xor,prompting,303,l3:xor:prompting:303,0.5270270109176636,0.4701601266860962,0.4985935688018799,not-published,outputs/l3/prompting/seed-303/run_summary.json,not-published,validation,False
bert-base-uncased,L3,xor,prompting,304,l3:xor:prompting:304,0.4026870131492615,0.6393229365348816,0.5210049748420715,not-published,outputs/l3/prompting/seed-304/run_summary.json,not-published,validation,False
bert-base-uncased,L3,xor,prompting,305,l3:xor:prompting:305,0.47105997800827026,0.5691244006156921,0.5200921893119812,not-published,outputs/l3/prompting/seed-305/run_summary.json,not-published,validation,False
bert-base-uncased,L3,xor,router,301,l3:xor:router:301,0.46775364875793457,0.5362318754196167,0.5019927620887756,not-published,outputs/l3/router/seed-301/run_summary.json,not-published,validation,False
bert-base-uncased,L3,xor,router,302,l3:xor:router:302,0.6380489468574524,0.46043768525123596,0.5492433160543442,not-published,outputs/l3/router/seed-302/run_summary.json,not-published,validation,False
bert-base-uncased,L3,xor,router,303,l3:xor:router:303,0.5270270109176636,0.4701601266860962,0.4985935688018799,not-published,outputs/l3/router/seed-303/run_summary.json,not-published,validation,False
bert-base-uncased,L3,xor,router,304,l3:xor:router:304,0.4026870131492615,0.6393229365348816,0.5210049748420715,not-published,outputs/l3/router/seed-304/run_summary.json,not-published,validation,False
bert-base-uncased,L3,xor,router,305,l3:xor:router:305,0.47105997800827026,0.5691244006156921,0.5200921893119812,not-published,outputs/l3/router/seed-305/run_summary.json,not-published,validation,False
bert-base-uncased,L3,xor,task_vector_add,301,l3:xor:task_vector_add:301,0.4757246673107147,0.5362318754196167,0.5059782713651657,not-published,outputs/l3/task_vector_add/seed-301/run_summary.json,not-published,validation,False
bert-base-uncased,L3,xor,task_vector_add,302,l3:xor:task_vector_add:302,0.6465082764625549,0.46043768525123596,0.5534729808568954,not-published,outputs/l3/task_vector_add/seed-302/run_summary.json,not-published,validation,False
bert-base-uncased,L3,xor,task_vector_add,303,l3:xor:task_vector_add:303,0.5270270109176636,0.4701601266860962,0.4985935688018799,not-published,outputs/l3/task_vector_add/seed-303/run_summary.json,not-published,validation,False
bert-base-uncased,L3,xor,task_vector_add,304,l3:xor:task_vector_add:304,0.4026870131492615,0.6393229365348816,0.5210049748420715,not-published,outputs/l3/task_vector_add/seed-304/run_summary.json,not-published,validation,False
bert-base-uncased,L3,xor,task_vector_add,305,l3:xor:task_vector_add:305,0.47105997800827026,0.5691244006156921,0.5200921893119812,not-published,outputs/l3/task_vector_add/seed-305/run_summary.json,not-published,validation,False
meta-llama/Llama-3.3-70B-Instruct,L1,cladder,core_base_1law,901,llama70b-l1:core_base_1law:901,0.5682756900787354,0.596129834651947,0.5822027623653412,not-published,outputs/llama70b-l1/core_base_1law/seed-901/run_summary.json,not-published,validation,False
meta-llama/Llama-3.3-70B-Instruct,L1,cladder,core_base_1law,902,llama70b-l1:core_base_1law:902,0.770683228969574,0.742368757724762,0.756525993347168,not-published,outputs/llama70b-l1/core_base_1law/seed-902/run_summary.json,not-published,validation,False
meta-llama/Llama-3.3-70B-Instruct,L1,cladder,core_base_1law,903,llama70b-l1:core_base_1law:903,0.5573951601982117,0.5206896662712097,0.5390424132347107,not-published,outputs/llama70b-l1/core_base_1law/seed-903/run_summary.json,not-published,validation,False
meta-llama/Llama-3.3-70B-Instruct,L1,cladder,core_base_1law,904,llama70b-l1:core_base_1law:904,0.5995244383811951,0.5381097793579102,0.5688171088695526,not-published,outputs/llama70b-l1/core_base_1law/seed-904/run_summary.json,not-published,validation,False
meta-llama/Llama-3.3-70B-Instruct,L1,cladder,core_base_1law,905,llama70b-l1:core_base_1law:905,0.625,0.552860677242279,0.5889303386211395,not-published,outputs/llama70b-l1/core_base_1law/seed-905/run_summary.json,not-published,validation,False
meta-llama/Llama-3.3-70B-Instruct,L1,cladder,core_base_1law,906,llama70b-l1:core_base_1law:906,0.5393381714820862,0.5221027731895447,0.5307204723358154,not-published,outputs/llama70b-l1/core_base_1law/seed-906/run_summary.json,not-published,validation,False
meta-llama/Llama-3.3-70B-Instruct,L1,cladder,core_base_1law,907,llama70b-l1:core_base_1law:907,0.6494102478027344,0.6587591171264648,0.6540846824645996,not-published,outputs/llama70b-l1/core_base_1law/seed-907/run_summary.json,not-published,validation,False
meta-llama/Llama-3.3-70B-Instruct,L1,cladder,core_base_1law,908,llama70b-l1:core_base_1law:908,0.7101966142654419,0.6569390296936035,0.6835678219795227,not-published,outputs/llama70b-l1/core_base_1law/seed-908/run_summary.json,not-published,validation,False
meta-llama/Llama-3.3-70B-Instruct,L1,cladder,core_base_1law,909,llama70b-l1:core_base_1law:909,0.799870491027832,0.671875,0.735872745513916,not-published,outputs/llama70b-l1/core_base_1law/seed-909/run_summary.json,not-published,validation,False
meta-llama/Llama-3.3-70B-Instruct,L1,cladder,core_base_1law,910,llama70b-l1:core_base_1law:910,0.6649350523948669,0.6358974575996399,0.6504162549972534,not-published,outputs/llama70b-l1/core_base_1law/seed-910/run_summary.json,not-published,validation,False
meta-llama/Llama-3.3-70B-Instruct,L1,cladder,core_base_1law,911,llama70b-l1:core_base_1law:911,0.7450980544090271,0.6957026720046997,0.7204003632068634,not-published,outputs/llama70b-l1/core_base_1law/seed-911/run_summary.json,not-published,validation,False
meta-llama/Llama-3.3-70B-Instruct,L1,cladder,core_base_1law,912,llama70b-l1:core_base_1law:912,0.625548243522644,0.5851190686225891,0.6053336560726166,not-published,outputs/llama70b-l1/core_base_1law/seed-912/run_summary.json,not-published,validation,False
meta-llama/Llama-3.3-70B-Instruct,L1,cladder,core_base_1law,913,llama70b-l1:core_base_1law:913,0.6033057570457458,0.6710719466209412,0.6371888518333435,not-published,outputs/llama70b-l1/core_base_1law/seed-913/run_summary.json,not-published,validation,False
meta-llama/Llama-3.3-70B-Instruct,L1,cladder,core_base_1law,914,llama70b-l1:core_base_1law:914,0.5523993968963623,0.549136757850647,0.5507680773735046,not-published,outputs/llama70b-l1/core_base_1law/seed-914/run_summary.json,not-published,validation,False
meta-llama/Llama-3.3-70B-Instruct,L1,cladder,core_base_1law,915,llama70b-l1:core_base_1law:915,0.6661195158958435,0.6191335916519165,0.64262655377388,not-published,outputs/llama70b-l1/core_base_1law/seed-915/run_summary.json,not-published,validation,False
meta-llama/Llama-3.3-70B-Instruct,L1,cladder,core_base_1law,916,llama70b-l1:core_base_1law:916,0.6929881572723389,0.6555555462837219,0.6742718517780304,not-published,outputs/llama70b-l1/core_base_1law/seed-916/run_summary.json,not-published,validation,False
meta-llama/Llama-3.3-70B-Instruct,L1,cladder,core_base_1law,917,llama70b-l1:core_base_1law:917,0.6308196783065796,0.5527272820472717,0.5917734801769257,not-published,outputs/llama70b-l1/core_base_1law/seed-917/run_summary.json,not-published,validation,False
meta-llama/Llama-3.3-70B-Instruct,L1,cladder,core_base_1law,918,llama70b-l1:core_base_1law:918,0.6231310367584229,0.5933098793029785,0.6082204580307007,not-published,outputs/llama70b-l1/core_base_1law/seed-918/run_summary.json,not-published,validation,False
meta-llama/Llama-3.3-70B-Instruct,L1,cladder,core_base_1law,919,llama70b-l1:core_base_1law:919,0.5439045429229736,0.5529661178588867,0.5484353303909302,not-published,outputs/llama70b-l1/core_base_1law/seed-919/run_summary.json,not-published,validation,False
meta-llama/Llama-3.3-70B-Instruct,L1,cladder,core_base_1law,920,llama70b-l1:core_base_1law:920,0.581884503364563,0.5809716582298279,0.5814280807971954,not-published,outputs/llama70b-l1/core_base_1law/seed-920/run_summary.json,not-published,validation,False
meta-llama/Llama-3.3-70B-Instruct,L1,cladder,core_full_4law,901,llama70b-l1:core_full_4law:901,0.5695803165435791,0.5861423015594482,0.5778613090515137,not-published,outputs/llama70b-l1/core_full_4law/seed-901/run_summary.json,not-published,validation,False
meta-llama/Llama-3.3-70B-Instruct,L1,cladder,core_full_4law,902,llama70b-l1:core_full_4law:902,0.7478716373443604,0.7039071917533875,0.7258894145488739,not-published,outputs/llama70b-l1/core_full_4law/seed-902/run_summary.json,not-published,validation,False
meta-llama/Llama-3.3-70B-Instruct,L1,cladder,core_full_4law,903,llama70b-l1:core_full_4law:903,0.5493377447128296,0.5350574851036072,0.5421976149082184,not-published,outputs/llama70b-l1/core_full_4law/seed-903/run_summary.json,not-published,validation,False
meta-llama/Llama-3.3-70B-Instruct,L1,cladder,core_full_4law,904,llama70b-l1:core_full_4law:904,0.5809556245803833,0.5513211488723755,0.5661383867263794,not-published,outputs/llama70b-l1/core_full_4law/seed-904/run_summary.json,not-published,validation,False
meta-llama/Llama-3.3-70B-Instruct,L1,cladder,core_full_4law,905,llama70b-l1:core_full_4law:905,0.6192341446876526,0.5559701323509216,0.5876021385192871,not-published,outputs/llama70b-l1/core_full_4law/seed-905/run_summary.json,not-published,validation,False
meta-llama/Llama-3.3-70B-Instruct,L1,cladder,core_full_4law,906,llama70b-l1:core_full_4law:906,0.540433943271637,0.49641576409339905,0.518424853682518,not-published,outputs/llama70b-l1/core_full_4law/seed-906/run_summary.json,not-published,validation,False
meta-llama/Llama-3.3-70B-Instruct,L1,cladder,core_full_4law,907,llama70b-l1:core_full_4law:907,0.6413280963897705,0.643552303314209,0.6424401998519897,not-published,outputs/llama70b-l1/core_full_4law/seed-907/run_summary.json,not-published,validation,False
meta-llama/Llama-3.3-70B-Instruct,L1,cladder,core_full_4law,908,llama70b-l1:core_full_4law:908,0.7094404697418213,0.6601815819740295,0.6848110258579254,not-published,outputs/llama70b-l1/core_full_4law/seed-908/run_summary.json,not-published,validation,False
meta-llama/Llama-3.3-70B-Instruct,L1,cladder,core_full_4law,909,llama70b-l1:core_full_4law:909,0.8046200275421143,0.6653645634651184,0.7349922955036163,not-published,outputs/llama70b-l1/core_full_4law/seed-909/run_summary.json,not-published,validation,False
meta-llama/Llama-3.3-70B-Instruct,L1,cladder,core_full_4law,910,llama70b-l1:core_full_4law:910,0.6509740352630615,0.6224358677864075,0.6367049515247345,not-published,outputs/llama70b-l1/core_full_4law/seed-910/run_summary.json,not-published,validation,False
meta-llama/Llama-3.3-70B-Instruct,L1,cladder,core_full_4law,911,llama70b-l1:core_full_4law:911,0.7530292868614197,0.6939604878425598,0.7234948873519897,not-published,outputs/llama70b-l1/core_full_4law/seed-911/run_summary.json,not-published,validation,False
meta-llama/Llama-3.3-70B-Instruct,L1,cladder,core_full_4law,912,llama70b-l1:core_full_4law:912,0.6236842274665833,0.6107142567634583,0.6171992421150208,not-published,outputs/llama70b-l1/core_full_4law/seed-912/run_summary.json,not-published,validation,False
meta-llama/Llama-3.3-70B-Instruct,L1,cladder,core_full_4law,913,llama70b-l1:core_full_4law:913,0.6089214086532593,0.6622613668441772,0.6355913877487183,not-published,outputs/llama70b-l1/core_full_4law/seed-913/run_summary.json,not-published,validation,False
meta-llama/Llama-3.3-70B-Instruct,L1,cladder,core_full_4law,914,llama70b-l1:core_full_4law:914,0.5579944252967834,0.5398406386375427,0.5489175319671631,not-published,outputs/llama70b-l1/core_full_4law/seed-914/run_summary.json,not-published,validation,False
meta-llama/Llama-3.3-70B-Instruct,L1,cladder,core_full_4law,915,llama70b-l1:core_full_4law:915,0.6685270071029663,0.604091465473175,0.6363092362880707,not-published,outputs/llama70b-l1/core_full_4law/seed-915/run_summary.json,not-published,validation,False
meta-llama/Llama-3.3-70B-Instruct,L1,cladder,core_full_4law,916,llama70b-l1:core_full_4law:916,0.69147789478302,0.6503267884254456,0.6709023416042328,not-published,outputs/llama70b-l1/core_full_4law/seed-916/run_summary.json,not-published,validation,False
meta-llama/Llama-3.3-70B-Instruct,L1,cladder,core_full_4law,917,llama70b-l1:core_full_4law:917,0.6259016394615173,0.5557575821876526,0.590829610824585,not-published,outputs/llama70b-l1/core_full_4law/seed-917/run_summary.json,not-published,validation,False
meta-llama/Llama-3.3-70B-Instruct,L1,cladder,core_full_4law,918,llama70b-l1:core_full_4law:918,0.6262093186378479,0.5833333134651184,0.6047713160514832,not-published,outputs/llama70b-l1/core_full_4law/seed-918/run_summary.json,not-published,validation,False
meta-llama/Llama-3.3-70B-Instruct,L1,cladder,core_full_4law,919,llama70b-l1:core_full_4law:919,0.5461423993110657,0.5466101765632629,0.5463762879371643,not-published,outputs/llama70b-l1/core_full_4law/seed-919/run_summary.json,not-published,validation,False
meta-llama/Llama-3.3-70B-Instruct,L1,cladder,core_full_4law,920,llama70b-l1:core_full_4law:920,0.5872504711151123,0.5721997022628784,0.5797250866889954,not-published,outputs/llama70b-l1/core_full_4law/seed-920/run_summary.json,not-published,validation,False
meta-llama/Llama-3.3-70B-Instruct,L1,cladder,core_i_3law,901,llama70b-l1:core_i_3law:901,0.5740378499031067,0.601123571395874,0.5875807106494904,not-published,outputs/llama70b-l1/core_i_3law/seed-901/run_summary.json,not-published,validation,False
meta-llama/Llama-3.3-70B-Instruct,L1,cladder,core_i_3law,902,llama70b-l1:core_i_3law:902,0.7608600854873657,0.7063491940498352,0.7336046397686005,not-published,outputs/llama70b-l1/core_i_3law/seed-902/run_summary.json,not-published,validation,False
meta-llama/Llama-3.3-70B-Instruct,L1,cladder,core_i_3law,903,llama70b-l1:core_i_3law:903,0.5522075295448303,0.5316091775894165,0.5419083535671234,not-published,outputs/llama70b-l1/core_i_3law/seed-903/run_summary.json,not-published,validation,False
meta-llama/Llama-3.3-70B-Instruct,L1,cladder,core_i_3law,904,llama70b-l1:core_i_3law:904,0.5772191882133484,0.5487805008888245,0.5629998445510864,not-published,outputs/llama70b-l1/core_i_3law/seed-904/run_summary.json,not-published,validation,False
meta-llama/Llama-3.3-70B-Instruct,L1,cladder,core_i_3law,905,llama70b-l1:core_i_3law:905,0.6241296529769897,0.55534827709198,0.5897389650344849,not-published,outputs/llama70b-l1/core_i_3law/seed-905/run_summary.json,not-published,validation,False
meta-llama/Llama-3.3-70B-Instruct,L1,cladder,core_i_3law,906,llama70b-l1:core_i_3law:906,0.5340784788131714,0.5137395262718201,0.5239090025424957,not-published,outputs/llama70b-l1/core_i_3law/seed-906/run_summary.json,not-published,validation,False
meta-llama/Llama-3.3-70B-Instruct,L1,cladder,core_i_3law,907,llama70b-l1:core_i_3law:907,0.6497378945350647,0.6484184861183167,0.6490781903266907,not-published,outputs/llama70b-l1/core_i_3law/seed-907/run_summary.json,not-published,validation,False
meta-llama/Llama-3.3-70B-Instruct,L1,cladder,core_i_3law,908,llama70b-l1:core_i_3law:908,0.7119248509407043,0.6530479788780212,0.6824864149093628,not-published,outputs/llama70b-l1/core_i_3law/seed-908/run_summary.json,not-published,validation,False
meta-llama/Llama-3.3-70B-Instruct,L1,cladder,core_i_3law,909,llama70b-l1:core_i_3law:909,0.7950129508972168,0.6907551884651184,0.7428840696811676,not-published,outputs/llama70b-l1/core_i_3law/seed-909/run_summary.json,not-published,validation,False
meta-llama/Llama-3.3-70B-Instruct,L1,cladder,core_i_3law,910,llama70b-l1:core_i_3law:910,0.6694805026054382,0.6166666746139526,0.6430735886096954,not-published,outputs/llama70b-l1/core_i_3law/seed-910/run_summary.json,not-published,validation,False
meta-llama/Llama-3.3-70B-Instruct,L1,cladder,core_i_3law,911,llama70b-l1:core_i_3law:911,0.7393699288368225,0.7102206945419312,0.7247953116893768,not-published,outputs/llama70b-l1/core_i_3law/seed-911/run_summary.json,not-published,validation,False
meta-llama/Llama-3.3-70B-Instruct,L1,cladder,core_i_3law,912,llama70b-l1:core_i_3law:912,0.6286184191703796,0.5946428775787354,0.6116306483745575,not-published,outputs/llama70b-l1/core_i_3law/seed-912/run_summary.json,not-published,validation,False
meta-llama/Llama-3.3-70B-Instruct,L1,cladder,core_i_3law,913,llama70b-l1:core_i_3law:913,0.605530858039856,0.6622613668441772,0.6338961124420166,not-published,outputs/llama70b-l1/core_i_3law/seed-913/run_summary.json,not-published,validation,False
meta-llama/Llama-3.3-70B-Instruct,L1,cladder,core_i_3law,914,llama70b-l1:core_i_3law:914,0.5458360314369202,0.5365206003189087,0.5411783158779144,not-published,outputs/llama70b-l1/core_i_3law/seed-914/run_summary.json,not-published,validation,False
meta-llama/Llama-3.3-70B-Instruct,L1,cladder,core_i_3law,915,llama70b-l1:core_i_3law:915,0.6646968722343445,0.6179302334785461,0.6413135528564453,not-published,outputs/llama70b-l1/core_i_3law/seed-915/run_summary.json,not-published,validation,False
meta-llama/Llama-3.3-70B-Instruct,L1,cladder,core_i_3law,916,llama70b-l1:core_i_3law:916,0.6879180073738098,0.6601307392120361,0.674024373292923,not-published,outputs/llama70b-l1/core_i_3law/seed-916/run_summary.json,not-published,validation,False
meta-llama/Llama-3.3-70B-Instruct,L1,cladder,core_i_3law,917,llama70b-l1:core_i_3law:917,0.6377049088478088,0.5848484635353088,0.6112766861915588,not-published,outputs/llama70b-l1/core_i_3law/seed-917/run_summary.json,not-published,validation,False
meta-llama/Llama-3.3-70B-Instruct,L1,cladder,core_i_3law,918,llama70b-l1:core_i_3law:918,0.6222515106201172,0.5757042169570923,0.5989778637886047,not-published,outputs/llama70b-l1/core_i_3law/seed-918/run_summary.json,not-published,validation,False
meta-llama/Llama-3.3-70B-Instruct,L1,cladder,core_i_3law,919,llama70b-l1:core_i_3law:919,0.5415601134300232,0.5607344508171082,0.5511472821235657,not-published,outputs/llama70b-l1/core_i_3law/seed-919/run_summary.json,not-published,validation,False
meta-llama/Llama-3.3-70B-Instruct,L1,cladder,core_i_3law,920,llama70b-l1:core_i_3law:920,0.5817772150039673,0.5668016076087952,0.5742894113063812,not-published,outputs/llama70b-l1/core_i_3law/seed-920/run_summary.json,not-published,validation,False
meta-llama/Llama-3.3-70B-Instruct,L1,cladder,do_everything,901,llama70b-l1:do_everything:901,0.5393564105033875,0.5112359523773193,0.5252961814403534,not-published,outputs/llama70b-l1/do_everything/seed-901/run_summary.json,not-published,validation,False
meta-llama/Llama-3.3-70B-Instruct,L1,cladder,do_everything,902,llama70b-l1:do_everything:902,0.6755075454711914,0.46764346957206726,0.5715755075216293,not-published,outputs/llama70b-l1/do_everything/seed-902/run_summary.json,not-published,validation,False
meta-llama/Llama-3.3-70B-Instruct,L1,cladder,do_everything,903,llama70b-l1:do_everything:903,0.5635761618614197,0.4689655303955078,0.5162708461284637,not-published,outputs/llama70b-l1/do_everything/seed-903/run_summary.json,not-published,validation,False
meta-llama/Llama-3.3-70B-Instruct,L1,cladder,do_everything,904,llama70b-l1:do_everything:904,0.562160313129425,0.5365853905677795,0.5493728518486023,not-published,outputs/llama70b-l1/do_everything/seed-904/run_summary.json,not-published,validation,False
meta-llama/Llama-3.3-70B-Instruct,L1,cladder,do_everything,905,llama70b-l1:do_everything:905,0.5858355164527893,0.513059675693512,0.5494475960731506,not-published,outputs/llama70b-l1/do_everything/seed-905/run_summary.json,not-published,validation,False
meta-llama/Llama-3.3-70B-Instruct,L1,cladder,do_everything,906,llama70b-l1:do_everything:906,0.5352838039398193,0.4295101463794708,0.4823969751596451,not-published,outputs/llama70b-l1/do_everything/seed-906/run_summary.json,not-published,validation,False
meta-llama/Llama-3.3-70B-Instruct,L1,cladder,do_everything,907,llama70b-l1:do_everything:907,0.5591961741447449,0.4738442897796631,0.516520231962204,not-published,outputs/llama70b-l1/do_everything/seed-907/run_summary.json,not-published,validation,False
meta-llama/Llama-3.3-70B-Instruct,L1,cladder,do_everything,908,llama70b-l1:do_everything:908,0.700799286365509,0.4675745666027069,0.584186926484108,not-published,outputs/llama70b-l1/do_everything/seed-908/run_summary.json,not-published,validation,False
meta-llama/Llama-3.3-70B-Instruct,L1,cladder,do_everything,909,llama70b-l1:do_everything:909,0.7899395227432251,0.4850260317325592,0.6374827772378922,not-published,outputs/llama70b-l1/do_everything/seed-909/run_summary.json,not-published,validation,False
meta-llama/Llama-3.3-70B-Instruct,L1,cladder,do_everything,910,llama70b-l1:do_everything:910,0.5920995473861694,0.464102566242218,0.5281010568141937,not-published,outputs/llama70b-l1/do_everything/seed-910/run_summary.json,not-published,validation,False
meta-llama/Llama-3.3-70B-Instruct,L1,cladder,do_everything,911,llama70b-l1:do_everything:911,0.6868252754211426,0.49070847034454346,0.588766872882843,not-published,outputs/llama70b-l1/do_everything/seed-911/run_summary.json,not-published,validation,False
meta-llama/Llama-3.3-70B-Instruct,L1,cladder,do_everything,912,llama70b-l1:do_everything:912,0.5725877285003662,0.524404764175415,0.5484962463378906,not-published,outputs/llama70b-l1/do_everything/seed-912/run_summary.json,not-published,validation,False
meta-llama/Llama-3.3-70B-Instruct,L1,cladder,do_everything,913,llama70b-l1:do_everything:913,0.5748040080070496,0.49926578998565674,0.5370348989963531,not-published,outputs/llama70b-l1/do_everything/seed-913/run_summary.json,not-published,validation,False
meta-llama/Llama-3.3-70B-Instruct,L1,cladder,do_everything,914,llama70b-l1:do_everything:914,0.5052722096443176,0.5019920468330383,0.503632128238678,not-published,outputs/llama70b-l1/do_everything/seed-914/run_summary.json,not-published,validation,False
meta-llama/Llama-3.3-70B-Instruct,L1,cladder,do_everything,915,llama70b-l1:do_everything:915,0.5984898209571838,0.49037304520606995,0.5444314330816269,not-published,outputs/llama70b-l1/do_everything/seed-915/run_summary.json,not-published,validation,False
meta-llama/Llama-3.3-70B-Instruct,L1,cladder,do_everything,916,llama70b-l1:do_everything:916,0.6226537227630615,0.44640523195266724,0.5345294773578644,not-published,outputs/llama70b-l1/do_everything/seed-916/run_summary.json,not-published,validation,False
meta-llama/Llama-3.3-70B-Instruct,L1,cladder,do_everything,917,llama70b-l1:do_everything:917,0.6118032932281494,0.4569697082042694,0.5343865007162094,not-published,outputs/llama70b-l1/do_everything/seed-917/run_summary.json,not-published,validation,False
meta-llama/Llama-3.3-70B-Instruct,L1,cladder,do_everything,918,llama70b-l1:do_everything:918,0.5970756411552429,0.4595070481300354,0.5282913446426392,not-published,outputs/llama70b-l1/do_everything/seed-918/run_summary.json,not-published,validation,False
meta-llama/Llama-3.3-70B-Instruct,L1,cladder,do_everything,919,llama70b-l1:do_everything:919,0.5278133153915405,0.46327683329582214,0.49554507434368134,not-published,outputs/llama70b-l1/do_everything/seed-919/run_summary.json,not-published,validation,False
meta-llama/Llama-3.3-70B-Instruct,L1,cladder,do_everything,920,llama70b-l1:do_everything:920,0.5665378570556641,0.4784075617790222,0.5224727094173431,not-published,outputs/llama70b-l1/do_everything/seed-920/run_summary.json,not-published,validation,False
meta-llama/Llama-3.3-70B-Instruct,L1,cladder,do_nothing,901,llama70b-l1:do_nothing:901,0.5050010681152344,0.5661672949790955,0.5355841815471649,not-published,outputs/llama70b-l1/do_nothing/seed-901/run_summary.json,not-published,validation,False
meta-llama/Llama-3.3-70B-Instruct,L1,cladder,do_nothing,902,llama70b-l1:do_nothing:902,0.7381576299667358,0.4035409092903137,0.5708492696285248,not-published,outputs/llama70b-l1/do_nothing/seed-902/run_summary.json,not-published,validation,False
meta-llama/Llama-3.3-70B-Instruct,L1,cladder,do_nothing,903,llama70b-l1:do_nothing:903,0.5979028940200806,0.4235632121562958,0.5107330530881882,not-published,outputs/llama70b-l1/do_nothing/seed-903/run_summary.json,not-published,validation,False
meta-llama/Llama-3.3-70B-Instruct,L1,cladder,do_nothing,904,llama70b-l1:do_nothing:904,0.5709918737411499,0.48323169350624084,0.5271117836236954,not-published,outputs/llama70b-l1/do_nothing/seed-904/run_summary.json,not-published,validation,False
meta-llama/Llama-3.3-70B-Instruct,L1,cladder,do_nothing,905,llama70b-l1:do_nothing:905,0.5968233346939087,0.49378108978271484,0.5453022122383118,not-published,outputs/llama70b-l1/do_nothing/seed-905/run_summary.json,not-published,validation,False
meta-llama/Llama-3.3-70B-Instruct,L1,cladder,do_nothing,906,llama70b-l1:do_nothing:906,0.5791146159172058,0.4295101463794708,0.5043123811483383,not-published,outputs/llama70b-l1/do_nothing/seed-906/run_summary.json,not-published,validation,False
meta-llama/Llama-3.3-70B-Instruct,L1,cladder,do_nothing,907,llama70b-l1:do_nothing:907,0.5902140736579895,0.4914841949939728,0.5408491343259811,not-published,outputs/llama70b-l1/do_nothing/seed-907/run_summary.json,not-published,validation,False
meta-llama/Llama-3.3-70B-Instruct,L1,cladder,do_nothing,908,llama70b-l1:do_nothing:908,0.7208900451660156,0.30869001150131226,0.5147900283336639,not-published,outputs/llama70b-l1/do_nothing/seed-908/run_summary.json,not-published,validation,False
meta-llama/Llama-3.3-70B-Instruct,L1,cladder,do_nothing,909,llama70b-l1:do_nothing:909,0.8213514685630798,0.2506510317325592,0.5360012501478195,not-published,outputs/llama70b-l1/do_nothing/seed-909/run_summary.json,not-published,validation,False
meta-llama/Llama-3.3-70B-Instruct,L1,cladder,do_nothing,910,llama70b-l1:do_nothing:910,0.6406926512718201,0.41025641560554504,0.5254745334386826,not-published,outputs/llama70b-l1/do_nothing/seed-910/run_summary.json,not-published,validation,False
meta-llama/Llama-3.3-70B-Instruct,L1,cladder,do_nothing,911,llama70b-l1:do_nothing:911,0.7181097269058228,0.39547038078308105,0.5567900538444519,not-published,outputs/llama70b-l1/do_nothing/seed-911/run_summary.json,not-published,validation,False
meta-llama/Llama-3.3-70B-Instruct,L1,cladder,do_nothing,912,llama70b-l1:do_nothing:912,0.6105263233184814,0.4571428596973419,0.5338345915079117,not-published,outputs/llama70b-l1/do_nothing/seed-912/run_summary.json,not-published,validation,False
meta-llama/Llama-3.3-70B-Instruct,L1,cladder,do_nothing,913,llama70b-l1:do_nothing:913,0.5583810210227966,0.5080763697624207,0.5332286953926086,not-published,outputs/llama70b-l1/do_nothing/seed-913/run_summary.json,not-published,validation,False
meta-llama/Llama-3.3-70B-Instruct,L1,cladder,do_nothing,914,llama70b-l1:do_nothing:914,0.5142027139663696,0.5079681277275085,0.5110854208469391,not-published,outputs/llama70b-l1/do_nothing/seed-914/run_summary.json,not-published,validation,False
meta-llama/Llama-3.3-70B-Instruct,L1,cladder,do_nothing,915,llama70b-l1:do_nothing:915,0.6361348032951355,0.49037304520606995,0.5632539242506027,not-published,outputs/llama70b-l1/do_nothing/seed-915/run_summary.json,not-published,validation,False
meta-llama/Llama-3.3-70B-Instruct,L1,cladder,do_nothing,916,llama70b-l1:do_nothing:916,0.6451995968818665,0.4385620951652527,0.5418808460235596,not-published,outputs/llama70b-l1/do_nothing/seed-916/run_summary.json,not-published,validation,False
meta-llama/Llama-3.3-70B-Instruct,L1,cladder,do_nothing,917,llama70b-l1:do_nothing:917,0.6255737543106079,0.43272727727890015,0.529150515794754,not-published,outputs/llama70b-l1/do_nothing/seed-917/run_summary.json,not-published,validation,False
meta-llama/Llama-3.3-70B-Instruct,L1,cladder,do_nothing,918,llama70b-l1:do_nothing:918,0.6274186372756958,0.40551644563674927,0.5164675414562225,not-published,outputs/llama70b-l1/do_nothing/seed-918/run_summary.json,not-published,validation,False
meta-llama/Llama-3.3-70B-Instruct,L1,cladder,do_nothing,919,llama70b-l1:do_nothing:919,0.5554134845733643,0.443502813577652,0.4994581490755081,not-published,outputs/llama70b-l1/do_nothing/seed-919/run_summary.json,not-published,validation,False
meta-llama/Llama-3.3-70B-Instruct,L1,cladder,do_nothing,920,llama70b-l1:do_nothing:920,0.588860273361206,0.4514169991016388,0.5201386362314224,not-published,outputs/llama70b-l1/do_nothing/seed-920/run_summary.json,not-published,validation,False
meta-llama/Llama-3.3-70B-Instruct,L1,cladder,random_init,901,llama70b-l1:random_init:901,0.5167427659034729,0.5586766600608826,0.5377097129821777,not-published,outputs/llama70b-l1/random_init/seed-901/run_summary.json,not-published,validation,False
meta-llama/Llama-3.3-70B-Instruct,L1,cladder,random_init,902,llama70b-l1:random_init:902,0.709233820438385,0.4615384638309479,0.5853861421346664,not-published,outputs/llama70b-l1/random_init/seed-902/run_summary.json,not-published,validation,False
meta-llama/Llama-3.3-70B-Instruct,L1,cladder,random_init,903,llama70b-l1:random_init:903,0.5818984508514404,0.4436781704425812,0.5127883106470108,not-published,outputs/llama70b-l1/random_init/seed-903/run_summary.json,not-published,validation,False
meta-llama/Llama-3.3-70B-Instruct,L1,cladder,random_init,904,llama70b-l1:random_init:904,0.606317937374115,0.4283536672592163,0.5173358023166656,not-published,outputs/llama70b-l1/random_init/seed-904/run_summary.json,not-published,validation,False
meta-llama/Llama-3.3-70B-Instruct,L1,cladder,random_init,905,llama70b-l1:random_init:905,0.6054177284240723,0.46828359365463257,0.5368506610393524,not-published,outputs/llama70b-l1/random_init/seed-905/run_summary.json,not-published,validation,False
meta-llama/Llama-3.3-70B-Instruct,L1,cladder,random_init,906,llama70b-l1:random_init:906,0.593359649181366,0.39964157342910767,0.4965006113052368,not-published,outputs/llama70b-l1/random_init/seed-906/run_summary.json,not-published,validation,False
meta-llama/Llama-3.3-70B-Instruct,L1,cladder,random_init,907,llama70b-l1:random_init:907,0.5997160077095032,0.47141119837760925,0.5355636030435562,not-published,outputs/llama70b-l1/random_init/seed-907/run_summary.json,not-published,validation,False
meta-llama/Llama-3.3-70B-Instruct,L1,cladder,random_init,908,llama70b-l1:random_init:908,0.7256426811218262,0.2983138859272003,0.5119782835245132,not-published,outputs/llama70b-l1/random_init/seed-908/run_summary.json,not-published,validation,False
meta-llama/Llama-3.3-70B-Instruct,L1,cladder,random_init,909,llama70b-l1:random_init:909,0.8147668242454529,0.25,0.5323834121227264,not-published,outputs/llama70b-l1/random_init/seed-909/run_summary.json,not-published,validation,False
meta-llama/Llama-3.3-70B-Instruct,L1,cladder,random_init,910,llama70b-l1:random_init:910,0.6020562648773193,0.45064103603363037,0.5263486504554749,not-published,outputs/llama70b-l1/random_init/seed-910/run_summary.json,not-published,validation,False
meta-llama/Llama-3.3-70B-Instruct,L1,cladder,random_init,911,llama70b-l1:random_init:911,0.7240581512451172,0.39198607206344604,0.5580221116542816,not-published,outputs/llama70b-l1/random_init/seed-911/run_summary.json,not-published,validation,False
meta-llama/Llama-3.3-70B-Instruct,L1,cladder,random_init,912,llama70b-l1:random_init:912,0.5950657725334167,0.4803571403026581,0.5377114564180374,not-published,outputs/llama70b-l1/random_init/seed-912/run_summary.json,not-published,validation,False
meta-llama/Llama-3.3-70B-Instruct,L1,cladder,random_init,913,llama70b-l1:random_init:913,0.5579571723937988,0.5051395297050476,0.5315483510494232,not-published,outputs/llama70b-l1/random_init/seed-913/run_summary.json,not-published,validation,False
meta-llama/Llama-3.3-70B-Instruct,L1,cladder,random_init,914,llama70b-l1:random_init:914,0.513664722442627,0.5046480894088745,0.5091564059257507,not-published,outputs/llama70b-l1/random_init/seed-914/run_summary.json,not-published,validation,False
meta-llama/Llama-3.3-70B-Instruct,L1,cladder,random_init,915,llama70b-l1:random_init:915,0.6217990517616272,0.5198556184768677,0.5708273351192474,not-published,outputs/llama70b-l1/random_init/seed-915/run_summary.json,not-published,validation,False
meta-llama/Llama-3.3-70B-Instruct,L1,cladder,random_init,916,llama70b-l1:random_init:916,0.6595469117164612,0.40784314274787903,0.5336950272321701,not-published,outputs/llama70b-l1/random_init/seed-916/run_summary.json,not-published,validation,False
meta-llama/Llama-3.3-70B-Instruct,L1,cladder,random_init,917,llama70b-l1:random_init:917,0.6397814154624939,0.40242424607276917,0.5211028307676315,not-published,outputs/llama70b-l1/random_init/seed-917/run_summary.json,not-published,validation,False
meta-llama/Llama-3.3-70B-Instruct,L1,cladder,random_init,918,llama70b-l1:random_init:918,0.6178539991378784,0.4248826205730438,0.5213683098554611,not-published,outputs/llama70b-l1/random_init/seed-918/run_summary.json,not-published,validation,False
meta-llama/Llama-3.3-70B-Instruct,L1,cladder,random_init,919,llama70b-l1:random_init:919,0.560528576374054,0.4350282549858093,0.49777841567993164,not-published,outputs/llama70b-l1/random_init/seed-919/run_summary.json,not-published,validation,False
meta-llama/Llama-3.3-70B-Instruct,L1,cladder,random_init,920,llama70b-l1:random_init:920,0.6044215559959412,0.4278002679347992,0.5161109119653702,not-published,outputs/llama70b-l1/random_init/seed-920/run_summary.json,not-published,validation,False
meta-llama/Llama-3.3-70B-Instruct,L2,cladder,drop_commutation,921,llama70b-l2:drop_commutation:921,0.5671885013580322,0.5823969841003418,0.574792742729187,not-published,outputs/llama70b-l2/drop_commutation/seed-921/run_summary.json,not-published,validation,False
meta-llama/Llama-3.3-70B-Instruct,L2,cladder,drop_commutation,922,llama70b-l2:drop_commutation:922,0.7639161944389343,0.7155067324638367,0.7397114634513855,not-published,outputs/llama70b-l2/drop_commutation/seed-922/run_summary.json,not-published,validation,False
meta-llama/Llama-3.3-70B-Instruct,L2,cladder,drop_commutation,923,llama70b-l2:drop_commutation:923,0.5535320043563843,0.5149425268173218,0.534237265586853,not-published,outputs/llama70b-l2/drop_commutation/seed-923/run_summary.json,not-published,validation,False
meta-llama/Llama-3.3-70B-Instruct,L2,cladder,drop_commutation,924,llama70b-l2:drop_commutation:924,0.5904664993286133,0.5284552574157715,0.5594608783721924,not-published,outputs/llama70b-l2/drop_commutation/seed-924/run_summary.json,not-published,validation,False
meta-llama/Llama-3.3-70B-Instruct,L2,cladder,drop_commutation,925,llama70b-l2:drop_commutation:925,0.6157528162002563,0.552860677242279,0.5843067467212677,not-published,outputs/llama70b-l2/drop_commutation/seed-925/run_summary.json,not-published,validation,False
meta-llama/Llama-3.3-70B-Instruct,L2,cladder,drop_commutation,926,llama70b-l2:drop_commutation:926,0.5401052236557007,0.5095579624176025,0.5248315930366516,not-published,outputs/llama70b-l2/drop_commutation/seed-926/run_summary.json,not-published,validation,False
meta-llama/Llama-3.3-70B-Instruct,L2,cladder,drop_commutation,927,llama70b-l2:drop_commutation:927,0.6514853835105896,0.6186131238937378,0.6350492537021637,not-published,outputs/llama70b-l2/drop_commutation/seed-927/run_summary.json,not-published,validation,False
meta-llama/Llama-3.3-70B-Instruct,L2,cladder,drop_commutation,928,llama70b-l2:drop_commutation:928,0.7042557597160339,0.6569390296936035,0.6805973947048187,not-published,outputs/llama70b-l2/drop_commutation/seed-928/run_summary.json,not-published,validation,False
meta-llama/Llama-3.3-70B-Instruct,L2,cladder,drop_commutation,929,llama70b-l2:drop_commutation:929,0.8066709637641907,0.6647135615348816,0.7356922626495361,not-published,outputs/llama70b-l2/drop_commutation/seed-929/run_summary.json,not-published,validation,False
meta-llama/Llama-3.3-70B-Instruct,L2,cladder,drop_commutation,930,llama70b-l2:drop_commutation:930,0.646212100982666,0.6269230842590332,0.6365675926208496,not-published,outputs/llama70b-l2/drop_commutation/seed-930/run_summary.json,not-published,validation,False
meta-llama/Llama-3.3-70B-Instruct,L2,cladder,drop_commutation,931,llama70b-l2:drop_commutation:931,0.7358449101448059,0.6869918704032898,0.7114183902740479,not-published,outputs/llama70b-l2/drop_commutation/seed-931/run_summary.json,not-published,validation,False
meta-llama/Llama-3.3-70B-Instruct,L2,cladder,drop_commutation,932,llama70b-l2:drop_commutation:932,0.6322368383407593,0.5821428298950195,0.6071898341178894,not-published,outputs/llama70b-l2/drop_commutation/seed-932/run_summary.json,not-published,validation,False
meta-llama/Llama-3.3-70B-Instruct,L2,cladder,drop_commutation,933,llama70b-l2:drop_commutation:933,0.6007628440856934,0.6864904761314392,0.6436266601085663,not-published,outputs/llama70b-l2/drop_commutation/seed-933/run_summary.json,not-published,validation,False
meta-llama/Llama-3.3-70B-Instruct,L2,cladder,drop_commutation,934,llama70b-l2:drop_commutation:934,0.5429309010505676,0.5564408898353577,0.5496858954429626,not-published,outputs/llama70b-l2/drop_commutation/seed-934/run_summary.json,not-published,validation,False
meta-llama/Llama-3.3-70B-Instruct,L2,cladder,drop_commutation,935,llama70b-l2:drop_commutation:935,0.660210132598877,0.6251504421234131,0.642680287361145,not-published,outputs/llama70b-l2/drop_commutation/seed-935/run_summary.json,not-published,validation,False
meta-llama/Llama-3.3-70B-Instruct,L2,cladder,drop_commutation,936,llama70b-l2:drop_commutation:936,0.7036677598953247,0.6620914936065674,0.682879626750946,not-published,outputs/llama70b-l2/drop_commutation/seed-936/run_summary.json,not-published,validation,False
meta-llama/Llama-3.3-70B-Instruct,L2,cladder,drop_commutation,937,llama70b-l2:drop_commutation:937,0.6327868700027466,0.5787878632545471,0.6057873666286469,not-published,outputs/llama70b-l2/drop_commutation/seed-937/run_summary.json,not-published,validation,False
meta-llama/Llama-3.3-70B-Instruct,L2,cladder,drop_commutation,938,llama70b-l2:drop_commutation:938,0.6174142360687256,0.59272301197052,0.6050686240196228,not-published,outputs/llama70b-l2/drop_commutation/seed-938/run_summary.json,not-published,validation,False
meta-llama/Llama-3.3-70B-Instruct,L2,cladder,drop_commutation,939,llama70b-l2:drop_commutation:939,0.551364004611969,0.5367231369018555,0.5440435707569122,not-published,outputs/llama70b-l2/drop_commutation/seed-939/run_summary.json,not-published,validation,False
meta-llama/Llama-3.3-70B-Instruct,L2,cladder,drop_commutation,940,llama70b-l2:drop_commutation:940,0.5781283378601074,0.5904183387756348,0.5842733383178711,not-published,outputs/llama70b-l2/drop_commutation/seed-940/run_summary.json,not-published,validation,False
meta-llama/Llama-3.3-70B-Instruct,L2,cladder,drop_idempotence,921,llama70b-l2:drop_idempotence:921,0.5608828067779541,0.5880149602890015,0.5744488835334778,not-published,outputs/llama70b-l2/drop_idempotence/seed-921/run_summary.json,not-published,validation,False
meta-llama/Llama-3.3-70B-Instruct,L2,cladder,drop_idempotence,922,llama70b-l2:drop_idempotence:922,0.7623881101608276,0.7136752009391785,0.738031655550003,not-published,outputs/llama70b-l2/drop_idempotence/seed-922/run_summary.json,not-published,validation,False
meta-llama/Llama-3.3-70B-Instruct,L2,cladder,drop_idempotence,923,llama70b-l2:drop_idempotence:923,0.5477924942970276,0.5206896662712097,0.5342410802841187,not-published,outputs/llama70b-l2/drop_idempotence/seed-923/run_summary.json,not-published,validation,False
meta-llama/Llama-3.3-70B-Instruct,L2,cladder,drop_idempotence,924,llama70b-l2:drop_idempotence:924,0.5803894996643066,0.5294715166091919,0.5549305081367493,not-published,outputs/llama70b-l2/drop_idempotence/seed-924/run_summary.json,not-published,validation,False
meta-llama/Llama-3.3-70B-Instruct,L2,cladder,drop_idempotence,925,llama70b-l2:drop_idempotence:925,0.6162967681884766,0.5603233575820923,0.5883100628852844,not-published,outputs/llama70b-l2/drop_idempotence/seed-925/run_summary.json,not-published,validation,False
meta-llama/Llama-3.3-70B-Instruct,L2,cladder,drop_idempotence,926,llama70b-l2:drop_idempotence:926,0.5284900069236755,0.5268816947937012,0.5276858508586884,not-published,outputs/llama70b-l2/drop_idempotence/seed-926/run_summary.json,not-published,validation,False
meta-llama/Llama-3.3-70B-Instruct,L2,cladder,drop_idempotence,927,llama70b-l2:drop_idempotence:927,0.6404543519020081,0.6472019553184509,0.6438281536102295,not-published,outputs/llama70b-l2/drop_idempotence/seed-927/run_summary.json,not-published,validation,False
meta-llama/Llama-3.3-70B-Instruct,L2,cladder,drop_idempotence,928,llama70b-l2:drop_idempotence:928,0.6988550424575806,0.6342412233352661,0.6665481328964233,not-published,outputs/llama70b-l2/drop_idempotence/seed-928/run_summary.json,not-published,validation,False
meta-llama/Llama-3.3-70B-Instruct,L2,cladder,drop_idempotence,929,llama70b-l2:drop_idempotence:929,0.7950129508972168,0.677734375,0.7363736629486084,not-published,outputs/llama70b-l2/drop_idempotence/seed-929/run_summary.json,not-published,validation,False
meta-llama/Llama-3.3-70B-Instruct,L2,cladder,drop_idempotence,930,llama70b-l2:drop_idempotence:930,0.6454545259475708,0.6173076629638672,0.631381094455719,not-published,outputs/llama70b-l2/drop_idempotence/seed-930/run_summary.json,not-published,validation,False
meta-llama/Llama-3.3-70B-Instruct,L2,cladder,drop_idempotence,931,llama70b-l2:drop_idempotence:931,0.7345229983329773,0.6852496862411499,0.7098863422870636,not-published,outputs/llama70b-l2/drop_idempotence/seed-931/run_summary.json,not-published,validation,False
meta-llama/Llama-3.3-70B-Instruct,L2,cladder,drop_idempotence,932,llama70b-l2:drop_idempotence:932,0.629605233669281,0.5827381014823914,0.6061716675758362,not-published,outputs/llama70b-l2/drop_idempotence/seed-932/run_summary.json,not-published,validation,False
meta-llama/Llama-3.3-70B-Instruct,L2,cladder,drop_idempotence,933,llama70b-l2:drop_idempotence:933,0.6104047298431396,0.6820851564407349,0.6462449431419373,not-published,outputs/llama70b-l2/drop_idempotence/seed-933/run_summary.json,not-published,validation,False
meta-llama/Llama-3.3-70B-Instruct,L2,cladder,drop_idempotence,934,llama70b-l2:drop_idempotence:934,0.5471271872520447,0.5431606769561768,0.5451439321041107,not-published,outputs/llama70b-l2/drop_idempotence/seed-934/run_summary.json,not-published,validation,False
meta-llama/Llama-3.3-70B-Instruct,L2,cladder,drop_idempotence,935,llama70b-l2:drop_idempotence:935,0.6611949801445007,0.6149218082427979,0.6380583941936493,not-published,outputs/llama70b-l2/drop_idempotence/seed-935/run_summary.json,not-published,validation,False
meta-llama/Llama-3.3-70B-Instruct,L2,cladder,drop_idempotence,936,llama70b-l2:drop_idempotence:936,0.7034519910812378,0.6562091708183289,0.6798305809497833,not-published,outputs/llama70b-l2/drop_idempotence/seed-936/run_summary.json,not-published,validation,False
meta-llama/Llama-3.3-70B-Instruct,L2,cladder,drop_idempotence,937,llama70b-l2:drop_idempotence:937,0.6315847039222717,0.5581818222999573,0.5948832631111145,not-published,outputs/llama70b-l2/drop_idempotence/seed-937/run_summary.json,not-published,validation,False
meta-llama/Llama-3.3-70B-Instruct,L2,cladder,drop_idempotence,938,llama70b-l2:drop_idempotence:938,0.6208223104476929,0.5938966870307922,0.6073594987392426,not-published,outputs/llama70b-l2/drop_idempotence/seed-938/run_summary.json,not-published,validation,False
meta-llama/Llama-3.3-70B-Instruct,L2,cladder,drop_idempotence,939,llama70b-l2:drop_idempotence:939,0.5439045429229736,0.549435019493103,0.5466697812080383,not-published,outputs/llama70b-l2/drop_idempotence/seed-939/run_summary.json,not-published,validation,False
meta-llama/Llama-3.3-70B-Instruct,L2,cladder,drop_idempotence,940,llama70b-l2:drop_idempotence:940,0.5918651819229126,0.5580297112464905,0.5749474465847015,not-published,outputs/llama70b-l2/drop_idempotence/seed-940/run_summary.json,not-published,validation,False
meta-llama/Llama-3.3-70B-Instruct,L2,cladder,drop_identity,921,llama70b-l2:drop_identity:921,0.563274621963501,0.5986267328262329,0.5809506773948669,not-published,outputs/llama70b-l2/drop_identity/seed-921/run_summary.json,not-published,validation,False
meta-llama/Llama-3.3-70B-Instruct,L2,cladder,drop_identity,922,llama70b-l2:drop_identity:922,0.7632613182067871,0.6971917152404785,0.7302265167236328,not-published,outputs/llama70b-l2/drop_identity/seed-922/run_summary.json,not-published,validation,False
meta-llama/Llama-3.3-70B-Instruct,L2,cladder,drop_identity,923,llama70b-l2:drop_identity:923,0.5493377447128296,0.5310344696044922,0.5401861071586609,not-published,outputs/llama70b-l2/drop_identity/seed-923/run_summary.json,not-published,validation,False
meta-llama/Llama-3.3-70B-Instruct,L2,cladder,drop_identity,924,llama70b-l2:drop_identity:924,0.578464686870575,0.5447154641151428,0.5615900754928589,not-published,outputs/llama70b-l2/drop_identity/seed-924/run_summary.json,not-published,validation,False
meta-llama/Llama-3.3-70B-Instruct,L2,cladder,drop_identity,925,llama70b-l2:drop_identity:925,0.609769344329834,0.5547263622283936,0.5822478532791138,not-published,outputs/llama70b-l2/drop_identity/seed-925/run_summary.json,not-published,validation,False
meta-llama/Llama-3.3-70B-Instruct,L2,cladder,drop_identity,926,llama70b-l2:drop_identity:926,0.5416392683982849,0.5083631873130798,0.5250012278556824,not-published,outputs/llama70b-l2/drop_identity/seed-926/run_summary.json,not-published,validation,False
meta-llama/Llama-3.3-70B-Instruct,L2,cladder,drop_identity,927,llama70b-l2:drop_identity:927,0.6494102478027344,0.6459854245185852,0.6476978361606598,not-published,outputs/llama70b-l2/drop_identity/seed-927/run_summary.json,not-published,validation,False
meta-llama/Llama-3.3-70B-Instruct,L2,cladder,drop_identity,928,llama70b-l2:drop_identity:928,0.6997191905975342,0.6562905311584473,0.6780048608779907,not-published,outputs/llama70b-l2/drop_identity/seed-928/run_summary.json,not-published,validation,False
meta-llama/Llama-3.3-70B-Instruct,L2,cladder,drop_identity,929,llama70b-l2:drop_identity:929,0.7999784350395203,0.685546875,0.7427626550197601,not-published,outputs/llama70b-l2/drop_identity/seed-929/run_summary.json,not-published,validation,False
meta-llama/Llama-3.3-70B-Instruct,L2,cladder,drop_identity,930,llama70b-l2:drop_identity:930,0.6402597427368164,0.6115384697914124,0.6258991062641144,not-published,outputs/llama70b-l2/drop_identity/seed-930/run_summary.json,not-published,validation,False
meta-llama/Llama-3.3-70B-Instruct,L2,cladder,drop_identity,931,llama70b-l2:drop_identity:931,0.7341925501823425,0.6869918704032898,0.7105922102928162,not-published,outputs/llama70b-l2/drop_identity/seed-931/run_summary.json,not-published,validation,False
meta-llama/Llama-3.3-70B-Instruct,L2,cladder,drop_identity,932,llama70b-l2:drop_identity:932,0.6353070139884949,0.5809524059295654,0.6081297099590302,not-published,outputs/llama70b-l2/drop_identity/seed-932/run_summary.json,not-published,validation,False
meta-llama/Llama-3.3-70B-Instruct,L2,cladder,drop_identity,933,llama70b-l2:drop_identity:933,0.6063784956932068,0.676945686340332,0.6416620910167694,not-published,outputs/llama70b-l2/drop_identity/seed-933/run_summary.json,not-published,validation,False
meta-llama/Llama-3.3-70B-Instruct,L2,cladder,drop_identity,934,llama70b-l2:drop_identity:934,0.5413169860839844,0.571049153804779,0.5561830699443817,not-published,outputs/llama70b-l2/drop_identity/seed-934/run_summary.json,not-published,validation,False
meta-llama/Llama-3.3-70B-Instruct,L2,cladder,drop_identity,935,llama70b-l2:drop_identity:935,0.6678704023361206,0.6022863984107971,0.6350784003734589,not-published,outputs/llama70b-l2/drop_identity/seed-935/run_summary.json,not-published,validation,False
meta-llama/Llama-3.3-70B-Instruct,L2,cladder,drop_identity,936,llama70b-l2:drop_identity:936,0.7028047442436218,0.6549019813537598,0.6788533627986908,not-published,outputs/llama70b-l2/drop_identity/seed-936/run_summary.json,not-published,validation,False
meta-llama/Llama-3.3-70B-Instruct,L2,cladder,drop_identity,937,llama70b-l2:drop_identity:937,0.6269945502281189,0.550303041934967,0.588648796081543,not-published,outputs/llama70b-l2/drop_identity/seed-937/run_summary.json,not-published,validation,False
meta-llama/Llama-3.3-70B-Instruct,L2,cladder,drop_identity,938,llama70b-l2:drop_identity:938,0.6287379264831543,0.5962441563606262,0.6124910414218903,not-published,outputs/llama70b-l2/drop_identity/seed-938/run_summary.json,not-published,validation,False
meta-llama/Llama-3.3-70B-Instruct,L2,cladder,drop_identity,939,llama70b-l2:drop_identity:939,0.5478473901748657,0.5324859023094177,0.5401666462421417,not-published,outputs/llama70b-l2/drop_identity/seed-939/run_summary.json,not-published,validation,False
meta-llama/Llama-3.3-70B-Instruct,L2,cladder,drop_identity,940,llama70b-l2:drop_identity:940,0.5801674127578735,0.5742239952087402,0.5771957039833069,not-published,outputs/llama70b-l2/drop_identity/seed-940/run_summary.json,not-published,validation,False
meta-llama/Llama-3.3-70B-Instruct,L2,cladder,drop_selective_invariance,921,llama70b-l2:drop_selective_invariance:921,0.5545770525932312,0.612983763217926,0.5837804079055786,not-published,outputs/llama70b-l2/drop_selective_invariance/seed-921/run_summary.json,not-published,validation,False
meta-llama/Llama-3.3-70B-Instruct,L2,cladder,drop_selective_invariance,922,llama70b-l2:drop_selective_invariance:922,0.7616240978240967,0.6971917152404785,0.7294079065322876,not-published,outputs/llama70b-l2/drop_selective_invariance/seed-922/run_summary.json,not-published,validation,False
meta-llama/Llama-3.3-70B-Instruct,L2,cladder,drop_selective_invariance,923,llama70b-l2:drop_selective_invariance:923,0.5619205236434937,0.5103448033332825,0.5361326634883881,not-published,outputs/llama70b-l2/drop_selective_invariance/seed-923/run_summary.json,not-published,validation,False
meta-llama/Llama-3.3-70B-Instruct,L2,cladder,drop_selective_invariance,924,llama70b-l2:drop_selective_invariance:924,0.5914855003356934,0.5447154641151428,0.5681004822254181,not-published,outputs/llama70b-l2/drop_selective_invariance/seed-924/run_summary.json,not-published,validation,False
meta-llama/Llama-3.3-70B-Instruct,L2,cladder,drop_selective_invariance,925,llama70b-l2:drop_selective_invariance:925,0.6146649122238159,0.5534825921058655,0.5840737521648407,not-published,outputs/llama70b-l2/drop_selective_invariance/seed-925/run_summary.json,not-published,validation,False
meta-llama/Llama-3.3-70B-Instruct,L2,cladder,drop_selective_invariance,926,llama70b-l2:drop_selective_invariance:926,0.527832567691803,0.540023922920227,0.533928245306015,not-published,outputs/llama70b-l2/drop_selective_invariance/seed-926/run_summary.json,not-published,validation,False
meta-llama/Llama-3.3-70B-Instruct,L2,cladder,drop_selective_invariance,927,llama70b-l2:drop_selective_invariance:927,0.6545434594154358,0.6204379796981812,0.6374907195568085,not-published,outputs/llama70b-l2/drop_selective_invariance/seed-927/run_summary.json,not-published,validation,False
meta-llama/Llama-3.3-70B-Instruct,L2,cladder,drop_selective_invariance,928,llama70b-l2:drop_selective_invariance:928,0.706956148147583,0.6653696298599243,0.6861628890037537,not-published,outputs/llama70b-l2/drop_selective_invariance/seed-928/run_summary.json,not-published,validation,False
meta-llama/Llama-3.3-70B-Instruct,L2,cladder,drop_selective_invariance,929,llama70b-l2:drop_selective_invariance:929,0.7979274392127991,0.6868489384651184,0.7423881888389587,not-published,outputs/llama70b-l2/drop_selective_invariance/seed-929/run_summary.json,not-published,validation,False
meta-llama/Llama-3.3-70B-Instruct,L2,cladder,drop_selective_invariance,930,llama70b-l2:drop_selective_invariance:930,0.6508657932281494,0.6288461685180664,0.6398559808731079,not-published,outputs/llama70b-l2/drop_selective_invariance/seed-930/run_summary.json,not-published,validation,False
meta-llama/Llama-3.3-70B-Instruct,L2,cladder,drop_selective_invariance,931,llama70b-l2:drop_selective_invariance:931,0.7444370985031128,0.6986062526702881,0.7215216755867004,not-published,outputs/llama70b-l2/drop_selective_invariance/seed-931/run_summary.json,not-published,validation,False
meta-llama/Llama-3.3-70B-Instruct,L2,cladder,drop_selective_invariance,932,llama70b-l2:drop_selective_invariance:932,0.6316885948181152,0.5994047522544861,0.6155466735363007,not-published,outputs/llama70b-l2/drop_selective_invariance/seed-932/run_summary.json,not-published,validation,False
meta-llama/Llama-3.3-70B-Instruct,L2,cladder,drop_selective_invariance,933,llama70b-l2:drop_selective_invariance:933,0.6050010323524475,0.6776798963546753,0.6413404643535614,not-published,outputs/llama70b-l2/drop_selective_invariance/seed-933/run_summary.json,not-published,validation,False
meta-llama/Llama-3.3-70B-Instruct,L2,cladder,drop_selective_invariance,934,llama70b-l2:drop_selective_invariance:934,0.5477727651596069,0.5451527237892151,0.546462744474411,not-published,outputs/llama70b-l2/drop_selective_invariance/seed-934/run_summary.json,not-published,validation,False
meta-llama/Llama-3.3-70B-Instruct,L2,cladder,drop_selective_invariance,935,llama70b-l2:drop_selective_invariance:935,0.6794703602790833,0.590252697467804,0.6348615288734436,not-published,outputs/llama70b-l2/drop_selective_invariance/seed-935/run_summary.json,not-published,validation,False
meta-llama/Llama-3.3-70B-Instruct,L2,cladder,drop_selective_invariance,936,llama70b-l2:drop_selective_invariance:936,0.701941728591919,0.6692810654640198,0.6856113970279694,not-published,outputs/llama70b-l2/drop_selective_invariance/seed-936/run_summary.json,not-published,validation,False
meta-llama/Llama-3.3-70B-Instruct,L2,cladder,drop_selective_invariance,937,llama70b-l2:drop_selective_invariance:937,0.6283060312271118,0.5806060433387756,0.6044560372829437,not-published,outputs/llama70b-l2/drop_selective_invariance/seed-937/run_summary.json,not-published,validation,False
meta-llama/Llama-3.3-70B-Instruct,L2,cladder,drop_selective_invariance,938,llama70b-l2:drop_selective_invariance:938,0.614885687828064,0.6009389758110046,0.6079123318195343,not-published,outputs/llama70b-l2/drop_selective_invariance/seed-938/run_summary.json,not-published,validation,False
meta-llama/Llama-3.3-70B-Instruct,L2,cladder,drop_selective_invariance,939,llama70b-l2:drop_selective_invariance:939,0.5413469672203064,0.5374293923377991,0.5393881797790527,not-published,outputs/llama70b-l2/drop_selective_invariance/seed-939/run_summary.json,not-published,validation,False
meta-llama/Llama-3.3-70B-Instruct,L2,cladder,drop_selective_invariance,940,llama70b-l2:drop_selective_invariance:940,0.5935823321342468,0.549257755279541,0.5714200437068939,not-published,outputs/llama70b-l2/drop_selective_invariance/seed-940/run_summary.json,not-published,validation,False
meta-llama/Llama-3.3-70B-Instruct,L2,cladder,full,921,llama70b-l2:full:921,0.5558817386627197,0.5898876190185547,0.5728846788406372,not-published,outputs/llama70b-l2/full/seed-921/run_summary.json,not-published,validation,False
meta-llama/Llama-3.3-70B-Instruct,L2,cladder,full,922,llama70b-l2:full:922,0.7633704543113708,0.7069597244262695,0.7351650893688202,not-published,outputs/llama70b-l2/full/seed-922/run_summary.json,not-published,validation,False
meta-llama/Llama-3.3-70B-Instruct,L2,cladder,full,923,llama70b-l2:full:923,0.5491169691085815,0.5235632061958313,0.5363400876522064,not-published,outputs/llama70b-l2/full/seed-923/run_summary.json,not-published,validation,False
meta-llama/Llama-3.3-70B-Instruct,L2,cladder,full,924,llama70b-l2:full:924,0.5749546885490417,0.5406504273414612,0.5578025579452515,not-published,outputs/llama70b-l2/full/seed-924/run_summary.json,not-published,validation,False
meta-llama/Llama-3.3-70B-Instruct,L2,cladder,full,925,llama70b-l2:full:925,0.617384672164917,0.5547263622283936,0.5860555171966553,not-published,outputs/llama70b-l2/full/seed-925/run_summary.json,not-published,validation,False
meta-llama/Llama-3.3-70B-Instruct,L2,cladder,full,926,llama70b-l2:full:926,0.5332018136978149,0.5465949773788452,0.5398983955383301,not-published,outputs/llama70b-l2/full/seed-926/run_summary.json,not-published,validation,False
meta-llama/Llama-3.3-70B-Instruct,L2,cladder,full,927,llama70b-l2:full:927,0.6395806074142456,0.6630170345306396,0.6512988209724426,not-published,outputs/llama70b-l2/full/seed-927/run_summary.json,not-published,validation,False
meta-llama/Llama-3.3-70B-Instruct,L2,cladder,full,928,llama70b-l2:full:928,0.7011233568191528,0.6361867785453796,0.6686550676822662,not-published,outputs/llama70b-l2/full/seed-928/run_summary.json,not-published,validation,False
meta-llama/Llama-3.3-70B-Instruct,L2,cladder,full,929,llama70b-l2:full:929,0.7993307709693909,0.6770833134651184,0.7382070422172546,not-published,outputs/llama70b-l2/full/seed-929/run_summary.json,not-published,validation,False
meta-llama/Llama-3.3-70B-Instruct,L2,cladder,full,930,llama70b-l2:full:930,0.6446969509124756,0.6243589520454407,0.6345279514789581,not-published,outputs/llama70b-l2/full/seed-930/run_summary.json,not-published,validation,False
meta-llama/Llama-3.3-70B-Instruct,L2,cladder,full,931,llama70b-l2:full:931,0.7415730357170105,0.6788617968559265,0.7102174162864685,not-published,outputs/llama70b-l2/full/seed-931/run_summary.json,not-published,validation,False
meta-llama/Llama-3.3-70B-Instruct,L2,cladder,full,932,llama70b-l2:full:932,0.6320175528526306,0.5839285850524902,0.6079730689525604,not-published,outputs/llama70b-l2/full/seed-932/run_summary.json,not-published,validation,False
meta-llama/Llama-3.3-70B-Instruct,L2,cladder,full,933,llama70b-l2:full:933,0.6115702390670776,0.6828193664550781,0.6471948027610779,not-published,outputs/llama70b-l2/full/seed-933/run_summary.json,not-published,validation,False
meta-llama/Llama-3.3-70B-Instruct,L2,cladder,full,934,llama70b-l2:full:934,0.5466967821121216,0.5411686301231384,0.54393270611763,not-published,outputs/llama70b-l2/full/seed-934/run_summary.json,not-published,validation,False
meta-llama/Llama-3.3-70B-Instruct,L2,cladder,full,935,llama70b-l2:full:935,0.655066728591919,0.6149218082427979,0.6349942684173584,not-published,outputs/llama70b-l2/full/seed-935/run_summary.json,not-published,validation,False
meta-llama/Llama-3.3-70B-Instruct,L2,cladder,full,936,llama70b-l2:full:936,0.7030205130577087,0.6555555462837219,0.6792880296707153,not-published,outputs/llama70b-l2/full/seed-936/run_summary.json,not-published,validation,False
meta-llama/Llama-3.3-70B-Instruct,L2,cladder,full,937,llama70b-l2:full:937,0.6260109543800354,0.5775757431983948,0.6017933487892151,not-published,outputs/llama70b-l2/full/seed-937/run_summary.json,not-published,validation,False
meta-llama/Llama-3.3-70B-Instruct,L2,cladder,full,938,llama70b-l2:full:938,0.6136763691902161,0.6015258431434631,0.6076011061668396,not-published,outputs/llama70b-l2/full/seed-938/run_summary.json,not-published,validation,False
meta-llama/Llama-3.3-70B-Instruct,L2,cladder,full,939,llama70b-l2:full:939,0.5428388714790344,0.5579096078872681,0.5503742396831512,not-published,outputs/llama70b-l2/full/seed-939/run_summary.json,not-published,validation,False
meta-llama/Llama-3.3-70B-Instruct,L2,cladder,full,940,llama70b-l2:full:940,0.5831723809242249,0.5654520988464355,0.5743122398853302,not-published,outputs/llama70b-l2/full/seed-940/run_summary.json,not-published,validation,False
meta-llama/Llama-3.3-70B-Instruct,L3,cladder,lora_matched,941,llama70b-l3:lora_matched:941,0.5326157808303833,0.5368289351463318,0.5347223579883575,not-published,outputs/llama70b-l3/lora_matched/seed-941/run_summary.json,not-published,validation,False
meta-llama/Llama-3.3-70B-Instruct,L3,cladder,lora_matched,942,llama70b-l3:lora_matched:942,0.6913337707519531,0.490231990814209,0.590782880783081,not-published,outputs/llama70b-l3/lora_matched/seed-942/run_summary.json,not-published,validation,False
meta-llama/Llama-3.3-70B-Instruct,L3,cladder,lora_matched,943,llama70b-l3:lora_matched:943,0.5511037707328796,0.4885057508945465,0.5198047608137131,not-published,outputs/llama70b-l3/lora_matched/seed-943/run_summary.json,not-published,validation,False
meta-llama/Llama-3.3-70B-Instruct,L3,cladder,lora_matched,944,llama70b-l3:lora_matched:944,0.5690670013427734,0.5264227390289307,0.547744870185852,not-published,outputs/llama70b-l3/lora_matched/seed-944/run_summary.json,not-published,validation,False
meta-llama/Llama-3.3-70B-Instruct,L3,cladder,lora_matched,945,llama70b-l3:lora_matched:945,0.5810487270355225,0.5248756408691406,0.5529621839523315,not-published,outputs/llama70b-l3/lora_matched/seed-945/run_summary.json,not-published,validation,False
meta-llama/Llama-3.3-70B-Instruct,L3,cladder,loreft,941,llama70b-l3:loreft:941,0.5326157808303833,0.5368289351463318,0.5347223579883575,not-published,outputs/llama70b-l3/loreft/seed-941/run_summary.json,not-published,validation,False
meta-llama/Llama-3.3-70B-Instruct,L3,cladder,loreft,942,llama70b-l3:loreft:942,0.6913337707519531,0.490231990814209,0.590782880783081,not-published,outputs/llama70b-l3/loreft/seed-942/run_summary.json,not-published,validation,False
meta-llama/Llama-3.3-70B-Instruct,L3,cladder,loreft,943,llama70b-l3:loreft:943,0.5511037707328796,0.4885057508945465,0.5198047608137131,not-published,outputs/llama70b-l3/loreft/seed-943/run_summary.json,not-published,validation,False
meta-llama/Llama-3.3-70B-Instruct,L3,cladder,loreft,944,llama70b-l3:loreft:944,0.5690670013427734,0.5264227390289307,0.547744870185852,not-published,outputs/llama70b-l3/loreft/seed-944/run_summary.json,not-published,validation,False
meta-llama/Llama-3.3-70B-Instruct,L3,cladder,loreft,945,llama70b-l3:loreft:945,0.5810487270355225,0.5248756408691406,0.5529621839523315,not-published,outputs/llama70b-l3/loreft/seed-945/run_summary.json,not-published,validation,False
meta-llama/Llama-3.3-70B-Instruct,L3,cladder,o1,941,llama70b-l3:o1:941,0.5385953187942505,0.511860191822052,0.5252277553081512,not-published,outputs/llama70b-l3/o1/seed-941/run_summary.json,not-published,validation,False
meta-llama/Llama-3.3-70B-Instruct,L3,cladder,o1,942,llama70b-l3:o1:942,0.6757258176803589,0.4774114787578583,0.5765686482191086,not-published,outputs/llama70b-l3/o1/seed-942/run_summary.json,not-published,validation,False
meta-llama/Llama-3.3-70B-Instruct,L3,cladder,o1,943,llama70b-l3:o1:943,0.554635763168335,0.4712643623352051,0.51295006275177,not-published,outputs/llama70b-l3/o1/seed-943/run_summary.json,not-published,validation,False
meta-llama/Llama-3.3-70B-Instruct,L3,cladder,o1,944,llama70b-l3:o1:944,0.5558197498321533,0.5376016497612,0.5467106997966766,not-published,outputs/llama70b-l3/o1/seed-944/run_summary.json,not-published,validation,False
meta-llama/Llama-3.3-70B-Instruct,L3,cladder,o1,945,llama70b-l3:o1:945,0.5961706042289734,0.5099502205848694,0.5530604124069214,not-published,outputs/llama70b-l3/o1/seed-945/run_summary.json,not-published,validation,False
meta-llama/Llama-3.3-70B-Instruct,L3,cladder,o2,941,llama70b-l3:o2:941,0.5326157808303833,0.5368289351463318,0.5347223579883575,not-published,outputs/llama70b-l3/o2/seed-941/run_summary.json,not-published,validation,False
meta-llama/Llama-3.3-70B-Instruct,L3,cladder,o2,942,llama70b-l3:o2:942,0.6913337707519531,0.490231990814209,0.590782880783081,not-published,outputs/llama70b-l3/o2/seed-942/run_summary.json,not-published,validation,False
meta-llama/Llama-3.3-70B-Instruct,L3,cladder,o2,943,llama70b-l3:o2:943,0.5511037707328796,0.4885057508945465,0.5198047608137131,not-published,outputs/llama70b-l3/o2/seed-943/run_summary.json,not-published,validation,False
meta-llama/Llama-3.3-70B-Instruct,L3,cladder,o2,944,llama70b-l3:o2:944,0.5690670013427734,0.5264227390289307,0.547744870185852,not-published,outputs/llama70b-l3/o2/seed-944/run_summary.json,not-published,validation,False
meta-llama/Llama-3.3-70B-Instruct,L3,cladder,o2,945,llama70b-l3:o2:945,0.5810487270355225,0.5248756408691406,0.5529621839523315,not-published,outputs/llama70b-l3/o2/seed-945/run_summary.json,not-published,validation,False
meta-llama/Llama-3.3-70B-Instruct,L3,cladder,o3,941,llama70b-l3:o3:941,0.5604479312896729,0.6086142063140869,0.5845310688018799,not-published,outputs/llama70b-l3/o3/seed-941/run_summary.json,not-published,validation,False
meta-llama/Llama-3.3-70B-Instruct,L3,cladder,o3,942,llama70b-l3:o3:942,0.7726479172706604,0.7435897588729858,0.7581188380718231,not-published,outputs/llama70b-l3/o3/seed-942/run_summary.json,not-published,validation,False
meta-llama/Llama-3.3-70B-Instruct,L3,cladder,o3,943,llama70b-l3:o3:943,0.5517659783363342,0.5373563170433044,0.5445611476898193,not-published,outputs/llama70b-l3/o3/seed-943/run_summary.json,not-published,validation,False
meta-llama/Llama-3.3-70B-Instruct,L3,cladder,o3,944,llama70b-l3:o3:944,0.5902400612831116,0.5350610017776489,0.5626505315303802,not-published,outputs/llama70b-l3/o3/seed-944/run_summary.json,not-published,validation,False
meta-llama/Llama-3.3-70B-Instruct,L3,cladder,o3,945,llama70b-l3:o3:945,0.6182550191879272,0.5491293668746948,0.583692193031311,not-published,outputs/llama70b-l3/o3/seed-945/run_summary.json,not-published,validation,False
meta-llama/Llama-3.3-70B-Instruct,L3,cladder,prompting,941,llama70b-l3:prompting:941,0.5120678544044495,0.5692883729934692,0.5406781136989594,not-published,outputs/llama70b-l3/prompting/seed-941/run_summary.json,not-published,validation,False
meta-llama/Llama-3.3-70B-Instruct,L3,cladder,prompting,942,llama70b-l3:prompting:942,0.7245143055915833,0.43711844086647034,0.5808163732290268,not-published,outputs/llama70b-l3/prompting/seed-942/run_summary.json,not-published,validation,False
meta-llama/Llama-3.3-70B-Instruct,L3,cladder,prompting,943,llama70b-l3:prompting:943,0.5959160923957825,0.4477011561393738,0.5218086242675781,not-published,outputs/llama70b-l3/prompting/seed-943/run_summary.json,not-published,validation,False
meta-llama/Llama-3.3-70B-Instruct,L3,cladder,prompting,944,llama70b-l3:prompting:944,0.5832201242446899,0.4771341383457184,0.5301771312952042,not-published,outputs/llama70b-l3/prompting/seed-944/run_summary.json,not-published,validation,False
meta-llama/Llama-3.3-70B-Instruct,L3,cladder,prompting,945,llama70b-l3:prompting:945,0.6011749505996704,0.48134326934814453,0.5412591099739075,not-published,outputs/llama70b-l3/prompting/seed-945/run_summary.json,not-published,validation,False
meta-llama/Llama-3.3-70B-Instruct,L3,cladder,router,941,llama70b-l3:router:941,0.5430528521537781,0.5112359523773193,0.5271444022655487,not-published,outputs/llama70b-l3/router/seed-941/run_summary.json,not-published,validation,False
meta-llama/Llama-3.3-70B-Instruct,L3,cladder,router,942,llama70b-l3:router:942,0.6835843920707703,0.47374847531318665,0.5786664336919785,not-published,outputs/llama70b-l3/router/seed-942/run_summary.json,not-published,validation,False
meta-llama/Llama-3.3-70B-Instruct,L3,cladder,router,943,llama70b-l3:router:943,0.5522075295448303,0.4724137783050537,0.512310653924942,not-published,outputs/llama70b-l3/router/seed-943/run_summary.json,not-published,validation,False
meta-llama/Llama-3.3-70B-Instruct,L3,cladder,router,944,llama70b-l3:router:944,0.5554800629615784,0.5340447425842285,0.5447624027729034,not-published,outputs/llama70b-l3/router/seed-944/run_summary.json,not-published,validation,False
meta-llama/Llama-3.3-70B-Instruct,L3,cladder,router,945,llama70b-l3:router:945,0.5947563052177429,0.5049751400947571,0.54986572265625,not-published,outputs/llama70b-l3/router/seed-945/run_summary.json,not-published,validation,False
meta-llama/Llama-3.3-70B-Instruct,L3,cladder,task_vector_add,941,llama70b-l3:task_vector_add:941,0.5385953187942505,0.511860191822052,0.5252277553081512,not-published,outputs/llama70b-l3/task_vector_add/seed-941/run_summary.json,not-published,validation,False
meta-llama/Llama-3.3-70B-Instruct,L3,cladder,task_vector_add,942,llama70b-l3:task_vector_add:942,0.6757258176803589,0.4774114787578583,0.5765686482191086,not-published,outputs/llama70b-l3/task_vector_add/seed-942/run_summary.json,not-published,validation,False
meta-llama/Llama-3.3-70B-Instruct,L3,cladder,task_vector_add,943,llama70b-l3:task_vector_add:943,0.554635763168335,0.4712643623352051,0.51295006275177,not-published,outputs/llama70b-l3/task_vector_add/seed-943/run_summary.json,not-published,validation,False
meta-llama/Llama-3.3-70B-Instruct,L3,cladder,task_vector_add,944,llama70b-l3:task_vector_add:944,0.5558197498321533,0.5376016497612,0.5467106997966766,not-published,outputs/llama70b-l3/task_vector_add/seed-944/run_summary.json,not-published,validation,False
meta-llama/Llama-3.3-70B-Instruct,L3,cladder,task_vector_add,945,llama70b-l3:task_vector_add:945,0.5961706042289734,0.5099502205848694,0.5530604124069214,not-published,outputs/llama70b-l3/task_vector_add/seed-945/run_summary.json,not-published,validation,False
microsoft/phi-4,L1,cladder,core_base_1law,901,phi14b-l1:core_base_1law:901,0.6116546988487244,0.6473158597946167,0.6294852793216705,not-published,outputs/phi14b-l1/core_base_1law/seed-901/run_summary.json,not-published,validation,False
microsoft/phi-4,L1,cladder,core_base_1law,902,phi14b-l1:core_base_1law:902,0.8304955363273621,0.7417582273483276,0.7861268818378448,not-published,outputs/phi14b-l1/core_base_1law/seed-902/run_summary.json,not-published,validation,False
microsoft/phi-4,L1,cladder,core_base_1law,903,phi14b-l1:core_base_1law:903,0.4548565149307251,0.5522988438606262,0.5035776793956757,not-published,outputs/phi14b-l1/core_base_1law/seed-903/run_summary.json,not-published,validation,False
microsoft/phi-4,L1,cladder,core_base_1law,904,phi14b-l1:core_base_1law:904,0.5701992511749268,0.5365853905677795,0.5533923208713531,not-published,outputs/phi14b-l1/core_base_1law/seed-904/run_summary.json,not-published,validation,False
microsoft/phi-4,L1,cladder,core_base_1law,905,phi14b-l1:core_base_1law:905,0.6139034032821655,0.6026119589805603,0.6082576811313629,not-published,outputs/phi14b-l1/core_base_1law/seed-905/run_summary.json,not-published,validation,False
microsoft/phi-4,L1,cladder,core_base_1law,906,phi14b-l1:core_base_1law:906,0.5771422386169434,0.5454002618789673,0.5612712502479553,not-published,outputs/phi14b-l1/core_base_1law/seed-906/run_summary.json,not-published,validation,False
microsoft/phi-4,L1,cladder,core_base_1law,907,phi14b-l1:core_base_1law:907,0.639143705368042,0.5942822098731995,0.6167129576206207,not-published,outputs/phi14b-l1/core_base_1law/seed-907/run_summary.json,not-published,validation,False
microsoft/phi-4,L1,cladder,core_base_1law,908,phi14b-l1:core_base_1law:908,0.7590192556381226,0.7198443412780762,0.7394317984580994,not-published,outputs/phi14b-l1/core_base_1law/seed-908/run_summary.json,not-published,validation,False
microsoft/phi-4,L1,cladder,core_base_1law,909,phi14b-l1:core_base_1law:909,0.588838517665863,0.5911458134651184,0.5899921655654907,not-published,outputs/phi14b-l1/core_base_1law/seed-909/run_summary.json,not-published,validation,False
microsoft/phi-4,L1,cladder,core_base_1law,910,phi14b-l1:core_base_1law:910,0.6228355169296265,0.6448717713356018,0.6338536441326141,not-published,outputs/phi14b-l1/core_base_1law/seed-910/run_summary.json,not-published,validation,False
microsoft/phi-4,L1,cladder,core_base_1law,911,phi14b-l1:core_base_1law:911,0.6914518475532532,0.6358885169029236,0.6636701822280884,not-published,outputs/phi14b-l1/core_base_1law/seed-911/run_summary.json,not-published,validation,False
microsoft/phi-4,L1,cladder,core_base_1law,912,phi14b-l1:core_base_1law:912,0.6514254212379456,0.6404761672019958,0.6459507942199707,not-published,outputs/phi14b-l1/core_base_1law/seed-912/run_summary.json,not-published,validation,False
microsoft/phi-4,L1,cladder,core_base_1law,913,phi14b-l1:core_base_1law:913,0.7329942584037781,0.7408223152160645,0.7369082868099213,not-published,outputs/phi14b-l1/core_base_1law/seed-913/run_summary.json,not-published,validation,False
microsoft/phi-4,L1,cladder,core_base_1law,914,phi14b-l1:core_base_1law:914,0.5951151251792908,0.541832685470581,0.5684739053249359,not-published,outputs/phi14b-l1/core_base_1law/seed-914/run_summary.json,not-published,validation,False
microsoft/phi-4,L1,cladder,core_base_1law,915,phi14b-l1:core_base_1law:915,0.6772816777229309,0.6600481271743774,0.6686649024486542,not-published,outputs/phi14b-l1/core_base_1law/seed-915/run_summary.json,not-published,validation,False
microsoft/phi-4,L1,cladder,core_base_1law,916,phi14b-l1:core_base_1law:916,0.7100323438644409,0.6934640407562256,0.7017481923103333,not-published,outputs/phi14b-l1/core_base_1law/seed-916/run_summary.json,not-published,validation,False
microsoft/phi-4,L1,cladder,core_base_1law,917,phi14b-l1:core_base_1law:917,0.6923497319221497,0.607272744178772,0.6498112380504608,not-published,outputs/phi14b-l1/core_base_1law/seed-917/run_summary.json,not-published,validation,False
microsoft/phi-4,L1,cladder,core_base_1law,918,phi14b-l1:core_base_1law:918,0.5559586882591248,0.5792253613471985,0.5675920248031616,not-published,outputs/phi14b-l1/core_base_1law/seed-918/run_summary.json,not-published,validation,False
microsoft/phi-4,L1,cladder,core_base_1law,919,phi14b-l1:core_base_1law:919,0.5737425684928894,0.5875706076622009,0.5806565880775452,not-published,outputs/phi14b-l1/core_base_1law/seed-919/run_summary.json,not-published,validation,False
microsoft/phi-4,L1,cladder,core_base_1law,920,phi14b-l1:core_base_1law:920,0.5699720978736877,0.6099864840507507,0.5899792909622192,not-published,outputs/phi14b-l1/core_base_1law/seed-920/run_summary.json,not-published,validation,False
microsoft/phi-4,L1,cladder,core_full_4law,901,phi14b-l1:core_full_4law:901,0.6102413535118103,0.6529338359832764,0.6315875947475433,not-published,outputs/phi14b-l1/core_full_4law/seed-901/run_summary.json,not-published,validation,False
microsoft/phi-4,L1,cladder,core_full_4law,902,phi14b-l1:core_full_4law:902,0.8072473406791687,0.7399267554283142,0.7735870480537415,not-published,outputs/phi14b-l1/core_full_4law/seed-902/run_summary.json,not-published,validation,False
microsoft/phi-4,L1,cladder,core_full_4law,903,phi14b-l1:core_full_4law:903,0.4598233997821808,0.5522988438606262,0.5060611218214035,not-published,outputs/phi14b-l1/core_full_4law/seed-903/run_summary.json,not-published,validation,False
microsoft/phi-4,L1,cladder,core_full_4law,904,phi14b-l1:core_full_4law:904,0.5574048757553101,0.5376016497612,0.547503262758255,not-published,outputs/phi14b-l1/core_full_4law/seed-904/run_summary.json,not-published,validation,False
microsoft/phi-4,L1,cladder,core_full_4law,905,phi14b-l1:core_full_4law:905,0.6090078353881836,0.56965172290802,0.5893297791481018,not-published,outputs/phi14b-l1/core_full_4law/seed-905/run_summary.json,not-published,validation,False
microsoft/phi-4,L1,cladder,core_full_4law,906,phi14b-l1:core_full_4law:906,0.5882095098495483,0.5280764698982239,0.5581429898738861,not-published,outputs/phi14b-l1/core_full_4law/seed-906/run_summary.json,not-published,validation,False
microsoft/phi-4,L1,cladder,core_full_4law,907,phi14b-l1:core_full_4law:907,0.6367409229278564,0.591849148273468,0.6142950356006622,not-published,outputs/phi14b-l1/core_full_4law/seed-907/run_summary.json,not-published,validation,False
microsoft/phi-4,L1,cladder,core_full_4law,908,phi14b-l1:core_full_4law:908,0.7573990225791931,0.7023346424102783,0.7298668324947357,not-published,outputs/phi14b-l1/core_full_4law/seed-908/run_summary.json,not-published,validation,False
microsoft/phi-4,L1,cladder,core_full_4law,909,phi14b-l1:core_full_4law:909,0.6085923910140991,0.5735676884651184,0.5910800397396088,not-published,outputs/phi14b-l1/core_full_4law/seed-909/run_summary.json,not-published,validation,False
microsoft/phi-4,L1,cladder,core_full_4law,910,phi14b-l1:core_full_4law:910,0.6310606002807617,0.6301282048225403,0.630594402551651,not-published,outputs/phi14b-l1/core_full_4law/seed-910/run_summary.json,not-published,validation,False
microsoft/phi-4,L1,cladder,core_full_4law,911,phi14b-l1:core_full_4law:911,0.6964089274406433,0.65389084815979,0.6751498878002167,not-published,outputs/phi14b-l1/core_full_4law/seed-911/run_summary.json,not-published,validation,False
microsoft/phi-4,L1,cladder,core_full_4law,912,phi14b-l1:core_full_4law:912,0.6496710777282715,0.6345238089561462,0.6420974433422089,not-published,outputs/phi14b-l1/core_full_4law/seed-912/run_summary.json,not-published,validation,False
microsoft/phi-4,L1,cladder,core_full_4law,913,phi14b-l1:core_full_4law:913,0.7296037077903748,0.7320117354393005,0.7308077216148376,not-published,outputs/phi14b-l1/core_full_4law/seed-913/run_summary.json,not-published,validation,False
microsoft/phi-4,L1,cladder,core_full_4law,914,phi14b-l1:core_full_4law:914,0.5902733206748962,0.5498008131980896,0.5700370669364929,not-published,outputs/phi14b-l1/core_full_4law/seed-914/run_summary.json,not-published,validation,False
microsoft/phi-4,L1,cladder,core_full_4law,915,phi14b-l1:core_full_4law:915,0.6692930459976196,0.6425992846488953,0.6559461653232574,not-published,outputs/phi14b-l1/core_full_4law/seed-915/run_summary.json,not-published,validation,False
microsoft/phi-4,L1,cladder,core_full_4law,916,phi14b-l1:core_full_4law:916,0.7135922312736511,0.6836601495742798,0.6986261904239655,not-published,outputs/phi14b-l1/core_full_4law/seed-916/run_summary.json,not-published,validation,False
microsoft/phi-4,L1,cladder,core_full_4law,917,phi14b-l1:core_full_4law:917,0.6850273013114929,0.6115151643753052,0.648271232843399,not-published,outputs/phi14b-l1/core_full_4law/seed-917/run_summary.json,not-published,validation,False
microsoft/phi-4,L1,cladder,core_full_4law,918,phi14b-l1:core_full_4law:918,0.5579375624656677,0.5751173496246338,0.5665274560451508,not-published,outputs/phi14b-l1/core_full_4law/seed-918/run_summary.json,not-published,validation,False
microsoft/phi-4,L1,cladder,core_full_4law,919,phi14b-l1:core_full_4law:919,0.583759605884552,0.5783898234367371,0.5810747146606445,not-published,outputs/phi14b-l1/core_full_4law/seed-919/run_summary.json,not-published,validation,False
microsoft/phi-4,L1,cladder,core_full_4law,920,phi14b-l1:core_full_4law:920,0.5780210494995117,0.6039136052131653,0.5909673273563385,not-published,outputs/phi14b-l1/core_full_4law/seed-920/run_summary.json,not-published,validation,False
microsoft/phi-4,L1,cladder,core_i_3law,901,phi14b-l1:core_i_3law:901,0.613285481929779,0.6485642790794373,0.6309248805046082,not-published,outputs/phi14b-l1/core_i_3law/seed-901/run_summary.json,not-published,validation,False
microsoft/phi-4,L1,cladder,core_i_3law,902,phi14b-l1:core_i_3law:902,0.827221155166626,0.742368757724762,0.784794956445694,not-published,outputs/phi14b-l1/core_i_3law/seed-902/run_summary.json,not-published,validation,False
microsoft/phi-4,L1,cladder,core_i_3law,903,phi14b-l1:core_i_3law:903,0.4551876485347748,0.5557471513748169,0.5054673999547958,not-published,outputs/phi14b-l1/core_i_3law/seed-903/run_summary.json,not-published,validation,False
microsoft/phi-4,L1,cladder,core_i_3law,904,phi14b-l1:core_i_3law:904,0.5671421885490417,0.5294715166091919,0.5483068525791168,not-published,outputs/phi14b-l1/core_i_3law/seed-904/run_summary.json,not-published,validation,False
microsoft/phi-4,L1,cladder,core_i_3law,905,phi14b-l1:core_i_3law:905,0.6106396913528442,0.5976368188858032,0.6041382551193237,not-published,outputs/phi14b-l1/core_i_3law/seed-905/run_summary.json,not-published,validation,False
microsoft/phi-4,L1,cladder,core_i_3law,906,phi14b-l1:core_i_3law:906,0.5901818871498108,0.5304659605026245,0.5603239238262177,not-published,outputs/phi14b-l1/core_i_3law/seed-906/run_summary.json,not-published,validation,False
microsoft/phi-4,L1,cladder,core_i_3law,907,phi14b-l1:core_i_3law:907,0.645478367805481,0.5900243520736694,0.6177513599395752,not-published,outputs/phi14b-l1/core_i_3law/seed-907/run_summary.json,not-published,validation,False
microsoft/phi-4,L1,cladder,core_i_3law,908,phi14b-l1:core_i_3law:908,0.7623676657676697,0.7243838906288147,0.7433757781982422,not-published,outputs/phi14b-l1/core_i_3law/seed-908/run_summary.json,not-published,validation,False
microsoft/phi-4,L1,cladder,core_i_3law,909,phi14b-l1:core_i_3law:909,0.5900259017944336,0.591796875,0.5909113883972168,not-published,outputs/phi14b-l1/core_i_3law/seed-909/run_summary.json,not-published,validation,False
microsoft/phi-4,L1,cladder,core_i_3law,910,phi14b-l1:core_i_3law:910,0.6239177584648132,0.6499999761581421,0.6369588673114777,not-published,outputs/phi14b-l1/core_i_3law/seed-910/run_summary.json,not-published,validation,False
microsoft/phi-4,L1,cladder,core_i_3law,911,phi14b-l1:core_i_3law:911,0.695747971534729,0.6492450833320618,0.6724965274333954,not-published,outputs/phi14b-l1/core_i_3law/seed-911/run_summary.json,not-published,validation,False
microsoft/phi-4,L1,cladder,core_i_3law,912,phi14b-l1:core_i_3law:912,0.6576754450798035,0.6321428418159485,0.644909143447876,not-published,outputs/phi14b-l1/core_i_3law/seed-912/run_summary.json,not-published,validation,False
microsoft/phi-4,L1,cladder,core_i_3law,913,phi14b-l1:core_i_3law:913,0.7322525978088379,0.7349485754966736,0.7336005866527557,not-published,outputs/phi14b-l1/core_i_3law/seed-913/run_summary.json,not-published,validation,False
microsoft/phi-4,L1,cladder,core_i_3law,914,phi14b-l1:core_i_3law:914,0.6000645756721497,0.555112898349762,0.5775887370109558,not-published,outputs/phi14b-l1/core_i_3law/seed-914/run_summary.json,not-published,validation,False
microsoft/phi-4,L1,cladder,core_i_3law,915,phi14b-l1:core_i_3law:915,0.6744363903999329,0.6516245603561401,0.6630304753780365,not-published,outputs/phi14b-l1/core_i_3law/seed-915/run_summary.json,not-published,validation,False
microsoft/phi-4,L1,cladder,core_i_3law,916,phi14b-l1:core_i_3law:916,0.7131607532501221,0.6888889074325562,0.7010248303413391,not-published,outputs/phi14b-l1/core_i_3law/seed-916/run_summary.json,not-published,validation,False
microsoft/phi-4,L1,cladder,core_i_3law,917,phi14b-l1:core_i_3law:917,0.6901639103889465,0.6139394044876099,0.6520516574382782,not-published,outputs/phi14b-l1/core_i_3law/seed-917/run_summary.json,not-published,validation,False
microsoft/phi-4,L1,cladder,core_i_3law,918,phi14b-l1:core_i_3law:918,0.5566182732582092,0.577464759349823,0.5670415163040161,not-published,outputs/phi14b-l1/core_i_3law/seed-918/run_summary.json,not-published,validation,False
microsoft/phi-4,L1,cladder,core_i_3law,919,phi14b-l1:core_i_3law:919,0.5778985619544983,0.6002824902534485,0.5890905261039734,not-published,outputs/phi14b-l1/core_i_3law/seed-919/run_summary.json,not-published,validation,False
microsoft/phi-4,L1,cladder,core_i_3law,920,phi14b-l1:core_i_3law:920,0.5774844288825989,0.6099864840507507,0.5937354564666748,not-published,outputs/phi14b-l1/core_i_3law/seed-920/run_summary.json,not-published,validation,False
microsoft/phi-4,L1,cladder,do_everything,901,phi14b-l1:do_everything:901,0.5136986374855042,0.5156055092811584,0.5146520733833313,not-published,outputs/phi14b-l1/do_everything/seed-901/run_summary.json,not-published,validation,False
microsoft/phi-4,L1,cladder,do_everything,902,phi14b-l1:do_everything:902,0.7421960234642029,0.48473748564720154,0.6134667545557022,not-published,outputs/phi14b-l1/do_everything/seed-902/run_summary.json,not-published,validation,False
microsoft/phi-4,L1,cladder,do_everything,903,phi14b-l1:do_everything:903,0.438300222158432,0.5224137902259827,0.48035700619220734,not-published,outputs/phi14b-l1/do_everything/seed-903/run_summary.json,not-published,validation,False
microsoft/phi-4,L1,cladder,do_everything,904,phi14b-l1:do_everything:904,0.5226449370384216,0.5467479825019836,0.5346964597702026,not-published,outputs/phi14b-l1/do_everything/seed-904/run_summary.json,not-published,validation,False
microsoft/phi-4,L1,cladder,do_everything,905,phi14b-l1:do_everything:905,0.5791993141174316,0.4863184094429016,0.5327588617801666,not-published,outputs/phi14b-l1/do_everything/seed-905/run_summary.json,not-published,validation,False
microsoft/phi-4,L1,cladder,do_everything,906,phi14b-l1:do_everything:906,0.5369274616241455,0.479092001914978,0.5080097317695618,not-published,outputs/phi14b-l1/do_everything/seed-906/run_summary.json,not-published,validation,False
microsoft/phi-4,L1,cladder,do_everything,907,phi14b-l1:do_everything:907,0.5757973194122314,0.4343065619468689,0.5050519406795502,not-published,outputs/phi14b-l1/do_everything/seed-907/run_summary.json,not-published,validation,False
microsoft/phi-4,L1,cladder,do_everything,908,phi14b-l1:do_everything:908,0.758263111114502,0.49092087149620056,0.6245919913053513,not-published,outputs/phi14b-l1/do_everything/seed-908/run_summary.json,not-published,validation,False
microsoft/phi-4,L1,cladder,do_everything,909,phi14b-l1:do_everything:909,0.596826434135437,0.5703125,0.5835694670677185,not-published,outputs/phi14b-l1/do_everything/seed-909/run_summary.json,not-published,validation,False
microsoft/phi-4,L1,cladder,do_everything,910,phi14b-l1:do_everything:910,0.5897186398506165,0.4929487109184265,0.5413336753845215,not-published,outputs/phi14b-l1/do_everything/seed-910/run_summary.json,not-published,validation,False
microsoft/phi-4,L1,cladder,do_everything,911,phi14b-l1:do_everything:911,0.6752588748931885,0.4849012792110443,0.5800800770521164,not-published,outputs/phi14b-l1/do_everything/seed-911/run_summary.json,not-published,validation,False
microsoft/phi-4,L1,cladder,do_everything,912,phi14b-l1:do_everything:912,0.585745632648468,0.5202381014823914,0.5529918670654297,not-published,outputs/phi14b-l1/do_everything/seed-912/run_summary.json,not-published,validation,False
microsoft/phi-4,L1,cladder,do_everything,913,phi14b-l1:do_everything:913,0.6421911716461182,0.492657870054245,0.5674245208501816,not-published,outputs/phi14b-l1/do_everything/seed-913/run_summary.json,not-published,validation,False
microsoft/phi-4,L1,cladder,do_everything,914,phi14b-l1:do_everything:914,0.5719819068908691,0.5059760808944702,0.5389789938926697,not-published,outputs/phi14b-l1/do_everything/seed-914/run_summary.json,not-published,validation,False
microsoft/phi-4,L1,cladder,do_everything,915,phi14b-l1:do_everything:915,0.602210521697998,0.4891696870326996,0.5456901043653488,not-published,outputs/phi14b-l1/do_everything/seed-915/run_summary.json,not-published,validation,False
microsoft/phi-4,L1,cladder,do_everything,916,phi14b-l1:do_everything:916,0.668069064617157,0.43071895837783813,0.5493940114974976,not-published,outputs/phi14b-l1/do_everything/seed-916/run_summary.json,not-published,validation,False
microsoft/phi-4,L1,cladder,do_everything,917,phi14b-l1:do_everything:917,0.660109281539917,0.48848485946655273,0.5742970705032349,not-published,outputs/phi14b-l1/do_everything/seed-917/run_summary.json,not-published,validation,False
microsoft/phi-4,L1,cladder,do_everything,918,phi14b-l1:do_everything:918,0.4987906813621521,0.5046948194503784,0.5017427504062653,not-published,outputs/phi14b-l1/do_everything/seed-918/run_summary.json,not-published,validation,False
microsoft/phi-4,L1,cladder,do_everything,919,phi14b-l1:do_everything:919,0.560528576374054,0.5028248429298401,0.531676709651947,not-published,outputs/phi14b-l1/do_everything/seed-919/run_summary.json,not-published,validation,False
microsoft/phi-4,L1,cladder,do_everything,920,phi14b-l1:do_everything:920,0.5284395813941956,0.5236167311668396,0.5260281562805176,not-published,outputs/phi14b-l1/do_everything/seed-920/run_summary.json,not-published,validation,False
microsoft/phi-4,L1,cladder,do_nothing,901,phi14b-l1:do_nothing:901,0.5450097918510437,0.533707857131958,0.5393588244915009,not-published,outputs/phi14b-l1/do_nothing/seed-901/run_summary.json,not-published,validation,False
microsoft/phi-4,L1,cladder,do_nothing,902,phi14b-l1:do_nothing:902,0.7664265632629395,0.37851038575172424,0.5724684745073318,not-published,outputs/phi14b-l1/do_nothing/seed-902/run_summary.json,not-published,validation,False
microsoft/phi-4,L1,cladder,do_nothing,903,phi14b-l1:do_nothing:903,0.4171081781387329,0.5511494278907776,0.48412880301475525,not-published,outputs/phi14b-l1/do_nothing/seed-903/run_summary.json,not-published,validation,False
microsoft/phi-4,L1,cladder,do_nothing,904,phi14b-l1:do_nothing:904,0.5805026888847351,0.46493902802467346,0.5227208584547043,not-published,outputs/phi14b-l1/do_nothing/seed-904/run_summary.json,not-published,validation,False
microsoft/phi-4,L1,cladder,do_nothing,905,phi14b-l1:do_nothing:905,0.557658851146698,0.5310945510864258,0.5443767011165619,not-published,outputs/phi14b-l1/do_nothing/seed-905/run_summary.json,not-published,validation,False
microsoft/phi-4,L1,cladder,do_nothing,906,phi14b-l1:do_nothing:906,0.5364891290664673,0.5555555820465088,0.546022355556488,not-published,outputs/phi14b-l1/do_nothing/seed-906/run_summary.json,not-published,validation,False
microsoft/phi-4,L1,cladder,do_nothing,907,phi14b-l1:do_nothing:907,0.5707732439041138,0.4562043845653534,0.5134888142347336,not-published,outputs/phi14b-l1/do_nothing/seed-907/run_summary.json,not-published,validation,False
microsoft/phi-4,L1,cladder,do_nothing,908,phi14b-l1:do_nothing:908,0.7717649340629578,0.3417639434337616,0.5567644387483597,not-published,outputs/phi14b-l1/do_nothing/seed-908/run_summary.json,not-published,validation,False
microsoft/phi-4,L1,cladder,do_nothing,909,phi14b-l1:do_nothing:909,0.581282377243042,0.482421875,0.531852126121521,not-published,outputs/phi14b-l1/do_nothing/seed-909/run_summary.json,not-published,validation,False
microsoft/phi-4,L1,cladder,do_nothing,910,phi14b-l1:do_nothing:910,0.555627703666687,0.521794855594635,0.538711279630661,not-published,outputs/phi14b-l1/do_nothing/seed-910/run_summary.json,not-published,validation,False
microsoft/phi-4,L1,cladder,do_nothing,911,phi14b-l1:do_nothing:911,0.6911213994026184,0.42740997672080994,0.5592656880617142,not-published,outputs/phi14b-l1/do_nothing/seed-911/run_summary.json,not-published,validation,False
microsoft/phi-4,L1,cladder,do_nothing,912,phi14b-l1:do_nothing:912,0.6217105388641357,0.4464285671710968,0.5340695530176163,not-published,outputs/phi14b-l1/do_nothing/seed-912/run_summary.json,not-published,validation,False
microsoft/phi-4,L1,cladder,do_nothing,913,phi14b-l1:do_nothing:913,0.6247086524963379,0.4831130802631378,0.5539108663797379,not-published,outputs/phi14b-l1/do_nothing/seed-913/run_summary.json,not-published,validation,False
microsoft/phi-4,L1,cladder,do_nothing,914,phi14b-l1:do_nothing:914,0.5936087965965271,0.48007968068122864,0.5368442386388779,not-published,outputs/phi14b-l1/do_nothing/seed-914/run_summary.json,not-published,validation,False
microsoft/phi-4,L1,cladder,do_nothing,915,phi14b-l1:do_nothing:915,0.6360253691673279,0.4536702632904053,0.5448478162288666,not-published,outputs/phi14b-l1/do_nothing/seed-915/run_summary.json,not-published,validation,False
microsoft/phi-4,L1,cladder,do_nothing,916,phi14b-l1:do_nothing:916,0.6952534914016724,0.34967321157455444,0.5224633514881134,not-published,outputs/phi14b-l1/do_nothing/seed-916/run_summary.json,not-published,validation,False
microsoft/phi-4,L1,cladder,do_nothing,917,phi14b-l1:do_nothing:917,0.6511475443840027,0.5018181800842285,0.5764828622341156,not-published,outputs/phi14b-l1/do_nothing/seed-917/run_summary.json,not-published,validation,False
microsoft/phi-4,L1,cladder,do_nothing,918,phi14b-l1:do_nothing:918,0.522097647190094,0.5123239159584045,0.5172107815742493,not-published,outputs/phi14b-l1/do_nothing/seed-918/run_summary.json,not-published,validation,False
microsoft/phi-4,L1,cladder,do_nothing,919,phi14b-l1:do_nothing:919,0.5954816937446594,0.4548022747039795,0.5251419842243195,not-published,outputs/phi14b-l1/do_nothing/seed-919/run_summary.json,not-published,validation,False
microsoft/phi-4,L1,cladder,do_nothing,920,phi14b-l1:do_nothing:920,0.5794161558151245,0.4730094373226166,0.5262127965688705,not-published,outputs/phi14b-l1/do_nothing/seed-920/run_summary.json,not-published,validation,False
microsoft/phi-4,L1,cladder,random_init,901,phi14b-l1:random_init:901,0.5453359484672546,0.5355805158615112,0.5404582321643829,not-published,outputs/phi14b-l1/random_init/seed-901/run_summary.json,not-published,validation,False
microsoft/phi-4,L1,cladder,random_init,902,phi14b-l1:random_init:902,0.7460161447525024,0.410866916179657,0.5784415304660797,not-published,outputs/phi14b-l1/random_init/seed-902/run_summary.json,not-published,validation,False
microsoft/phi-4,L1,cladder,random_init,903,phi14b-l1:random_init:903,0.39326709508895874,0.5994253158569336,0.49634620547294617,not-published,outputs/phi14b-l1/random_init/seed-903/run_summary.json,not-published,validation,False
microsoft/phi-4,L1,cladder,random_init,904,phi14b-l1:random_init:904,0.5435914993286133,0.5127032399177551,0.5281473696231842,not-published,outputs/phi14b-l1/random_init/seed-904/run_summary.json,not-published,validation,False
microsoft/phi-4,L1,cladder,random_init,905,phi14b-l1:random_init:905,0.5827893614768982,0.4881840944290161,0.5354867279529572,not-published,outputs/phi14b-l1/random_init/seed-905/run_summary.json,not-published,validation,False
microsoft/phi-4,L1,cladder,random_init,906,phi14b-l1:random_init:906,0.5365987420082092,0.5561529397964478,0.5463758409023285,not-published,outputs/phi14b-l1/random_init/seed-906/run_summary.json,not-published,validation,False
microsoft/phi-4,L1,cladder,random_init,907,phi14b-l1:random_init:907,0.5866098999977112,0.43491482734680176,0.5107623636722565,not-published,outputs/phi14b-l1/random_init/seed-907/run_summary.json,not-published,validation,False
microsoft/phi-4,L1,cladder,random_init,908,phi14b-l1:random_init:908,0.7625837326049805,0.364461749792099,0.5635227411985397,not-published,outputs/phi14b-l1/random_init/seed-908/run_summary.json,not-published,validation,False
microsoft/phi-4,L1,cladder,random_init,909,phi14b-l1:random_init:909,0.6159326434135437,0.41796875,0.5169506967067719,not-published,outputs/phi14b-l1/random_init/seed-909/run_summary.json,not-published,validation,False
microsoft/phi-4,L1,cladder,random_init,910,phi14b-l1:random_init:910,0.569372296333313,0.48782050609588623,0.5285964012145996,not-published,outputs/phi14b-l1/random_init/seed-910/run_summary.json,not-published,validation,False
microsoft/phi-4,L1,cladder,random_init,911,phi14b-l1:random_init:911,0.6917823553085327,0.43089431524276733,0.56133833527565,not-published,outputs/phi14b-l1/random_init/seed-911/run_summary.json,not-published,validation,False
microsoft/phi-4,L1,cladder,random_init,912,phi14b-l1:random_init:912,0.6423245668411255,0.4154762029647827,0.5289003849029541,not-published,outputs/phi14b-l1/random_init/seed-912/run_summary.json,not-published,validation,False
microsoft/phi-4,L1,cladder,random_init,913,phi14b-l1:random_init:913,0.6394363045692444,0.45301029086112976,0.5462232977151871,not-published,outputs/phi14b-l1/random_init/seed-913/run_summary.json,not-published,validation,False
microsoft/phi-4,L1,cladder,random_init,914,phi14b-l1:random_init:914,0.5771465301513672,0.49800798296928406,0.5375772565603256,not-published,outputs/phi14b-l1/random_init/seed-914/run_summary.json,not-published,validation,False
microsoft/phi-4,L1,cladder,random_init,915,phi14b-l1:random_init:915,0.6355876326560974,0.45126354694366455,0.543425589799881,not-published,outputs/phi14b-l1/random_init/seed-915/run_summary.json,not-published,validation,False
microsoft/phi-4,L1,cladder,random_init,916,phi14b-l1:random_init:916,0.6797195076942444,0.3732026219367981,0.5264610648155212,not-published,outputs/phi14b-l1/random_init/seed-916/run_summary.json,not-published,validation,False
microsoft/phi-4,L1,cladder,random_init,917,phi14b-l1:random_init:917,0.6617486476898193,0.48787879943847656,0.574813723564148,not-published,outputs/phi14b-l1/random_init/seed-917/run_summary.json,not-published,validation,False
microsoft/phi-4,L1,cladder,random_init,918,phi14b-l1:random_init:918,0.5127528309822083,0.5328638553619385,0.5228083431720734,not-published,outputs/phi14b-l1/random_init/seed-918/run_summary.json,not-published,validation,False
microsoft/phi-4,L1,cladder,random_init,919,phi14b-l1:random_init:919,0.5896206498146057,0.4583333432674408,0.5239769965410233,not-published,outputs/phi14b-l1/random_init/seed-919/run_summary.json,not-published,validation,False
microsoft/phi-4,L1,cladder,random_init,920,phi14b-l1:random_init:920,0.5531229972839355,0.5101214647293091,0.5316222310066223,not-published,outputs/phi14b-l1/random_init/seed-920/run_summary.json,not-published,validation,False
microsoft/phi-4,L2,cladder,drop_commutation,921,phi14b-l2:drop_commutation:921,0.608066976070404,0.6498127579689026,0.6289398670196533,not-published,outputs/phi14b-l2/drop_commutation/seed-921/run_summary.json,not-published,validation,False
microsoft/phi-4,L2,cladder,drop_commutation,922,phi14b-l2:drop_commutation:922,0.8301680684089661,0.7496947646141052,0.7899314165115356,not-published,outputs/phi14b-l2/drop_commutation/seed-922/run_summary.json,not-published,validation,False
microsoft/phi-4,L2,cladder,drop_commutation,923,phi14b-l2:drop_commutation:923,0.4610375165939331,0.548275887966156,0.5046567022800446,not-published,outputs/phi14b-l2/drop_commutation/seed-923/run_summary.json,not-published,validation,False
microsoft/phi-4,L2,cladder,drop_commutation,924,phi14b-l2:drop_commutation:924,0.5637454986572266,0.5304877758026123,0.5471166372299194,not-published,outputs/phi14b-l2/drop_commutation/seed-924/run_summary.json,not-published,validation,False
microsoft/phi-4,L2,cladder,drop_commutation,925,phi14b-l2:drop_commutation:925,0.6261966824531555,0.5845771431922913,0.6053869128227234,not-published,outputs/phi14b-l2/drop_commutation/seed-925/run_summary.json,not-published,validation,False
microsoft/phi-4,L2,cladder,drop_commutation,926,phi14b-l2:drop_commutation:926,0.5799912214279175,0.5358422994613647,0.5579167604446411,not-published,outputs/phi14b-l2/drop_commutation/seed-926/run_summary.json,not-published,validation,False
microsoft/phi-4,L2,cladder,drop_commutation,927,phi14b-l2:drop_commutation:927,0.6307339668273926,0.5851581692695618,0.6079460680484772,not-published,outputs/phi14b-l2/drop_commutation/seed-927/run_summary.json,not-published,validation,False
microsoft/phi-4,L2,cladder,drop_commutation,928,phi14b-l2:drop_commutation:928,0.7437891364097595,0.7146562933921814,0.7292227149009705,not-published,outputs/phi14b-l2/drop_commutation/seed-928/run_summary.json,not-published,validation,False
microsoft/phi-4,L2,cladder,drop_commutation,929,phi14b-l2:drop_commutation:929,0.5946675539016724,0.59375,0.5942087769508362,not-published,outputs/phi14b-l2/drop_commutation/seed-929/run_summary.json,not-published,validation,False
microsoft/phi-4,L2,cladder,drop_commutation,930,phi14b-l2:drop_commutation:930,0.6156926155090332,0.6397435665130615,0.6277180910110474,not-published,outputs/phi14b-l2/drop_commutation/seed-930/run_summary.json,not-published,validation,False
microsoft/phi-4,L2,cladder,drop_commutation,931,phi14b-l2:drop_commutation:931,0.7007049918174744,0.6562137007713318,0.6784593462944031,not-published,outputs/phi14b-l2/drop_commutation/seed-931/run_summary.json,not-published,validation,False
microsoft/phi-4,L2,cladder,drop_commutation,932,phi14b-l2:drop_commutation:932,0.6415570378303528,0.6458333134651184,0.6436951756477356,not-published,outputs/phi14b-l2/drop_commutation/seed-932/run_summary.json,not-published,validation,False
microsoft/phi-4,L2,cladder,drop_commutation,933,phi14b-l2:drop_commutation:933,0.740411102771759,0.7466960549354553,0.7435535788536072,not-published,outputs/phi14b-l2/drop_commutation/seed-933/run_summary.json,not-published,validation,False
microsoft/phi-4,L2,cladder,drop_commutation,934,phi14b-l2:drop_commutation:934,0.5928556323051453,0.5444887280464172,0.5686721801757812,not-published,outputs/phi14b-l2/drop_commutation/seed-934/run_summary.json,not-published,validation,False
microsoft/phi-4,L2,cladder,drop_commutation,935,phi14b-l2:drop_commutation:935,0.6677610278129578,0.6353790760040283,0.651570051908493,not-published,outputs/phi14b-l2/drop_commutation/seed-935/run_summary.json,not-published,validation,False
microsoft/phi-4,L2,cladder,drop_commutation,936,phi14b-l2:drop_commutation:936,0.7237324714660645,0.6901960968971252,0.7069642841815948,not-published,outputs/phi14b-l2/drop_commutation/seed-936/run_summary.json,not-published,validation,False
microsoft/phi-4,L2,cladder,drop_commutation,937,phi14b-l2:drop_commutation:937,0.6857923269271851,0.6121212244033813,0.6489567756652832,not-published,outputs/phi14b-l2/drop_commutation/seed-937/run_summary.json,not-published,validation,False
microsoft/phi-4,L2,cladder,drop_commutation,938,phi14b-l2:drop_commutation:938,0.5621151924133301,0.579812228679657,0.5709637105464935,not-published,outputs/phi14b-l2/drop_commutation/seed-938/run_summary.json,not-published,validation,False
microsoft/phi-4,L2,cladder,drop_commutation,939,phi14b-l2:drop_commutation:939,0.5699062347412109,0.5875706076622009,0.5787384212017059,not-published,outputs/phi14b-l2/drop_commutation/seed-939/run_summary.json,not-published,validation,False
microsoft/phi-4,L2,cladder,drop_commutation,940,phi14b-l2:drop_commutation:940,0.5697574615478516,0.6039136052131653,0.5868355333805084,not-published,outputs/phi14b-l2/drop_commutation/seed-940/run_summary.json,not-published,validation,False
microsoft/phi-4,L2,cladder,drop_idempotence,921,phi14b-l2:drop_idempotence:921,0.6087192893028259,0.6541822552680969,0.6314507722854614,not-published,outputs/phi14b-l2/drop_idempotence/seed-921/run_summary.json,not-published,validation,False
microsoft/phi-4,L2,cladder,drop_idempotence,922,phi14b-l2:drop_idempotence:922,0.8225278258323669,0.7539682388305664,0.7882480323314667,not-published,outputs/phi14b-l2/drop_idempotence/seed-922/run_summary.json,not-published,validation,False
microsoft/phi-4,L2,cladder,drop_idempotence,923,phi14b-l2:drop_idempotence:923,0.46092715859413147,0.5528735518455505,0.506900355219841,not-published,outputs/phi14b-l2/drop_idempotence/seed-923/run_summary.json,not-published,validation,False
microsoft/phi-4,L2,cladder,drop_idempotence,924,phi14b-l2:drop_idempotence:924,0.5598958134651184,0.5340447425842285,0.5469702780246735,not-published,outputs/phi14b-l2/drop_idempotence/seed-924/run_summary.json,not-published,validation,False
microsoft/phi-4,L2,cladder,drop_idempotence,925,phi14b-l2:drop_idempotence:925,0.622389018535614,0.5802238583564758,0.6013064384460449,not-published,outputs/phi14b-l2/drop_idempotence/seed-925/run_summary.json,not-published,validation,False
microsoft/phi-4,L2,cladder,drop_idempotence,926,phi14b-l2:drop_idempotence:926,0.5759368538856506,0.5352449417114258,0.5555908977985382,not-published,outputs/phi14b-l2/drop_idempotence/seed-926/run_summary.json,not-published,validation,False
microsoft/phi-4,L2,cladder,drop_idempotence,927,phi14b-l2:drop_idempotence:927,0.6344473361968994,0.580900251865387,0.6076737940311432,not-published,outputs/phi14b-l2/drop_idempotence/seed-927/run_summary.json,not-published,validation,False
microsoft/phi-4,L2,cladder,drop_idempotence,928,phi14b-l2:drop_idempotence:928,0.7402246594429016,0.7114137411117554,0.7258192002773285,not-published,outputs/phi14b-l2/drop_idempotence/seed-928/run_summary.json,not-published,validation,False
microsoft/phi-4,L2,cladder,drop_idempotence,929,phi14b-l2:drop_idempotence:929,0.5960708260536194,0.5755208134651184,0.5857958197593689,not-published,outputs/phi14b-l2/drop_idempotence/seed-929/run_summary.json,not-published,validation,False
microsoft/phi-4,L2,cladder,drop_idempotence,930,phi14b-l2:drop_idempotence:930,0.6120129823684692,0.6301282048225403,0.6210705935955048,not-published,outputs/phi14b-l2/drop_idempotence/seed-930/run_summary.json,not-published,validation,False
microsoft/phi-4,L2,cladder,drop_idempotence,931,phi14b-l2:drop_idempotence:931,0.7018065452575684,0.6579558849334717,0.67988121509552,not-published,outputs/phi14b-l2/drop_idempotence/seed-931/run_summary.json,not-published,validation,False
microsoft/phi-4,L2,cladder,drop_idempotence,932,phi14b-l2:drop_idempotence:932,0.6429824829101562,0.6416666507720947,0.6423245668411255,not-published,outputs/phi14b-l2/drop_idempotence/seed-932/run_summary.json,not-published,validation,False
microsoft/phi-4,L2,cladder,drop_idempotence,933,phi14b-l2:drop_idempotence:933,0.7360669374465942,0.7371512651443481,0.7366091012954712,not-published,outputs/phi14b-l2/drop_idempotence/seed-933/run_summary.json,not-published,validation,False
microsoft/phi-4,L2,cladder,drop_idempotence,934,phi14b-l2:drop_idempotence:934,0.5911340713500977,0.5405046343803406,0.5658193528652191,not-published,outputs/phi14b-l2/drop_idempotence/seed-934/run_summary.json,not-published,validation,False
microsoft/phi-4,L2,cladder,drop_idempotence,935,phi14b-l2:drop_idempotence:935,0.6643685698509216,0.6432009339332581,0.6537847518920898,not-published,outputs/phi14b-l2/drop_idempotence/seed-935/run_summary.json,not-published,validation,False
microsoft/phi-4,L2,cladder,drop_idempotence,936,phi14b-l2:drop_idempotence:936,0.7231931090354919,0.6869280934333801,0.705060601234436,not-published,outputs/phi14b-l2/drop_idempotence/seed-936/run_summary.json,not-published,validation,False
microsoft/phi-4,L2,cladder,drop_idempotence,937,phi14b-l2:drop_idempotence:937,0.6813114881515503,0.6084848642349243,0.6448981761932373,not-published,outputs/phi14b-l2/drop_idempotence/seed-937/run_summary.json,not-published,validation,False
microsoft/phi-4,L2,cladder,drop_idempotence,938,phi14b-l2:drop_idempotence:938,0.5594766736030579,0.5815727710723877,0.5705247223377228,not-published,outputs/phi14b-l2/drop_idempotence/seed-938/run_summary.json,not-published,validation,False
microsoft/phi-4,L2,cladder,drop_idempotence,939,phi14b-l2:drop_idempotence:939,0.5725703239440918,0.5833333134651184,0.5779518187046051,not-published,outputs/phi14b-l2/drop_idempotence/seed-939/run_summary.json,not-published,validation,False
microsoft/phi-4,L2,cladder,drop_idempotence,940,phi14b-l2:drop_idempotence:940,0.5708306431770325,0.6066126823425293,0.5887216627597809,not-published,outputs/phi14b-l2/drop_idempotence/seed-940/run_summary.json,not-published,validation,False
microsoft/phi-4,L2,cladder,drop_identity,921,phi14b-l2:drop_identity:921,0.6042618155479431,0.6554307341575623,0.6298462748527527,not-published,outputs/phi14b-l2/drop_identity/seed-921/run_summary.json,not-published,validation,False
microsoft/phi-4,L2,cladder,drop_identity,922,phi14b-l2:drop_identity:922,0.8246015906333923,0.7515262365341187,0.7880639135837555,not-published,outputs/phi14b-l2/drop_identity/seed-922/run_summary.json,not-published,validation,False
microsoft/phi-4,L2,cladder,drop_identity,923,phi14b-l2:drop_identity:923,0.45894038677215576,0.5528735518455505,0.5059069693088531,not-published,outputs/phi14b-l2/drop_identity/seed-923/run_summary.json,not-published,validation,False
microsoft/phi-4,L2,cladder,drop_identity,924,phi14b-l2:drop_identity:924,0.5622735619544983,0.5325203537940979,0.5473969578742981,not-published,outputs/phi14b-l2/drop_identity/seed-924/run_summary.json,not-published,validation,False
microsoft/phi-4,L2,cladder,drop_identity,925,phi14b-l2:drop_identity:925,0.6156440377235413,0.5777363181114197,0.5966901779174805,not-published,outputs/phi14b-l2/drop_identity/seed-925/run_summary.json,not-published,validation,False
microsoft/phi-4,L2,cladder,drop_identity,926,phi14b-l2:drop_identity:926,0.5756081342697144,0.5322580933570862,0.5539331138134003,not-published,outputs/phi14b-l2/drop_identity/seed-926/run_summary.json,not-published,validation,False
microsoft/phi-4,L2,cladder,drop_identity,927,phi14b-l2:drop_identity:927,0.619702935218811,0.6040145754814148,0.6118587553501129,not-published,outputs/phi14b-l2/drop_identity/seed-927/run_summary.json,not-published,validation,False
microsoft/phi-4,L2,cladder,drop_identity,928,phi14b-l2:drop_identity:928,0.7367681860923767,0.7127107381820679,0.7247394621372223,not-published,outputs/phi14b-l2/drop_identity/seed-928/run_summary.json,not-published,validation,False
microsoft/phi-4,L2,cladder,drop_identity,929,phi14b-l2:drop_identity:929,0.6016839146614075,0.5865885615348816,0.5941362380981445,not-published,outputs/phi14b-l2/drop_identity/seed-929/run_summary.json,not-published,validation,False
microsoft/phi-4,L2,cladder,drop_identity,930,phi14b-l2:drop_identity:930,0.6108224987983704,0.6397435665130615,0.6252830326557159,not-published,outputs/phi14b-l2/drop_identity/seed-930/run_summary.json,not-published,validation,False
microsoft/phi-4,L2,cladder,drop_identity,931,phi14b-l2:drop_identity:931,0.6967393755912781,0.6602787375450134,0.6785090565681458,not-published,outputs/phi14b-l2/drop_identity/seed-931/run_summary.json,not-published,validation,False
microsoft/phi-4,L2,cladder,drop_identity,932,phi14b-l2:drop_identity:932,0.6453947424888611,0.6410714387893677,0.6432330906391144,not-published,outputs/phi14b-l2/drop_identity/seed-932/run_summary.json,not-published,validation,False
microsoft/phi-4,L2,cladder,drop_identity,933,phi14b-l2:drop_identity:933,0.7293918132781982,0.7320117354393005,0.7307017743587494,not-published,outputs/phi14b-l2/drop_identity/seed-933/run_summary.json,not-published,validation,False
microsoft/phi-4,L2,cladder,drop_identity,934,phi14b-l2:drop_identity:934,0.5916720628738403,0.5338645577430725,0.5627683103084564,not-published,outputs/phi14b-l2/drop_identity/seed-934/run_summary.json,not-published,validation,False
microsoft/phi-4,L2,cladder,drop_identity,935,phi14b-l2:drop_identity:935,0.6606478691101074,0.6407942175865173,0.6507210433483124,not-published,outputs/phi14b-l2/drop_identity/seed-935/run_summary.json,not-published,validation,False
microsoft/phi-4,L2,cladder,drop_identity,936,phi14b-l2:drop_identity:936,0.7251348495483398,0.6895424723625183,0.7073386609554291,not-published,outputs/phi14b-l2/drop_identity/seed-936/run_summary.json,not-published,validation,False
microsoft/phi-4,L2,cladder,drop_identity,937,phi14b-l2:drop_identity:937,0.6785792112350464,0.610909104347229,0.6447441577911377,not-published,outputs/phi14b-l2/drop_identity/seed-937/run_summary.json,not-published,validation,False
microsoft/phi-4,L2,cladder,drop_identity,938,phi14b-l2:drop_identity:938,0.5612357258796692,0.5792253613471985,0.5702305436134338,not-published,outputs/phi14b-l2/drop_identity/seed-938/run_summary.json,not-published,validation,False
microsoft/phi-4,L2,cladder,drop_identity,939,phi14b-l2:drop_identity:939,0.5759803652763367,0.5826271176338196,0.5793037414550781,not-published,outputs/phi14b-l2/drop_identity/seed-939/run_summary.json,not-published,validation,False
microsoft/phi-4,L2,cladder,drop_identity,940,phi14b-l2:drop_identity:940,0.5707233548164368,0.6147098541259766,0.5927166044712067,not-published,outputs/phi14b-l2/drop_identity/seed-940/run_summary.json,not-published,validation,False
microsoft/phi-4,L2,cladder,drop_selective_invariance,921,phi14b-l2:drop_selective_invariance:921,0.6081756949424744,0.6629213690757751,0.6355485320091248,not-published,outputs/phi14b-l2/drop_selective_invariance/seed-921/run_summary.json,not-published,validation,False
microsoft/phi-4,L2,cladder,drop_selective_invariance,922,phi14b-l2:drop_selective_invariance:922,0.8207814693450928,0.7515262365341187,0.7861538529396057,not-published,outputs/phi14b-l2/drop_selective_invariance/seed-922/run_summary.json,not-published,validation,False
microsoft/phi-4,L2,cladder,drop_selective_invariance,923,phi14b-l2:drop_selective_invariance:923,0.45849889516830444,0.5488505959510803,0.5036747455596924,not-published,outputs/phi14b-l2/drop_selective_invariance/seed-923/run_summary.json,not-published,validation,False
microsoft/phi-4,L2,cladder,drop_selective_invariance,924,phi14b-l2:drop_selective_invariance:924,0.5656703114509583,0.5355691313743591,0.5506197214126587,not-published,outputs/phi14b-l2/drop_selective_invariance/seed-924/run_summary.json,not-published,validation,False
microsoft/phi-4,L2,cladder,drop_selective_invariance,925,phi14b-l2:drop_selective_invariance:925,0.622715413570404,0.59017413854599,0.606444776058197,not-published,outputs/phi14b-l2/drop_selective_invariance/seed-925/run_summary.json,not-published,validation,False
microsoft/phi-4,L2,cladder,drop_selective_invariance,926,phi14b-l2:drop_selective_invariance:926,0.5802103877067566,0.5221027731895447,0.5511565804481506,not-published,outputs/phi14b-l2/drop_selective_invariance/seed-926/run_summary.json,not-published,validation,False
microsoft/phi-4,L2,cladder,drop_selective_invariance,927,phi14b-l2:drop_selective_invariance:927,0.6341196894645691,0.5961070656776428,0.615113377571106,not-published,outputs/phi14b-l2/drop_selective_invariance/seed-927/run_summary.json,not-published,validation,False
microsoft/phi-4,L2,cladder,drop_selective_invariance,928,phi14b-l2:drop_selective_invariance:928,0.7473536133766174,0.722438395023346,0.7348960041999817,not-published,outputs/phi14b-l2/drop_selective_invariance/seed-928/run_summary.json,not-published,validation,False
microsoft/phi-4,L2,cladder,drop_selective_invariance,929,phi14b-l2:drop_selective_invariance:929,0.5945596098899841,0.5930989384651184,0.5938292741775513,not-published,outputs/phi14b-l2/drop_selective_invariance/seed-929/run_summary.json,not-published,validation,False
microsoft/phi-4,L2,cladder,drop_selective_invariance,930,phi14b-l2:drop_selective_invariance:930,0.612554132938385,0.6339743733406067,0.6232642531394958,not-published,outputs/phi14b-l2/drop_selective_invariance/seed-930/run_summary.json,not-published,validation,False
microsoft/phi-4,L2,cladder,drop_selective_invariance,931,phi14b-l2:drop_selective_invariance:931,0.6978409290313721,0.6684088110923767,0.6831248700618744,not-published,outputs/phi14b-l2/drop_selective_invariance/seed-931/run_summary.json,not-published,validation,False
microsoft/phi-4,L2,cladder,drop_selective_invariance,932,phi14b-l2:drop_selective_invariance:932,0.6472587585449219,0.6357142925262451,0.6414865255355835,not-published,outputs/phi14b-l2/drop_selective_invariance/seed-932/run_summary.json,not-published,validation,False
microsoft/phi-4,L2,cladder,drop_selective_invariance,933,phi14b-l2:drop_selective_invariance:933,0.7367026805877686,0.7415565252304077,0.7391296029090881,not-published,outputs/phi14b-l2/drop_selective_invariance/seed-933/run_summary.json,not-published,validation,False
microsoft/phi-4,L2,cladder,drop_selective_invariance,934,phi14b-l2:drop_selective_invariance:934,0.5925328135490417,0.5484727621078491,0.5705027878284454,not-published,outputs/phi14b-l2/drop_selective_invariance/seed-934/run_summary.json,not-published,validation,False
microsoft/phi-4,L2,cladder,drop_selective_invariance,935,phi14b-l2:drop_selective_invariance:935,0.6687458753585815,0.6480144262313843,0.6583801507949829,not-published,outputs/phi14b-l2/drop_selective_invariance/seed-935/run_summary.json,not-published,validation,False
microsoft/phi-4,L2,cladder,drop_selective_invariance,936,phi14b-l2:drop_selective_invariance:936,0.7244876027107239,0.6947712302207947,0.7096294164657593,not-published,outputs/phi14b-l2/drop_selective_invariance/seed-936/run_summary.json,not-published,validation,False
microsoft/phi-4,L2,cladder,drop_selective_invariance,937,phi14b-l2:drop_selective_invariance:937,0.6903825402259827,0.6090909242630005,0.6497367322444916,not-published,outputs/phi14b-l2/drop_selective_invariance/seed-937/run_summary.json,not-published,validation,False
microsoft/phi-4,L2,cladder,drop_selective_invariance,938,phi14b-l2:drop_selective_invariance:938,0.55826735496521,0.5792253613471985,0.5687463581562042,not-published,outputs/phi14b-l2/drop_selective_invariance/seed-938/run_summary.json,not-published,validation,False
microsoft/phi-4,L2,cladder,drop_selective_invariance,939,phi14b-l2:drop_selective_invariance:939,0.5755541324615479,0.590395450592041,0.5829747915267944,not-published,outputs/phi14b-l2/drop_selective_invariance/seed-939/run_summary.json,not-published,validation,False
microsoft/phi-4,L2,cladder,drop_selective_invariance,940,phi14b-l2:drop_selective_invariance:940,0.570937991142273,0.6045883893966675,0.5877631902694702,not-published,outputs/phi14b-l2/drop_selective_invariance/seed-940/run_summary.json,not-published,validation,False
microsoft/phi-4,L2,cladder,full,921,phi14b-l2:full:921,0.6037182211875916,0.6491885185241699,0.6264533698558807,not-published,outputs/phi14b-l2/full/seed-921/run_summary.json,not-published,validation,False
microsoft/phi-4,L2,cladder,full,922,phi14b-l2:full:922,0.8244924545288086,0.7484737634658813,0.786483108997345,not-published,outputs/phi14b-l2/full/seed-922/run_summary.json,not-published,validation,False
microsoft/phi-4,L2,cladder,full,923,phi14b-l2:full:923,0.45971301198005676,0.5522988438606262,0.5060059279203415,not-published,outputs/phi14b-l2/full/seed-923/run_summary.json,not-published,validation,False
microsoft/phi-4,L2,cladder,full,924,phi14b-l2:full:924,0.5620471239089966,0.5248983502388,0.5434727370738983,not-published,outputs/phi14b-l2/full/seed-924/run_summary.json,not-published,validation,False
microsoft/phi-4,L2,cladder,full,925,phi14b-l2:full:925,0.6242384910583496,0.5764925479888916,0.6003655195236206,not-published,outputs/phi14b-l2/full/seed-925/run_summary.json,not-published,validation,False
microsoft/phi-4,L2,cladder,full,926,phi14b-l2:full:926,0.5834977030754089,0.520907998085022,0.5522028505802155,not-published,outputs/phi14b-l2/full/seed-926/run_summary.json,not-published,validation,False
microsoft/phi-4,L2,cladder,full,927,phi14b-l2:full:927,0.6300786137580872,0.580900251865387,0.6054894328117371,not-published,outputs/phi14b-l2/full/seed-927/run_summary.json,not-published,validation,False
microsoft/phi-4,L2,cladder,full,928,phi14b-l2:full:928,0.7440052032470703,0.7185473442077637,0.731276273727417,not-published,outputs/phi14b-l2/full/seed-928/run_summary.json,not-published,validation,False
microsoft/phi-4,L2,cladder,full,929,phi14b-l2:full:929,0.593480110168457,0.6015625,0.5975213050842285,not-published,outputs/phi14b-l2/full/seed-929/run_summary.json,not-published,validation,False
microsoft/phi-4,L2,cladder,full,930,phi14b-l2:full:930,0.6104978322982788,0.6307692527770996,0.6206335425376892,not-published,outputs/phi14b-l2/full/seed-930/run_summary.json,not-published,validation,False
microsoft/phi-4,L2,cladder,full,931,phi14b-l2:full:931,0.7014760971069336,0.6509872078895569,0.6762316524982452,not-published,outputs/phi14b-l2/full/seed-931/run_summary.json,not-published,validation,False
microsoft/phi-4,L2,cladder,full,932,phi14b-l2:full:932,0.6452850699424744,0.6410714387893677,0.643178254365921,not-published,outputs/phi14b-l2/full/seed-932/run_summary.json,not-published,validation,False
microsoft/phi-4,L2,cladder,full,933,phi14b-l2:full:933,0.7380800843238831,0.7415565252304077,0.7398183047771454,not-published,outputs/phi14b-l2/full/seed-933/run_summary.json,not-published,validation,False
microsoft/phi-4,L2,cladder,full,934,phi14b-l2:full:934,0.592210054397583,0.541832685470581,0.567021369934082,not-published,outputs/phi14b-l2/full/seed-934/run_summary.json,not-published,validation,False
microsoft/phi-4,L2,cladder,full,935,phi14b-l2:full:935,0.6620704531669617,0.6383875012397766,0.6502289772033691,not-published,outputs/phi14b-l2/full/seed-935/run_summary.json,not-published,validation,False
microsoft/phi-4,L2,cladder,full,936,phi14b-l2:full:936,0.724271833896637,0.6934640407562256,0.7088679373264313,not-published,outputs/phi14b-l2/full/seed-936/run_summary.json,not-published,validation,False
microsoft/phi-4,L2,cladder,full,937,phi14b-l2:full:937,0.6815300583839417,0.6121212244033813,0.6468256413936615,not-published,outputs/phi14b-l2/full/seed-937/run_summary.json,not-published,validation,False
microsoft/phi-4,L2,cladder,full,938,phi14b-l2:full:938,0.5615655183792114,0.5809859037399292,0.5712757110595703,not-published,outputs/phi14b-l2/full/seed-938/run_summary.json,not-published,validation,False
microsoft/phi-4,L2,cladder,full,939,phi14b-l2:full:939,0.5748081803321838,0.5882768630981445,0.5815425217151642,not-published,outputs/phi14b-l2/full/seed-939/run_summary.json,not-published,validation,False
microsoft/phi-4,L2,cladder,full,940,phi14b-l2:full:940,0.5723330974578857,0.6099864840507507,0.5911597907543182,not-published,outputs/phi14b-l2/full/seed-940/run_summary.json,not-published,validation,False
microsoft/phi-4,L3,cladder,lora_matched,941,phi14b-l3:lora_matched:941,0.5309849977493286,0.5243445634841919,0.5276647806167603,not-published,outputs/phi14b-l3/lora_matched/seed-941/run_summary.json,not-published,validation,False
microsoft/phi-4,L3,cladder,lora_matched,942,phi14b-l3:lora_matched:942,0.7175289392471313,0.4920634925365448,0.6047962158918381,not-published,outputs/phi14b-l3/lora_matched/seed-942/run_summary.json,not-published,validation,False
microsoft/phi-4,L3,cladder,lora_matched,943,phi14b-l3:lora_matched:943,0.4309050738811493,0.5310344696044922,0.48096977174282074,not-published,outputs/phi14b-l3/lora_matched/seed-943/run_summary.json,not-published,validation,False
microsoft/phi-4,L3,cladder,lora_matched,944,phi14b-l3:lora_matched:944,0.5370244383811951,0.5579268336296082,0.5474756360054016,not-published,outputs/phi14b-l3/lora_matched/seed-944/run_summary.json,not-published,validation,False
microsoft/phi-4,L3,cladder,lora_matched,945,phi14b-l3:lora_matched:945,0.5840948820114136,0.5024875402450562,0.5432912111282349,not-published,outputs/phi14b-l3/lora_matched/seed-945/run_summary.json,not-published,validation,False
microsoft/phi-4,L3,cladder,loreft,941,phi14b-l3:loreft:941,0.5309849977493286,0.5243445634841919,0.5276647806167603,not-published,outputs/phi14b-l3/loreft/seed-941/run_summary.json,not-published,validation,False
microsoft/phi-4,L3,cladder,loreft,942,phi14b-l3:loreft:942,0.7175289392471313,0.4920634925365448,0.6047962158918381,not-published,outputs/phi14b-l3/loreft/seed-942/run_summary.json,not-published,validation,False
microsoft/phi-4,L3,cladder,loreft,943,phi14b-l3:loreft:943,0.4309050738811493,0.5310344696044922,0.48096977174282074,not-published,outputs/phi14b-l3/loreft/seed-943/run_summary.json,not-published,validation,False
microsoft/phi-4,L3,cladder,loreft,944,phi14b-l3:loreft:944,0.5370244383811951,0.5579268336296082,0.5474756360054016,not-published,outputs/phi14b-l3/loreft/seed-944/run_summary.json,not-published,validation,False
microsoft/phi-4,L3,cladder,loreft,945,phi14b-l3:loreft:945,0.5840948820114136,0.5024875402450562,0.5432912111282349,not-published,outputs/phi14b-l3/loreft/seed-945/run_summary.json,not-published,validation,False
microsoft/phi-4,L3,cladder,o1,941,phi14b-l3:o1:941,0.5113068222999573,0.5143570303916931,0.5128319263458252,not-published,outputs/phi14b-l3/o1/seed-941/run_summary.json,not-published,validation,False
microsoft/phi-4,L3,cladder,o1,942,phi14b-l3:o1:942,0.7356472611427307,0.48473748564720154,0.6101923733949661,not-published,outputs/phi14b-l3/o1/seed-942/run_summary.json,not-published,validation,False
microsoft/phi-4,L3,cladder,o1,943,phi14b-l3:o1:943,0.4290286898612976,0.521264374256134,0.4751465320587158,not-published,outputs/phi14b-l3/o1/seed-943/run_summary.json,not-published,validation,False
microsoft/phi-4,L3,cladder,o1,944,phi14b-l3:o1:944,0.51902174949646,0.5513211488723755,0.5351714491844177,not-published,outputs/phi14b-l3/o1/seed-944/run_summary.json,not-published,validation,False
microsoft/phi-4,L3,cladder,o1,945,phi14b-l3:o1:945,0.5771322846412659,0.48694029450416565,0.5320362895727158,not-published,outputs/phi14b-l3/o1/seed-945/run_summary.json,not-published,validation,False
microsoft/phi-4,L3,cladder,o2,941,phi14b-l3:o2:941,0.5309849977493286,0.5243445634841919,0.5276647806167603,not-published,outputs/phi14b-l3/o2/seed-941/run_summary.json,not-published,validation,False
microsoft/phi-4,L3,cladder,o2,942,phi14b-l3:o2:942,0.7175289392471313,0.4920634925365448,0.6047962158918381,not-published,outputs/phi14b-l3/o2/seed-942/run_summary.json,not-published,validation,False
microsoft/phi-4,L3,cladder,o2,943,phi14b-l3:o2:943,0.4309050738811493,0.5310344696044922,0.48096977174282074,not-published,outputs/phi14b-l3/o2/seed-943/run_summary.json,not-published,validation,False
microsoft/phi-4,L3,cladder,o2,944,phi14b-l3:o2:944,0.5370244383811951,0.5579268336296082,0.5474756360054016,not-published,outputs/phi14b-l3/o2/seed-944/run_summary.json,not-published,validation,False
microsoft/phi-4,L3,cladder,o2,945,phi14b-l3:o2:945,0.5840948820114136,0.5024875402450562,0.5432912111282349,not-published,outputs/phi14b-l3/o2/seed-945/run_summary.json,not-published,validation,False
microsoft/phi-4,L3,cladder,o3,941,phi14b-l3:o3:941,0.6100239157676697,0.646691620349884,0.6283577680587769,not-published,outputs/phi14b-l3/o3/seed-941/run_summary.json,not-published,validation,False
microsoft/phi-4,L3,cladder,o3,942,phi14b-l3:o3:942,0.83235102891922,0.7503052353858948,0.7913281321525574,not-published,outputs/phi14b-l3/o3/seed-942/run_summary.json,not-published,validation,False
microsoft/phi-4,L3,cladder,o3,943,phi14b-l3:o3:943,0.45419424772262573,0.5413793325424194,0.4977867901325226,not-published,outputs/phi14b-l3/o3/seed-943/run_summary.json,not-published,validation,False
microsoft/phi-4,L3,cladder,o3,944,phi14b-l3:o3:944,0.5701992511749268,0.5340447425842285,0.5521219968795776,not-published,outputs/phi14b-l3/o3/seed-944/run_summary.json,not-published,validation,False
microsoft/phi-4,L3,cladder,o3,945,phi14b-l3:o3:945,0.6075935363769531,0.5876865386962891,0.5976400375366211,not-published,outputs/phi14b-l3/o3/seed-945/run_summary.json,not-published,validation,False
microsoft/phi-4,L3,cladder,prompting,941,phi14b-l3:prompting:941,0.5291367769241333,0.5549313426017761,0.5420340597629547,not-published,outputs/phi14b-l3/prompting/seed-941/run_summary.json,not-published,validation,False
microsoft/phi-4,L3,cladder,prompting,942,phi14b-l3:prompting:942,0.7471076250076294,0.41697192192077637,0.5820397734642029,not-published,outputs/phi14b-l3/prompting/seed-942/run_summary.json,not-published,validation,False
microsoft/phi-4,L3,cladder,prompting,943,phi14b-l3:prompting:943,0.4038631319999695,0.5856322050094604,0.49474766850471497,not-published,outputs/phi14b-l3/prompting/seed-943/run_summary.json,not-published,validation,False
microsoft/phi-4,L3,cladder,prompting,944,phi14b-l3:prompting:944,0.56080162525177,0.4984756112098694,0.5296386182308197,not-published,outputs/phi14b-l3/prompting/seed-944/run_summary.json,not-published,validation,False
microsoft/phi-4,L3,cladder,prompting,945,phi14b-l3:prompting:945,0.5710400342941284,0.49564677476882935,0.5333434045314789,not-published,outputs/phi14b-l3/prompting/seed-945/run_summary.json,not-published,validation,False
microsoft/phi-4,L3,cladder,router,941,phi14b-l3:router:941,0.5053272247314453,0.5162296891212463,0.5107784569263458,not-published,outputs/phi14b-l3/router/seed-941/run_summary.json,not-published,validation,False
microsoft/phi-4,L3,cladder,router,942,phi14b-l3:router:942,0.730080783367157,0.4871794879436493,0.6086301356554031,not-published,outputs/phi14b-l3/router/seed-942/run_summary.json,not-published,validation,False
microsoft/phi-4,L3,cladder,router,943,phi14b-l3:router:943,0.44039735198020935,0.5258620977401733,0.48312972486019135,not-published,outputs/phi14b-l3/router/seed-943/run_summary.json,not-published,validation,False
microsoft/phi-4,L3,cladder,router,944,phi14b-l3:router:944,0.5097373127937317,0.5548780560493469,0.5323076844215393,not-published,outputs/phi14b-l3/router/seed-944/run_summary.json,not-published,validation,False
microsoft/phi-4,L3,cladder,router,945,phi14b-l3:router:945,0.5784377455711365,0.48383083939552307,0.5311342924833298,not-published,outputs/phi14b-l3/router/seed-945/run_summary.json,not-published,validation,False
microsoft/phi-4,L3,cladder,task_vector_add,941,phi14b-l3:task_vector_add:941,0.5113068222999573,0.5143570303916931,0.5128319263458252,not-published,outputs/phi14b-l3/task_vector_add/seed-941/run_summary.json,not-published,validation,False
microsoft/phi-4,L3,cladder,task_vector_add,942,phi14b-l3:task_vector_add:942,0.7356472611427307,0.48473748564720154,0.6101923733949661,not-published,outputs/phi14b-l3/task_vector_add/seed-942/run_summary.json,not-published,validation,False
microsoft/phi-4,L3,cladder,task_vector_add,943,phi14b-l3:task_vector_add:943,0.4290286898612976,0.521264374256134,0.4751465320587158,not-published,outputs/phi14b-l3/task_vector_add/seed-943/run_summary.json,not-published,validation,False
microsoft/phi-4,L3,cladder,task_vector_add,944,phi14b-l3:task_vector_add:944,0.51902174949646,0.5513211488723755,0.5351714491844177,not-published,outputs/phi14b-l3/task_vector_add/seed-944/run_summary.json,not-published,validation,False
microsoft/phi-4,L3,cladder,task_vector_add,945,phi14b-l3:task_vector_add:945,0.5771322846412659,0.48694029450416565,0.5320362895727158,not-published,outputs/phi14b-l3/task_vector_add/seed-945/run_summary.json,not-published,validation,False
Qwen/Qwen2.5-32B-Instruct,L1,cladder,core_base_1law,901,qwen32-l1:core_base_1law:901,0.541965663433075,0.574282169342041,0.558123916387558,not-published,outputs/qwen32-l1/core_base_1law/seed-901/run_summary.json,not-published,validation,False
Qwen/Qwen2.5-32B-Instruct,L1,cladder,core_base_1law,902,qwen32-l1:core_base_1law:902,0.7317179441452026,0.6916971802711487,0.7117075622081757,not-published,outputs/qwen32-l1/core_base_1law/seed-902/run_summary.json,not-published,validation,False
Qwen/Qwen2.5-32B-Instruct,L1,cladder,core_base_1law,903,qwen32-l1:core_base_1law:903,0.5301324725151062,0.5448275804519653,0.5374800264835358,not-published,outputs/qwen32-l1/core_base_1law/seed-903/run_summary.json,not-published,validation,False
Qwen/Qwen2.5-32B-Instruct,L1,cladder,core_base_1law,904,qwen32-l1:core_base_1law:904,0.5786911249160767,0.5294715166091919,0.5540813207626343,not-published,outputs/qwen32-l1/core_base_1law/seed-904/run_summary.json,not-published,validation,False
Qwen/Qwen2.5-32B-Instruct,L1,cladder,core_base_1law,905,qwen32-l1:core_base_1law:905,0.6389251351356506,0.5702736377716064,0.6045993864536285,not-published,outputs/qwen32-l1/core_base_1law/seed-905/run_summary.json,not-published,validation,False
Qwen/Qwen2.5-32B-Instruct,L1,cladder,core_base_1law,906,qwen32-l1:core_base_1law:906,0.5414201021194458,0.5161290168762207,0.5287745594978333,not-published,outputs/qwen32-l1/core_base_1law/seed-906/run_summary.json,not-published,validation,False
Qwen/Qwen2.5-32B-Instruct,L1,cladder,core_base_1law,907,qwen32-l1:core_base_1law:907,0.6636085510253906,0.628953754901886,0.6462811529636383,not-published,outputs/qwen32-l1/core_base_1law/seed-907/run_summary.json,not-published,validation,False
Qwen/Qwen2.5-32B-Instruct,L1,cladder,core_base_1law,908,qwen32-l1:core_base_1law:908,0.732447624206543,0.6815823316574097,0.7070149779319763,not-published,outputs/qwen32-l1/core_base_1law/seed-908/run_summary.json,not-published,validation,False
Qwen/Qwen2.5-32B-Instruct,L1,cladder,core_base_1law,909,qwen32-l1:core_base_1law:909,0.7562608122825623,0.7135416865348816,0.7349012494087219,not-published,outputs/qwen32-l1/core_base_1law/seed-909/run_summary.json,not-published,validation,False
Qwen/Qwen2.5-32B-Instruct,L1,cladder,core_base_1law,910,qwen32-l1:core_base_1law:910,0.5439394116401672,0.5788461565971375,0.5613927841186523,not-published,outputs/qwen32-l1/core_base_1law/seed-910/run_summary.json,not-published,validation,False
Qwen/Qwen2.5-32B-Instruct,L1,cladder,core_base_1law,911,qwen32-l1:core_base_1law:911,0.706433117389679,0.666085958480835,0.686259537935257,not-published,outputs/qwen32-l1/core_base_1law/seed-911/run_summary.json,not-published,validation,False
Qwen/Qwen2.5-32B-Instruct,L1,cladder,core_base_1law,912,qwen32-l1:core_base_1law:912,0.6632675528526306,0.6238095164299011,0.6435385346412659,not-published,outputs/qwen32-l1/core_base_1law/seed-912/run_summary.json,not-published,validation,False
Qwen/Qwen2.5-32B-Instruct,L1,cladder,core_base_1law,913,qwen32-l1:core_base_1law:913,0.7410468459129333,0.7298091053962708,0.735427975654602,not-published,outputs/qwen32-l1/core_base_1law/seed-913/run_summary.json,not-published,validation,False
Qwen/Qwen2.5-32B-Instruct,L1,cladder,core_base_1law,914,qwen32-l1:core_base_1law:914,0.5528298020362854,0.5650730133056641,0.5589514076709747,not-published,outputs/qwen32-l1/core_base_1law/seed-914/run_summary.json,not-published,validation,False
Qwen/Qwen2.5-32B-Instruct,L1,cladder,core_base_1law,915,qwen32-l1:core_base_1law:915,0.6069161891937256,0.5758122801780701,0.5913642346858978,not-published,outputs/qwen32-l1/core_base_1law/seed-915/run_summary.json,not-published,validation,False
Qwen/Qwen2.5-32B-Instruct,L1,cladder,core_base_1law,916,qwen32-l1:core_base_1law:916,0.6654800176620483,0.6509804129600525,0.6582302153110504,not-published,outputs/qwen32-l1/core_base_1law/seed-916/run_summary.json,not-published,validation,False
Qwen/Qwen2.5-32B-Instruct,L1,cladder,core_base_1law,917,qwen32-l1:core_base_1law:917,0.6238251328468323,0.589090883731842,0.6064580082893372,not-published,outputs/qwen32-l1/core_base_1law/seed-917/run_summary.json,not-published,validation,False
Qwen/Qwen2.5-32B-Instruct,L1,cladder,core_base_1law,918,qwen32-l1:core_base_1law:918,0.6849164366722107,0.6361502408981323,0.6605333387851715,not-published,outputs/qwen32-l1/core_base_1law/seed-918/run_summary.json,not-published,validation,False
Qwen/Qwen2.5-32B-Instruct,L1,cladder,core_base_1law,919,qwen32-l1:core_base_1law:919,0.635123610496521,0.590395450592041,0.612759530544281,not-published,outputs/qwen32-l1/core_base_1law/seed-919/run_summary.json,not-published,validation,False
Qwen/Qwen2.5-32B-Instruct,L1,cladder,core_base_1law,920,qwen32-l1:core_base_1law:920,0.5585962533950806,0.5350877046585083,0.5468419790267944,not-published,outputs/qwen32-l1/core_base_1law/seed-920/run_summary.json,not-published,validation,False
Qwen/Qwen2.5-32B-Instruct,L1,cladder,core_full_4law,901,qwen32-l1:core_full_4law:901,0.5429441332817078,0.5655430555343628,0.5542435944080353,not-published,outputs/qwen32-l1/core_full_4law/seed-901/run_summary.json,not-published,validation,False
Qwen/Qwen2.5-32B-Instruct,L1,cladder,core_full_4law,902,qwen32-l1:core_full_4law:902,0.7232045531272888,0.6862027049064636,0.7047036290168762,not-published,outputs/qwen32-l1/core_full_4law/seed-902/run_summary.json,not-published,validation,False
Qwen/Qwen2.5-32B-Instruct,L1,cladder,core_full_4law,903,qwen32-l1:core_full_4law:903,0.5373068451881409,0.5454022884368896,0.5413545668125153,not-published,outputs/qwen32-l1/core_full_4law/seed-903/run_summary.json,not-published,validation,False
Qwen/Qwen2.5-32B-Instruct,L1,cladder,core_full_4law,904,qwen32-l1:core_full_4law:904,0.577785313129425,0.5396341681480408,0.5587097406387329,not-published,outputs/qwen32-l1/core_full_4law/seed-904/run_summary.json,not-published,validation,False
Qwen/Qwen2.5-32B-Instruct,L1,cladder,core_full_4law,905,qwen32-l1:core_full_4law:905,0.6364229917526245,0.5690298676490784,0.6027264297008514,not-published,outputs/qwen32-l1/core_full_4law/seed-905/run_summary.json,not-published,validation,False
Qwen/Qwen2.5-32B-Instruct,L1,cladder,core_full_4law,906,qwen32-l1:core_full_4law:906,0.5497479438781738,0.5017921328544617,0.5257700383663177,not-published,outputs/qwen32-l1/core_full_4law/seed-906/run_summary.json,not-published,validation,False
Qwen/Qwen2.5-32B-Instruct,L1,cladder,core_full_4law,907,qwen32-l1:core_full_4law:907,0.6679772734642029,0.6338199377059937,0.6508986055850983,not-published,outputs/qwen32-l1/core_full_4law/seed-907/run_summary.json,not-published,validation,False
Qwen/Qwen2.5-32B-Instruct,L1,cladder,core_full_4law,908,qwen32-l1:core_full_4law:908,0.7377403378486633,0.6789883375167847,0.708364337682724,not-published,outputs/qwen32-l1/core_full_4law/seed-908/run_summary.json,not-published,validation,False
Qwen/Qwen2.5-32B-Instruct,L1,cladder,core_full_4law,909,qwen32-l1:core_full_4law:909,0.7494602799415588,0.6920573115348816,0.7207587957382202,not-published,outputs/qwen32-l1/core_full_4law/seed-909/run_summary.json,not-published,validation,False
Qwen/Qwen2.5-32B-Instruct,L1,cladder,core_full_4law,910,qwen32-l1:core_full_4law:910,0.5441558361053467,0.5833333134651184,0.5637445747852325,not-published,outputs/qwen32-l1/core_full_4law/seed-910/run_summary.json,not-published,validation,False
Qwen/Qwen2.5-32B-Instruct,L1,cladder,core_full_4law,911,qwen32-l1:core_full_4law:911,0.7046706080436707,0.6469221711158752,0.675796389579773,not-published,outputs/qwen32-l1/core_full_4law/seed-911/run_summary.json,not-published,validation,False
Qwen/Qwen2.5-32B-Instruct,L1,cladder,core_full_4law,912,qwen32-l1:core_full_4law:912,0.6656798124313354,0.6214285492897034,0.6435541808605194,not-published,outputs/qwen32-l1/core_full_4law/seed-912/run_summary.json,not-published,validation,False
Qwen/Qwen2.5-32B-Instruct,L1,cladder,core_full_4law,913,qwen32-l1:core_full_4law:913,0.7448611855506897,0.7386196851730347,0.7417404353618622,not-published,outputs/qwen32-l1/core_full_4law/seed-913/run_summary.json,not-published,validation,False
Qwen/Qwen2.5-32B-Instruct,L1,cladder,core_full_4law,914,qwen32-l1:core_full_4law:914,0.5474499464035034,0.5657370686531067,0.556593507528305,not-published,outputs/qwen32-l1/core_full_4law/seed-914/run_summary.json,not-published,validation,False
Qwen/Qwen2.5-32B-Instruct,L1,cladder,core_full_4law,915,qwen32-l1:core_full_4law:915,0.6187349557876587,0.5673887133598328,0.5930618345737457,not-published,outputs/qwen32-l1/core_full_4law/seed-915/run_summary.json,not-published,validation,False
Qwen/Qwen2.5-32B-Instruct,L1,cladder,core_full_4law,916,qwen32-l1:core_full_4law:916,0.6688241362571716,0.6313725709915161,0.6500983536243439,not-published,outputs/qwen32-l1/core_full_4law/seed-916/run_summary.json,not-published,validation,False
Qwen/Qwen2.5-32B-Instruct,L1,cladder,core_full_4law,917,qwen32-l1:core_full_4law:917,0.6266666650772095,0.578181803226471,0.6024242341518402,not-published,outputs/qwen32-l1/core_full_4law/seed-917/run_summary.json,not-published,validation,False
Qwen/Qwen2.5-32B-Instruct,L1,cladder,core_full_4law,918,qwen32-l1:core_full_4law:918,0.6844766736030579,0.625,0.6547383368015289,not-published,outputs/qwen32-l1/core_full_4law/seed-918/run_summary.json,not-published,validation,False
Qwen/Qwen2.5-32B-Instruct,L1,cladder,core_full_4law,919,qwen32-l1:core_full_4law:919,0.6349104642868042,0.5621469020843506,0.5985286831855774,not-published,outputs/qwen32-l1/core_full_4law/seed-919/run_summary.json,not-published,validation,False
Qwen/Qwen2.5-32B-Instruct,L1,cladder,core_full_4law,920,qwen32-l1:core_full_4law:920,0.5658939480781555,0.5458839535713196,0.5558889508247375,not-published,outputs/qwen32-l1/core_full_4law/seed-920/run_summary.json,not-published,validation,False
Qwen/Qwen2.5-32B-Instruct,L1,cladder,core_i_3law,901,qwen32-l1:core_i_3law:901,0.5401174426078796,0.5799001455307007,0.5600087940692902,not-published,outputs/qwen32-l1/core_i_3law/seed-901/run_summary.json,not-published,validation,False
Qwen/Qwen2.5-32B-Instruct,L1,cladder,core_i_3law,902,qwen32-l1:core_i_3law:902,0.7354289293289185,0.7026861906051636,0.719057559967041,not-published,outputs/qwen32-l1/core_i_3law/seed-902/run_summary.json,not-published,validation,False
Qwen/Qwen2.5-32B-Instruct,L1,cladder,core_i_3law,903,qwen32-l1:core_i_3law:903,0.5402869582176208,0.5304597616195679,0.5353733599185944,not-published,outputs/qwen32-l1/core_i_3law/seed-903/run_summary.json,not-published,validation,False
Qwen/Qwen2.5-32B-Instruct,L1,cladder,core_i_3law,904,qwen32-l1:core_i_3law:904,0.57982337474823,0.5309959053993225,0.5554096400737762,not-published,outputs/qwen32-l1/core_i_3law/seed-904/run_summary.json,not-published,validation,False
Qwen/Qwen2.5-32B-Instruct,L1,cladder,core_i_3law,905,qwen32-l1:core_i_3law:905,0.6385987997055054,0.5796020030975342,0.6091004014015198,not-published,outputs/qwen32-l1/core_i_3law/seed-905/run_summary.json,not-published,validation,False
Qwen/Qwen2.5-32B-Instruct,L1,cladder,core_i_3law,906,qwen32-l1:core_i_3law:906,0.5589524507522583,0.5035842061042786,0.5312683284282684,not-published,outputs/qwen32-l1/core_i_3law/seed-906/run_summary.json,not-published,validation,False
Qwen/Qwen2.5-32B-Instruct,L1,cladder,core_i_3law,907,qwen32-l1:core_i_3law:907,0.6633901000022888,0.6234793066978455,0.6434347033500671,not-published,outputs/qwen32-l1/core_i_3law/seed-907/run_summary.json,not-published,validation,False
Qwen/Qwen2.5-32B-Instruct,L1,cladder,core_i_3law,908,qwen32-l1:core_i_3law:908,0.7404407262802124,0.6848248839378357,0.712632805109024,not-published,outputs/qwen32-l1/core_i_3law/seed-908/run_summary.json,not-published,validation,False
Qwen/Qwen2.5-32B-Instruct,L1,cladder,core_i_3law,909,qwen32-l1:core_i_3law:909,0.7519429922103882,0.708984375,0.7304636836051941,not-published,outputs/qwen32-l1/core_i_3law/seed-909/run_summary.json,not-published,validation,False
Qwen/Qwen2.5-32B-Instruct,L1,cladder,core_i_3law,910,qwen32-l1:core_i_3law:910,0.5364718437194824,0.5865384340286255,0.561505138874054,not-published,outputs/qwen32-l1/core_i_3law/seed-910/run_summary.json,not-published,validation,False
Qwen/Qwen2.5-32B-Instruct,L1,cladder,core_i_3law,911,qwen32-l1:core_i_3law:911,0.7019166946411133,0.6829268336296082,0.6924217641353607,not-published,outputs/qwen32-l1/core_i_3law/seed-911/run_summary.json,not-published,validation,False
Qwen/Qwen2.5-32B-Instruct,L1,cladder,core_i_3law,912,qwen32-l1:core_i_3law:912,0.6629385948181152,0.625595211982727,0.6442669034004211,not-published,outputs/qwen32-l1/core_i_3law/seed-912/run_summary.json,not-published,validation,False
Qwen/Qwen2.5-32B-Instruct,L1,cladder,core_i_3law,913,qwen32-l1:core_i_3law:913,0.7425302267074585,0.7327459454536438,0.7376380860805511,not-published,outputs/qwen32-l1/core_i_3law/seed-913/run_summary.json,not-published,validation,False
Qwen/Qwen2.5-32B-Instruct,L1,cladder,core_i_3law,914,qwen32-l1:core_i_3law:914,0.5504626631736755,0.5723771452903748,0.5614199042320251,not-published,outputs/qwen32-l1/core_i_3law/seed-914/run_summary.json,not-published,validation,False
Qwen/Qwen2.5-32B-Instruct,L1,cladder,core_i_3law,915,qwen32-l1:core_i_3law:915,0.613153874874115,0.5643802881240845,0.5887670814990997,not-published,outputs/qwen32-l1/core_i_3law/seed-915/run_summary.json,not-published,validation,False
Qwen/Qwen2.5-32B-Instruct,L1,cladder,core_i_3law,916,qwen32-l1:core_i_3law:916,0.6733549237251282,0.6496732234954834,0.6615140736103058,not-published,outputs/qwen32-l1/core_i_3law/seed-916/run_summary.json,not-published,validation,False
Qwen/Qwen2.5-32B-Instruct,L1,cladder,core_i_3law,917,qwen32-l1:core_i_3law:917,0.6307103633880615,0.581818163394928,0.6062642633914948,not-published,outputs/qwen32-l1/core_i_3law/seed-917/run_summary.json,not-published,validation,False
Qwen/Qwen2.5-32B-Instruct,L1,cladder,core_i_3law,918,qwen32-l1:core_i_3law:918,0.6916226744651794,0.6355633735656738,0.6635930240154266,not-published,outputs/qwen32-l1/core_i_3law/seed-918/run_summary.json,not-published,validation,False
Qwen/Qwen2.5-32B-Instruct,L1,cladder,core_i_3law,919,qwen32-l1:core_i_3law:919,0.6367220878601074,0.5875706076622009,0.6121463477611542,not-published,outputs/qwen32-l1/core_i_3law/seed-919/run_summary.json,not-published,validation,False
Qwen/Qwen2.5-32B-Instruct,L1,cladder,core_i_3law,920,qwen32-l1:core_i_3law:920,0.5665378570556641,0.5512820482254028,0.5589099526405334,not-published,outputs/qwen32-l1/core_i_3law/seed-920/run_summary.json,not-published,validation,False
Qwen/Qwen2.5-32B-Instruct,L1,cladder,do_everything,901,qwen32-l1:do_everything:901,0.5083714127540588,0.5174781680107117,0.5129247903823853,not-published,outputs/qwen32-l1/do_everything/seed-901/run_summary.json,not-published,validation,False
Qwen/Qwen2.5-32B-Instruct,L1,cladder,do_everything,902,qwen32-l1:do_everything:902,0.6757258176803589,0.5048840045928955,0.5903049111366272,not-published,outputs/qwen32-l1/do_everything/seed-902/run_summary.json,not-published,validation,False
Qwen/Qwen2.5-32B-Instruct,L1,cladder,do_everything,903,qwen32-l1:do_everything:903,0.5200883150100708,0.5028735399246216,0.5114809274673462,not-published,outputs/qwen32-l1/do_everything/seed-903/run_summary.json,not-published,validation,False
Qwen/Qwen2.5-32B-Instruct,L1,cladder,do_everything,904,qwen32-l1:do_everything:904,0.5703125,0.545223593711853,0.5577680468559265,not-published,outputs/qwen32-l1/do_everything/seed-904/run_summary.json,not-published,validation,False
Qwen/Qwen2.5-32B-Instruct,L1,cladder,do_everything,905,qwen32-l1:do_everything:905,0.6141209602355957,0.48383083939552307,0.5489758998155594,not-published,outputs/qwen32-l1/do_everything/seed-905/run_summary.json,not-published,validation,False
Qwen/Qwen2.5-32B-Instruct,L1,cladder,do_everything,906,qwen32-l1:do_everything:906,0.5516107678413391,0.4402628540992737,0.4959368109703064,not-published,outputs/qwen32-l1/do_everything/seed-906/run_summary.json,not-published,validation,False
Qwen/Qwen2.5-32B-Instruct,L1,cladder,do_everything,907,qwen32-l1:do_everything:907,0.5898864269256592,0.47566908597946167,0.5327777564525604,not-published,outputs/qwen32-l1/do_everything/seed-907/run_summary.json,not-published,validation,False
Qwen/Qwen2.5-32B-Instruct,L1,cladder,do_everything,908,qwen32-l1:do_everything:908,0.7040397524833679,0.4734111428260803,0.5887254476547241,not-published,outputs/qwen32-l1/do_everything/seed-908/run_summary.json,not-published,validation,False
Qwen/Qwen2.5-32B-Instruct,L1,cladder,do_everything,909,qwen32-l1:do_everything:909,0.7293825745582581,0.5045573115348816,0.6169699430465698,not-published,outputs/qwen32-l1/do_everything/seed-909/run_summary.json,not-published,validation,False
Qwen/Qwen2.5-32B-Instruct,L1,cladder,do_everything,910,qwen32-l1:do_everything:910,0.5178571343421936,0.4967948794364929,0.5073260068893433,not-published,outputs/qwen32-l1/do_everything/seed-910/run_summary.json,not-published,validation,False
Qwen/Qwen2.5-32B-Instruct,L1,cladder,do_everything,911,qwen32-l1:do_everything:911,0.670412003993988,0.5058072209358215,0.5881096124649048,not-published,outputs/qwen32-l1/do_everything/seed-911/run_summary.json,not-published,validation,False
Qwen/Qwen2.5-32B-Instruct,L1,cladder,do_everything,912,qwen32-l1:do_everything:912,0.6271929740905762,0.4869047701358795,0.5570488721132278,not-published,outputs/qwen32-l1/do_everything/seed-912/run_summary.json,not-published,validation,False
Qwen/Qwen2.5-32B-Instruct,L1,cladder,do_everything,913,qwen32-l1:do_everything:913,0.6843611001968384,0.46255508065223694,0.5734580904245377,not-published,outputs/qwen32-l1/do_everything/seed-913/run_summary.json,not-published,validation,False
Qwen/Qwen2.5-32B-Instruct,L1,cladder,do_everything,914,qwen32-l1:do_everything:914,0.5331396460533142,0.48339974880218506,0.5082696974277496,not-published,outputs/qwen32-l1/do_everything/seed-914/run_summary.json,not-published,validation,False
Qwen/Qwen2.5-32B-Instruct,L1,cladder,do_everything,915,qwen32-l1:do_everything:915,0.5741956830024719,0.5246690511703491,0.5494323670864105,not-published,outputs/qwen32-l1/do_everything/seed-915/run_summary.json,not-published,validation,False
Qwen/Qwen2.5-32B-Instruct,L1,cladder,do_everything,916,qwen32-l1:do_everything:916,0.5819848775863647,0.45359477400779724,0.517789825797081,not-published,outputs/qwen32-l1/do_everything/seed-916/run_summary.json,not-published,validation,False
Qwen/Qwen2.5-32B-Instruct,L1,cladder,do_everything,917,qwen32-l1:do_everything:917,0.5989071130752563,0.4654545485973358,0.5321808308362961,not-published,outputs/qwen32-l1/do_everything/seed-917/run_summary.json,not-published,validation,False
Qwen/Qwen2.5-32B-Instruct,L1,cladder,do_everything,918,qwen32-l1:do_everything:918,0.6500659584999084,0.41431924700737,0.5321926027536392,not-published,outputs/qwen32-l1/do_everything/seed-918/run_summary.json,not-published,validation,False
Qwen/Qwen2.5-32B-Instruct,L1,cladder,do_everything,919,qwen32-l1:do_everything:919,0.6106138229370117,0.4992937743663788,0.5549537986516953,not-published,outputs/qwen32-l1/do_everything/seed-919/run_summary.json,not-published,validation,False
Qwen/Qwen2.5-32B-Instruct,L1,cladder,do_everything,920,qwen32-l1:do_everything:920,0.5532302856445312,0.4871794879436493,0.5202048867940903,not-published,outputs/qwen32-l1/do_everything/seed-920/run_summary.json,not-published,validation,False
Qwen/Qwen2.5-32B-Instruct,L1,cladder,do_nothing,901,qwen32-l1:do_nothing:901,0.5228310227394104,0.5561797618865967,0.5395053923130035,not-published,outputs/qwen32-l1/do_nothing/seed-901/run_summary.json,not-published,validation,False
Qwen/Qwen2.5-32B-Instruct,L1,cladder,do_nothing,902,qwen32-l1:do_nothing:902,0.6974459886550903,0.3956044018268585,0.5465251952409744,not-published,outputs/qwen32-l1/do_nothing/seed-902/run_summary.json,not-published,validation,False
Qwen/Qwen2.5-32B-Instruct,L1,cladder,do_nothing,903,qwen32-l1:do_nothing:903,0.5377483367919922,0.48965516686439514,0.5137017518281937,not-published,outputs/qwen32-l1/do_nothing/seed-903/run_summary.json,not-published,validation,False
Qwen/Qwen2.5-32B-Instruct,L1,cladder,do_nothing,904,qwen32-l1:do_nothing:904,0.6270380616188049,0.4298780560493469,0.5284580588340759,not-published,outputs/qwen32-l1/do_nothing/seed-904/run_summary.json,not-published,validation,False
Qwen/Qwen2.5-32B-Instruct,L1,cladder,do_nothing,905,qwen32-l1:do_nothing:905,0.6413185596466064,0.41231343150138855,0.5268159955739975,not-published,outputs/qwen32-l1/do_nothing/seed-905/run_summary.json,not-published,validation,False
Qwen/Qwen2.5-32B-Instruct,L1,cladder,do_nothing,906,qwen32-l1:do_nothing:906,0.5623493194580078,0.48148149251937866,0.5219154059886932,not-published,outputs/qwen32-l1/do_nothing/seed-906/run_summary.json,not-published,validation,False
Qwen/Qwen2.5-32B-Instruct,L1,cladder,do_nothing,907,qwen32-l1:do_nothing:907,0.5495849847793579,0.5206812620162964,0.5351331233978271,not-published,outputs/qwen32-l1/do_nothing/seed-907/run_summary.json,not-published,validation,False
Qwen/Qwen2.5-32B-Instruct,L1,cladder,do_nothing,908,qwen32-l1:do_nothing:908,0.7209980487823486,0.34824901819229126,0.53462353348732,not-published,outputs/qwen32-l1/do_nothing/seed-908/run_summary.json,not-published,validation,False
Qwen/Qwen2.5-32B-Instruct,L1,cladder,do_nothing,909,qwen32-l1:do_nothing:909,0.7496761679649353,0.287109375,0.5183927714824677,not-published,outputs/qwen32-l1/do_nothing/seed-909/run_summary.json,not-published,validation,False
Qwen/Qwen2.5-32B-Instruct,L1,cladder,do_nothing,910,qwen32-l1:do_nothing:910,0.5,0.5384615659713745,0.5192307829856873,not-published,outputs/qwen32-l1/do_nothing/seed-910/run_summary.json,not-published,validation,False
Qwen/Qwen2.5-32B-Instruct,L1,cladder,do_nothing,911,qwen32-l1:do_nothing:911,0.6703018546104431,0.45702672004699707,0.5636642873287201,not-published,outputs/qwen32-l1/do_nothing/seed-911/run_summary.json,not-published,validation,False
Qwen/Qwen2.5-32B-Instruct,L1,cladder,do_nothing,912,qwen32-l1:do_nothing:912,0.6461622714996338,0.4363095164299011,0.5412358939647675,not-published,outputs/qwen32-l1/do_nothing/seed-912/run_summary.json,not-published,validation,False
Qwen/Qwen2.5-32B-Instruct,L1,cladder,do_nothing,913,qwen32-l1:do_nothing:913,0.6647594571113586,0.4522760510444641,0.5585177540779114,not-published,outputs/qwen32-l1/do_nothing/seed-913/run_summary.json,not-published,validation,False
Qwen/Qwen2.5-32B-Instruct,L1,cladder,do_nothing,914,qwen32-l1:do_nothing:914,0.5761781930923462,0.412350594997406,0.4942643940448761,not-published,outputs/qwen32-l1/do_nothing/seed-914/run_summary.json,not-published,validation,False
Qwen/Qwen2.5-32B-Instruct,L1,cladder,do_nothing,915,qwen32-l1:do_nothing:915,0.6132633090019226,0.4729241728782654,0.543093740940094,not-published,outputs/qwen32-l1/do_nothing/seed-915/run_summary.json,not-published,validation,False
Qwen/Qwen2.5-32B-Instruct,L1,cladder,do_nothing,916,qwen32-l1:do_nothing:916,0.6018338799476624,0.4503268003463745,0.5260803401470184,not-published,outputs/qwen32-l1/do_nothing/seed-916/run_summary.json,not-published,validation,False
Qwen/Qwen2.5-32B-Instruct,L1,cladder,do_nothing,917,qwen32-l1:do_nothing:917,0.7071038484573364,0.3393939435482025,0.5232488960027695,not-published,outputs/qwen32-l1/do_nothing/seed-917/run_summary.json,not-published,validation,False
Qwen/Qwen2.5-32B-Instruct,L1,cladder,do_nothing,918,qwen32-l1:do_nothing:918,0.7264731526374817,0.3004694879055023,0.513471320271492,not-published,outputs/qwen32-l1/do_nothing/seed-918/run_summary.json,not-published,validation,False
Qwen/Qwen2.5-32B-Instruct,L1,cladder,do_nothing,919,qwen32-l1:do_nothing:919,0.6091219186782837,0.46045199036598206,0.5347869545221329,not-published,outputs/qwen32-l1/do_nothing/seed-919/run_summary.json,not-published,validation,False
Qwen/Qwen2.5-32B-Instruct,L1,cladder,do_nothing,920,qwen32-l1:do_nothing:920,0.5768405199050903,0.45681512355804443,0.5168278217315674,not-published,outputs/qwen32-l1/do_nothing/seed-920/run_summary.json,not-published,validation,False
Qwen/Qwen2.5-32B-Instruct,L1,cladder,random_init,901,qwen32-l1:random_init:901,0.5219612717628479,0.5511860251426697,0.5365736484527588,not-published,outputs/qwen32-l1/random_init/seed-901/run_summary.json,not-published,validation,False
Qwen/Qwen2.5-32B-Instruct,L1,cladder,random_init,902,qwen32-l1:random_init:902,0.7137088179588318,0.3766788840293884,0.5451938509941101,not-published,outputs/qwen32-l1/random_init/seed-902/run_summary.json,not-published,validation,False
Qwen/Qwen2.5-32B-Instruct,L1,cladder,random_init,903,qwen32-l1:random_init:903,0.5332229733467102,0.5005747079849243,0.5168988406658173,not-published,outputs/qwen32-l1/random_init/seed-903/run_summary.json,not-published,validation,False
Qwen/Qwen2.5-32B-Instruct,L1,cladder,random_init,904,qwen32-l1:random_init:904,0.6067708134651184,0.4608739912509918,0.5338224023580551,not-published,outputs/qwen32-l1/random_init/seed-904/run_summary.json,not-published,validation,False
Qwen/Qwen2.5-32B-Instruct,L1,cladder,random_init,905,qwen32-l1:random_init:905,0.6583986282348633,0.3980099558830261,0.5282042920589447,not-published,outputs/qwen32-l1/random_init/seed-905/run_summary.json,not-published,validation,False
Qwen/Qwen2.5-32B-Instruct,L1,cladder,random_init,906,qwen32-l1:random_init:906,0.5735262036323547,0.4707287847995758,0.5221274942159653,not-published,outputs/qwen32-l1/random_init/seed-906/run_summary.json,not-published,validation,False
Qwen/Qwen2.5-32B-Instruct,L1,cladder,random_init,907,qwen32-l1:random_init:907,0.5552642941474915,0.5158150792121887,0.5355396866798401,not-published,outputs/qwen32-l1/random_init/seed-907/run_summary.json,not-published,validation,False
Qwen/Qwen2.5-32B-Instruct,L1,cladder,random_init,908,qwen32-l1:random_init:908,0.7056599855422974,0.3728923499584198,0.5392761677503586,not-published,outputs/qwen32-l1/random_init/seed-908/run_summary.json,not-published,validation,False
Qwen/Qwen2.5-32B-Instruct,L1,cladder,random_init,909,qwen32-l1:random_init:909,0.7419041395187378,0.279296875,0.5106005072593689,not-published,outputs/qwen32-l1/random_init/seed-909/run_summary.json,not-published,validation,False
Qwen/Qwen2.5-32B-Instruct,L1,cladder,random_init,910,qwen32-l1:random_init:910,0.5076839923858643,0.5455127954483032,0.5265983939170837,not-published,outputs/qwen32-l1/random_init/seed-910/run_summary.json,not-published,validation,False
Qwen/Qwen2.5-32B-Instruct,L1,cladder,random_init,911,qwen32-l1:random_init:911,0.6972901225090027,0.4250870943069458,0.5611886084079742,not-published,outputs/qwen32-l1/random_init/seed-911/run_summary.json,not-published,validation,False
Qwen/Qwen2.5-32B-Instruct,L1,cladder,random_init,912,qwen32-l1:random_init:912,0.6684210300445557,0.41428571939468384,0.5413533747196198,not-published,outputs/qwen32-l1/random_init/seed-912/run_summary.json,not-published,validation,False
Qwen/Qwen2.5-32B-Instruct,L1,cladder,random_init,913,qwen32-l1:random_init:913,0.6748251914978027,0.4339207112789154,0.5543729513883591,not-published,outputs/qwen32-l1/random_init/seed-913/run_summary.json,not-published,validation,False
Qwen/Qwen2.5-32B-Instruct,L1,cladder,random_init,914,qwen32-l1:random_init:914,0.5661717057228088,0.4302788972854614,0.49822530150413513,not-published,outputs/qwen32-l1/random_init/seed-914/run_summary.json,not-published,validation,False
Qwen/Qwen2.5-32B-Instruct,L1,cladder,random_init,915,qwen32-l1:random_init:915,0.6318669319152832,0.4308062493801117,0.5313365906476974,not-published,outputs/qwen32-l1/random_init/seed-915/run_summary.json,not-published,validation,False
Qwen/Qwen2.5-32B-Instruct,L1,cladder,random_init,916,qwen32-l1:random_init:916,0.6115425825119019,0.43071895837783813,0.52113077044487,not-published,outputs/qwen32-l1/random_init/seed-916/run_summary.json,not-published,validation,False
Qwen/Qwen2.5-32B-Instruct,L1,cladder,random_init,917,qwen32-l1:random_init:917,0.7112568020820618,0.32606059312820435,0.5186586976051331,not-published,outputs/qwen32-l1/random_init/seed-917/run_summary.json,not-published,validation,False
Qwen/Qwen2.5-32B-Instruct,L1,cladder,random_init,918,qwen32-l1:random_init:918,0.7224054336547852,0.31396713852882385,0.5181862860918045,not-published,outputs/qwen32-l1/random_init/seed-918/run_summary.json,not-published,validation,False
Qwen/Qwen2.5-32B-Instruct,L1,cladder,random_init,919,qwen32-l1:random_init:919,0.6105072498321533,0.4696327745914459,0.5400700122117996,not-published,outputs/qwen32-l1/random_init/seed-919/run_summary.json,not-published,validation,False
Qwen/Qwen2.5-32B-Instruct,L1,cladder,random_init,920,qwen32-l1:random_init:920,0.5823137760162354,0.450742244720459,0.5165280103683472,not-published,outputs/qwen32-l1/random_init/seed-920/run_summary.json,not-published,validation,False
Qwen/Qwen2.5-32B-Instruct,L2,cladder,drop_commutation,921,qwen32-l2:drop_commutation:921,0.5483800768852234,0.5642946362495422,0.5563373565673828,not-published,outputs/qwen32-l2/drop_commutation/seed-921/run_summary.json,not-published,validation,False
Qwen/Qwen2.5-32B-Instruct,L2,cladder,drop_commutation,922,qwen32-l2:drop_commutation:922,0.7333551645278931,0.6886447072029114,0.7109999358654022,not-published,outputs/qwen32-l2/drop_commutation/seed-922/run_summary.json,not-published,validation,False
Qwen/Qwen2.5-32B-Instruct,L2,cladder,drop_commutation,923,qwen32-l2:drop_commutation:923,0.5240617990493774,0.5195402503013611,0.5218010246753693,not-published,outputs/qwen32-l2/drop_commutation/seed-923/run_summary.json,not-published,validation,False
Qwen/Qwen2.5-32B-Instruct,L2,cladder,drop_commutation,924,qwen32-l2:drop_commutation:924,0.5875226259231567,0.5259146094322205,0.5567186176776886,not-published,outputs/qwen32-l2/drop_commutation/seed-924/run_summary.json,not-published,validation,False
Qwen/Qwen2.5-32B-Instruct,L2,cladder,drop_commutation,925,qwen32-l2:drop_commutation:925,0.6319625973701477,0.5851989984512329,0.6085807979106903,not-published,outputs/qwen32-l2/drop_commutation/seed-925/run_summary.json,not-published,validation,False
Qwen/Qwen2.5-32B-Instruct,L2,cladder,drop_commutation,926,qwen32-l2:drop_commutation:926,0.5316677689552307,0.5334528088569641,0.5325602889060974,not-published,outputs/qwen32-l2/drop_commutation/seed-926/run_summary.json,not-published,validation,False
Qwen/Qwen2.5-32B-Instruct,L2,cladder,drop_commutation,927,qwen32-l2:drop_commutation:927,0.6653560400009155,0.6374695897102356,0.6514128148555756,not-published,outputs/qwen32-l2/drop_commutation/seed-927/run_summary.json,not-published,validation,False
Qwen/Qwen2.5-32B-Instruct,L2,cladder,drop_commutation,928,qwen32-l2:drop_commutation:928,0.7257506847381592,0.6744487881660461,0.7000997364521027,not-published,outputs/qwen32-l2/drop_commutation/seed-928/run_summary.json,not-published,validation,False
Qwen/Qwen2.5-32B-Instruct,L2,cladder,drop_commutation,929,qwen32-l2:drop_commutation:929,0.7470855116844177,0.7200520634651184,0.7335687875747681,not-published,outputs/qwen32-l2/drop_commutation/seed-929/run_summary.json,not-published,validation,False
Qwen/Qwen2.5-32B-Instruct,L2,cladder,drop_commutation,930,qwen32-l2:drop_commutation:930,0.5415584444999695,0.5865384340286255,0.5640484392642975,not-published,outputs/qwen32-l2/drop_commutation/seed-930/run_summary.json,not-published,validation,False
Qwen/Qwen2.5-32B-Instruct,L2,cladder,drop_commutation,931,qwen32-l2:drop_commutation:931,0.7116104960441589,0.6753774881362915,0.6934939920902252,not-published,outputs/qwen32-l2/drop_commutation/seed-931/run_summary.json,not-published,validation,False
Qwen/Qwen2.5-32B-Instruct,L2,cladder,drop_commutation,932,qwen32-l2:drop_commutation:932,0.6593201756477356,0.6232143044471741,0.6412672400474548,not-published,outputs/qwen32-l2/drop_commutation/seed-932/run_summary.json,not-published,validation,False
Qwen/Qwen2.5-32B-Instruct,L2,cladder,drop_commutation,933,qwen32-l2:drop_commutation:933,0.754079282283783,0.7400881052017212,0.7470836937427521,not-published,outputs/qwen32-l2/drop_commutation/seed-933/run_summary.json,not-published,validation,False
Qwen/Qwen2.5-32B-Instruct,L2,cladder,drop_commutation,934,qwen32-l2:drop_commutation:934,0.5604690909385681,0.5537848472595215,0.5571269690990448,not-published,outputs/qwen32-l2/drop_commutation/seed-934/run_summary.json,not-published,validation,False
Qwen/Qwen2.5-32B-Instruct,L2,cladder,drop_commutation,935,qwen32-l2:drop_commutation:935,0.6156708002090454,0.5800240635871887,0.5978474318981171,not-published,outputs/qwen32-l2/drop_commutation/seed-935/run_summary.json,not-published,validation,False
Qwen/Qwen2.5-32B-Instruct,L2,cladder,drop_commutation,936,qwen32-l2:drop_commutation:936,0.6719525456428528,0.6274510025978088,0.6497017741203308,not-published,outputs/qwen32-l2/drop_commutation/seed-936/run_summary.json,not-published,validation,False
Qwen/Qwen2.5-32B-Instruct,L2,cladder,drop_commutation,937,qwen32-l2:drop_commutation:937,0.6299453377723694,0.5921211838722229,0.6110332608222961,not-published,outputs/qwen32-l2/drop_commutation/seed-937/run_summary.json,not-published,validation,False
Qwen/Qwen2.5-32B-Instruct,L2,cladder,drop_commutation,938,qwen32-l2:drop_commutation:938,0.6875549554824829,0.6273474097251892,0.6574511826038361,not-published,outputs/qwen32-l2/drop_commutation/seed-938/run_summary.json,not-published,validation,False
Qwen/Qwen2.5-32B-Instruct,L2,cladder,drop_commutation,939,qwen32-l2:drop_commutation:939,0.6403452754020691,0.5875706076622009,0.613957941532135,not-published,outputs/qwen32-l2/drop_commutation/seed-939/run_summary.json,not-published,validation,False
Qwen/Qwen2.5-32B-Instruct,L2,cladder,drop_commutation,940,qwen32-l2:drop_commutation:940,0.5613865852355957,0.5593792200088501,0.5603829026222229,not-published,outputs/qwen32-l2/drop_commutation/seed-940/run_summary.json,not-published,validation,False
Qwen/Qwen2.5-32B-Instruct,L2,cladder,drop_idempotence,921,qwen32-l2:drop_idempotence:921,0.5439226031303406,0.5649188756942749,0.5544207394123077,not-published,outputs/qwen32-l2/drop_idempotence/seed-921/run_summary.json,not-published,validation,False
Qwen/Qwen2.5-32B-Instruct,L2,cladder,drop_idempotence,922,qwen32-l2:drop_idempotence:922,0.719493567943573,0.6800976991653442,0.6997956335544586,not-published,outputs/qwen32-l2/drop_idempotence/seed-922/run_summary.json,not-published,validation,False
Qwen/Qwen2.5-32B-Instruct,L2,cladder,drop_idempotence,923,qwen32-l2:drop_idempotence:923,0.5326710939407349,0.5201149582862854,0.5263930261135101,not-published,outputs/qwen32-l2/drop_idempotence/seed-923/run_summary.json,not-published,validation,False
Qwen/Qwen2.5-32B-Instruct,L2,cladder,drop_idempotence,924,qwen32-l2:drop_idempotence:924,0.5901268124580383,0.514735758304596,0.5524312853813171,not-published,outputs/qwen32-l2/drop_idempotence/seed-924/run_summary.json,not-published,validation,False
Qwen/Qwen2.5-32B-Instruct,L2,cladder,drop_idempotence,925,qwen32-l2:drop_idempotence:925,0.6304395198822021,0.5771144032478333,0.6037769615650177,not-published,outputs/qwen32-l2/drop_idempotence/seed-925/run_summary.json,not-published,validation,False
Qwen/Qwen2.5-32B-Instruct,L2,cladder,drop_idempotence,926,qwen32-l2:drop_idempotence:926,0.5416392683982849,0.5047789812088013,0.5232091248035431,not-published,outputs/qwen32-l2/drop_idempotence/seed-926/run_summary.json,not-published,validation,False
Qwen/Qwen2.5-32B-Instruct,L2,cladder,drop_idempotence,927,qwen32-l2:drop_idempotence:927,0.6645915508270264,0.6319951415061951,0.6482933461666107,not-published,outputs/qwen32-l2/drop_idempotence/seed-927/run_summary.json,not-published,validation,False
Qwen/Qwen2.5-32B-Instruct,L2,cladder,drop_idempotence,928,qwen32-l2:drop_idempotence:928,0.7286670804023743,0.6770427823066711,0.7028549313545227,not-published,outputs/qwen32-l2/drop_idempotence/seed-928/run_summary.json,not-published,validation,False
Qwen/Qwen2.5-32B-Instruct,L2,cladder,drop_idempotence,929,qwen32-l2:drop_idempotence:929,0.75,0.7076823115348816,0.7288411557674408,not-published,outputs/qwen32-l2/drop_idempotence/seed-929/run_summary.json,not-published,validation,False
Qwen/Qwen2.5-32B-Instruct,L2,cladder,drop_idempotence,930,qwen32-l2:drop_idempotence:930,0.536796510219574,0.5698717832565308,0.5533341467380524,not-published,outputs/qwen32-l2/drop_idempotence/seed-930/run_summary.json,not-published,validation,False
Qwen/Qwen2.5-32B-Instruct,L2,cladder,drop_idempotence,931,qwen32-l2:drop_idempotence:931,0.7094073295593262,0.6713124513626099,0.690359890460968,not-published,outputs/qwen32-l2/drop_idempotence/seed-931/run_summary.json,not-published,validation,False
Qwen/Qwen2.5-32B-Instruct,L2,cladder,drop_idempotence,932,qwen32-l2:drop_idempotence:932,0.6634868383407593,0.6226190328598022,0.6430529356002808,not-published,outputs/qwen32-l2/drop_idempotence/seed-932/run_summary.json,not-published,validation,False
Qwen/Qwen2.5-32B-Instruct,L2,cladder,drop_idempotence,933,qwen32-l2:drop_idempotence:933,0.7481458187103271,0.7298091053962708,0.738977462053299,not-published,outputs/qwen32-l2/drop_idempotence/seed-933/run_summary.json,not-published,validation,False
Qwen/Qwen2.5-32B-Instruct,L2,cladder,drop_idempotence,934,qwen32-l2:drop_idempotence:934,0.5550892949104309,0.555112898349762,0.5551010966300964,not-published,outputs/qwen32-l2/drop_idempotence/seed-934/run_summary.json,not-published,validation,False
Qwen/Qwen2.5-32B-Instruct,L2,cladder,drop_idempotence,935,qwen32-l2:drop_idempotence:935,0.6130444407463074,0.5709987878799438,0.5920216143131256,not-published,outputs/qwen32-l2/drop_idempotence/seed-935/run_summary.json,not-published,validation,False
Qwen/Qwen2.5-32B-Instruct,L2,cladder,drop_idempotence,936,qwen32-l2:drop_idempotence:936,0.6626753211021423,0.6248366236686707,0.6437559723854065,not-published,outputs/qwen32-l2/drop_idempotence/seed-936/run_summary.json,not-published,validation,False
Qwen/Qwen2.5-32B-Instruct,L2,cladder,drop_idempotence,937,qwen32-l2:drop_idempotence:937,0.6190164089202881,0.5909090638160706,0.6049627363681793,not-published,outputs/qwen32-l2/drop_idempotence/seed-937/run_summary.json,not-published,validation,False
Qwen/Qwen2.5-32B-Instruct,L2,cladder,drop_idempotence,938,qwen32-l2:drop_idempotence:938,0.6778804063796997,0.6285211443901062,0.653200775384903,not-published,outputs/qwen32-l2/drop_idempotence/seed-938/run_summary.json,not-published,validation,False
Qwen/Qwen2.5-32B-Instruct,L2,cladder,drop_idempotence,939,qwen32-l2:drop_idempotence:939,0.6391730308532715,0.5882768630981445,0.613724946975708,not-published,outputs/qwen32-l2/drop_idempotence/seed-939/run_summary.json,not-published,validation,False
Qwen/Qwen2.5-32B-Instruct,L2,cladder,drop_idempotence,940,qwen32-l2:drop_idempotence:940,0.5591328740119934,0.5587044358253479,0.5589186549186707,not-published,outputs/qwen32-l2/drop_idempotence/seed-940/run_summary.json,not-published,validation,False
Qwen/Qwen2.5-32B-Instruct,L2,cladder,drop_identity,921,qwen32-l2:drop_identity:921,0.5372906923294067,0.5692883729934692,0.553289532661438,not-published,outputs/qwen32-l2/drop_identity/seed-921/run_summary.json,not-published,validation,False
Qwen/Qwen2.5-32B-Instruct,L2,cladder,drop_identity,922,qwen32-l2:drop_identity:922,0.7220039367675781,0.688034176826477,0.7050190567970276,not-published,outputs/qwen32-l2/drop_identity/seed-922/run_summary.json,not-published,validation,False
Qwen/Qwen2.5-32B-Instruct,L2,cladder,drop_identity,923,qwen32-l2:drop_identity:923,0.5270419716835022,0.5287356376647949,0.5278888046741486,not-published,outputs/qwen32-l2/drop_identity/seed-923/run_summary.json,not-published,validation,False
Qwen/Qwen2.5-32B-Instruct,L2,cladder,drop_identity,924,qwen32-l2:drop_identity:924,0.5887681245803833,0.5248983502388,0.5568332374095917,not-published,outputs/qwen32-l2/drop_identity/seed-924/run_summary.json,not-published,validation,False
Qwen/Qwen2.5-32B-Instruct,L2,cladder,drop_identity,925,qwen32-l2:drop_identity:925,0.6385987997055054,0.5740049481391907,0.606301873922348,not-published,outputs/qwen32-l2/drop_identity/seed-925/run_summary.json,not-published,validation,False
Qwen/Qwen2.5-32B-Instruct,L2,cladder,drop_identity,926,qwen32-l2:drop_identity:926,0.5371466279029846,0.5095579624176025,0.5233522951602936,not-published,outputs/qwen32-l2/drop_identity/seed-926/run_summary.json,not-published,validation,False
Qwen/Qwen2.5-32B-Instruct,L2,cladder,drop_identity,927,qwen32-l2:drop_identity:927,0.6610965728759766,0.6386861205101013,0.6498913466930389,not-published,outputs/qwen32-l2/drop_identity/seed-927/run_summary.json,not-published,validation,False
Qwen/Qwen2.5-32B-Instruct,L2,cladder,drop_identity,928,qwen32-l2:drop_identity:928,0.7240224480628967,0.6828793883323669,0.7034509181976318,not-published,outputs/qwen32-l2/drop_identity/seed-928/run_summary.json,not-published,validation,False
Qwen/Qwen2.5-32B-Instruct,L2,cladder,drop_identity,929,qwen32-l2:drop_identity:929,0.7484887838363647,0.7141926884651184,0.7313407361507416,not-published,outputs/qwen32-l2/drop_identity/seed-929/run_summary.json,not-published,validation,False
Qwen/Qwen2.5-32B-Instruct,L2,cladder,drop_identity,930,qwen32-l2:drop_identity:930,0.5456709861755371,0.5756410360336304,0.5606560111045837,not-published,outputs/qwen32-l2/drop_identity/seed-930/run_summary.json,not-published,validation,False
Qwen/Qwen2.5-32B-Instruct,L2,cladder,drop_identity,931,qwen32-l2:drop_identity:931,0.71590656042099,0.6835075616836548,0.6997070610523224,not-published,outputs/qwen32-l2/drop_identity/seed-931/run_summary.json,not-published,validation,False
Qwen/Qwen2.5-32B-Instruct,L2,cladder,drop_identity,932,qwen32-l2:drop_identity:932,0.6627193093299866,0.625595211982727,0.6441572606563568,not-published,outputs/qwen32-l2/drop_identity/seed-932/run_summary.json,not-published,validation,False
Qwen/Qwen2.5-32B-Instruct,L2,cladder,drop_identity,933,qwen32-l2:drop_identity:933,0.753337562084198,0.7290748953819275,0.7412062287330627,not-published,outputs/qwen32-l2/drop_identity/seed-933/run_summary.json,not-published,validation,False
Qwen/Qwen2.5-32B-Instruct,L2,cladder,drop_identity,934,qwen32-l2:drop_identity:934,0.5550892949104309,0.56175297498703,0.5584211349487305,not-published,outputs/qwen32-l2/drop_identity/seed-934/run_summary.json,not-published,validation,False
Qwen/Qwen2.5-32B-Instruct,L2,cladder,drop_identity,935,qwen32-l2:drop_identity:935,0.6202670335769653,0.5860409140586853,0.6031539738178253,not-published,outputs/qwen32-l2/drop_identity/seed-935/run_summary.json,not-published,validation,False
Qwen/Qwen2.5-32B-Instruct,L2,cladder,drop_identity,936,qwen32-l2:drop_identity:936,0.661704421043396,0.6274510025978088,0.6445777118206024,not-published,outputs/qwen32-l2/drop_identity/seed-936/run_summary.json,not-published,validation,False
Qwen/Qwen2.5-32B-Instruct,L2,cladder,drop_identity,937,qwen32-l2:drop_identity:937,0.6275410056114197,0.5727272629737854,0.6001341342926025,not-published,outputs/qwen32-l2/drop_identity/seed-937/run_summary.json,not-published,validation,False
Qwen/Qwen2.5-32B-Instruct,L2,cladder,drop_identity,938,qwen32-l2:drop_identity:938,0.6776605248451233,0.6203051805496216,0.6489828526973724,not-published,outputs/qwen32-l2/drop_identity/seed-938/run_summary.json,not-published,validation,False
Qwen/Qwen2.5-32B-Instruct,L2,cladder,drop_identity,939,qwen32-l2:drop_identity:939,0.6362957954406738,0.5896892547607422,0.612992525100708,not-published,outputs/qwen32-l2/drop_identity/seed-939/run_summary.json,not-published,validation,False
Qwen/Qwen2.5-32B-Instruct,L2,cladder,drop_identity,940,qwen32-l2:drop_identity:940,0.5593475103378296,0.5620782971382141,0.5607129037380219,not-published,outputs/qwen32-l2/drop_identity/seed-940/run_summary.json,not-published,validation,False
Qwen/Qwen2.5-32B-Instruct,L2,cladder,drop_selective_invariance,921,qwen32-l2:drop_selective_invariance:921,0.5556643009185791,0.5711610317230225,0.5634126663208008,not-published,outputs/qwen32-l2/drop_selective_invariance/seed-921/run_summary.json,not-published,validation,False
Qwen/Qwen2.5-32B-Instruct,L2,cladder,drop_selective_invariance,922,qwen32-l2:drop_selective_invariance:922,0.7275704145431519,0.7008547186851501,0.714212566614151,not-published,outputs/qwen32-l2/drop_selective_invariance/seed-922/run_summary.json,not-published,validation,False
Qwen/Qwen2.5-32B-Instruct,L2,cladder,drop_selective_invariance,923,qwen32-l2:drop_selective_invariance:923,0.5283664464950562,0.5298850536346436,0.5291257500648499,not-published,outputs/qwen32-l2/drop_selective_invariance/seed-923/run_summary.json,not-published,validation,False
Qwen/Qwen2.5-32B-Instruct,L2,cladder,drop_selective_invariance,924,qwen32-l2:drop_selective_invariance:924,0.58763587474823,0.5238820910453796,0.5557589828968048,not-published,outputs/qwen32-l2/drop_selective_invariance/seed-924/run_summary.json,not-published,validation,False
Qwen/Qwen2.5-32B-Instruct,L2,cladder,drop_selective_invariance,925,qwen32-l2:drop_selective_invariance:925,0.6359878182411194,0.5883084535598755,0.6121481359004974,not-published,outputs/qwen32-l2/drop_selective_invariance/seed-925/run_summary.json,not-published,validation,False
Qwen/Qwen2.5-32B-Instruct,L2,cladder,drop_selective_invariance,926,qwen32-l2:drop_selective_invariance:926,0.5419679880142212,0.5185185074806213,0.5302432477474213,not-published,outputs/qwen32-l2/drop_selective_invariance/seed-926/run_summary.json,not-published,validation,False
Qwen/Qwen2.5-32B-Instruct,L2,cladder,drop_selective_invariance,927,qwen32-l2:drop_selective_invariance:927,0.6614242196083069,0.6459854245185852,0.653704822063446,not-published,outputs/qwen32-l2/drop_selective_invariance/seed-927/run_summary.json,not-published,validation,False
Qwen/Qwen2.5-32B-Instruct,L2,cladder,drop_selective_invariance,928,qwen32-l2:drop_selective_invariance:928,0.738928496837616,0.6906614899635315,0.7147949934005737,not-published,outputs/qwen32-l2/drop_selective_invariance/seed-928/run_summary.json,not-published,validation,False
Qwen/Qwen2.5-32B-Instruct,L2,cladder,drop_selective_invariance,929,qwen32-l2:drop_selective_invariance:929,0.7509714961051941,0.7115885615348816,0.7312800288200378,not-published,outputs/qwen32-l2/drop_selective_invariance/seed-929/run_summary.json,not-published,validation,False
Qwen/Qwen2.5-32B-Instruct,L2,cladder,drop_selective_invariance,930,qwen32-l2:drop_selective_invariance:930,0.5401515364646912,0.5730769038200378,0.5566142201423645,not-published,outputs/qwen32-l2/drop_selective_invariance/seed-930/run_summary.json,not-published,validation,False
Qwen/Qwen2.5-32B-Instruct,L2,cladder,drop_selective_invariance,931,qwen32-l2:drop_selective_invariance:931,0.7151355147361755,0.6835075616836548,0.6993215382099152,not-published,outputs/qwen32-l2/drop_selective_invariance/seed-931/run_summary.json,not-published,validation,False
Qwen/Qwen2.5-32B-Instruct,L2,cladder,drop_selective_invariance,932,qwen32-l2:drop_selective_invariance:932,0.6587719321250916,0.6327381134033203,0.6457550227642059,not-published,outputs/qwen32-l2/drop_selective_invariance/seed-932/run_summary.json,not-published,validation,False
Qwen/Qwen2.5-32B-Instruct,L2,cladder,drop_selective_invariance,933,qwen32-l2:drop_selective_invariance:933,0.7519601583480835,0.7503671050071716,0.7511636316776276,not-published,outputs/qwen32-l2/drop_selective_invariance/seed-933/run_summary.json,not-published,validation,False
Qwen/Qwen2.5-32B-Instruct,L2,cladder,drop_selective_invariance,934,qwen32-l2:drop_selective_invariance:934,0.5569184422492981,0.5590969324111938,0.558007687330246,not-published,outputs/qwen32-l2/drop_selective_invariance/seed-934/run_summary.json,not-published,validation,False
Qwen/Qwen2.5-32B-Instruct,L2,cladder,drop_selective_invariance,935,qwen32-l2:drop_selective_invariance:935,0.617202877998352,0.5782189965248108,0.5977109372615814,not-published,outputs/qwen32-l2/drop_selective_invariance/seed-935/run_summary.json,not-published,validation,False
Qwen/Qwen2.5-32B-Instruct,L2,cladder,drop_selective_invariance,936,qwen32-l2:drop_selective_invariance:936,0.6675296425819397,0.6477124094963074,0.6576210260391235,not-published,outputs/qwen32-l2/drop_selective_invariance/seed-936/run_summary.json,not-published,validation,False
Qwen/Qwen2.5-32B-Instruct,L2,cladder,drop_selective_invariance,937,qwen32-l2:drop_selective_invariance:937,0.6231694221496582,0.5981818437576294,0.6106756329536438,not-published,outputs/qwen32-l2/drop_selective_invariance/seed-937/run_summary.json,not-published,validation,False
Qwen/Qwen2.5-32B-Instruct,L2,cladder,drop_selective_invariance,938,qwen32-l2:drop_selective_invariance:938,0.6778804063796997,0.6402581930160522,0.659069299697876,not-published,outputs/qwen32-l2/drop_selective_invariance/seed-938/run_summary.json,not-published,validation,False
Qwen/Qwen2.5-32B-Instruct,L2,cladder,drop_selective_invariance,939,qwen32-l2:drop_selective_invariance:939,0.6378942728042603,0.604519784450531,0.6212070286273956,not-published,outputs/qwen32-l2/drop_selective_invariance/seed-939/run_summary.json,not-published,validation,False
Qwen/Qwen2.5-32B-Instruct,L2,cladder,drop_selective_invariance,940,qwen32-l2:drop_selective_invariance:940,0.5668598413467407,0.5607287287712097,0.5637942850589752,not-published,outputs/qwen32-l2/drop_selective_invariance/seed-940/run_summary.json,not-published,validation,False
Qwen/Qwen2.5-32B-Instruct,L2,cladder,full,921,qwen32-l2:full:921,0.5464231371879578,0.5655430555343628,0.5559830963611603,not-published,outputs/qwen32-l2/full/seed-921/run_summary.json,not-published,validation,False
Qwen/Qwen2.5-32B-Instruct,L2,cladder,full,922,qwen32-l2:full:922,0.7299716472625732,0.6849817037582397,0.7074766755104065,not-published,outputs/qwen32-l2/full/seed-922/run_summary.json,not-published,validation,False
Qwen/Qwen2.5-32B-Instruct,L2,cladder,full,923,qwen32-l2:full:923,0.5271522998809814,0.5235632061958313,0.5253577530384064,not-published,outputs/qwen32-l2/full/seed-923/run_summary.json,not-published,validation,False
Qwen/Qwen2.5-32B-Instruct,L2,cladder,full,924,qwen32-l2:full:924,0.5809556245803833,0.5284552574157715,0.5547054409980774,not-published,outputs/qwen32-l2/full/seed-924/run_summary.json,not-published,validation,False
Qwen/Qwen2.5-32B-Instruct,L2,cladder,full,925,qwen32-l2:full:925,0.6335944533348083,0.5758706331253052,0.6047325432300568,not-published,outputs/qwen32-l2/full/seed-925/run_summary.json,not-published,validation,False
Qwen/Qwen2.5-32B-Instruct,L2,cladder,full,926,qwen32-l2:full:926,0.5453649163246155,0.5071684718132019,0.5262666940689087,not-published,outputs/qwen32-l2/full/seed-926/run_summary.json,not-published,validation,False
Qwen/Qwen2.5-32B-Instruct,L2,cladder,full,927,qwen32-l2:full:927,0.6612057685852051,0.6538929343223572,0.6575493514537811,not-published,outputs/qwen32-l2/full/seed-927/run_summary.json,not-published,validation,False
Qwen/Qwen2.5-32B-Instruct,L2,cladder,full,928,qwen32-l2:full:928,0.7253186702728271,0.6718547344207764,0.6985867023468018,not-published,outputs/qwen32-l2/full/seed-928/run_summary.json,not-published,validation,False
Qwen/Qwen2.5-32B-Instruct,L2,cladder,full,929,qwen32-l2:full:929,0.7492443919181824,0.7122395634651184,0.7307419776916504,not-published,outputs/qwen32-l2/full/seed-929/run_summary.json,not-published,validation,False
Qwen/Qwen2.5-32B-Instruct,L2,cladder,full,930,qwen32-l2:full:930,0.5457792282104492,0.5801281929016113,0.5629537105560303,not-published,outputs/qwen32-l2/full/seed-930/run_summary.json,not-published,validation,False
Qwen/Qwen2.5-32B-Instruct,L2,cladder,full,931,qwen32-l2:full:931,0.707424521446228,0.6945412158966064,0.7009828686714172,not-published,outputs/qwen32-l2/full/seed-931/run_summary.json,not-published,validation,False
Qwen/Qwen2.5-32B-Instruct,L2,cladder,full,932,qwen32-l2:full:932,0.6639254093170166,0.6166666746139526,0.6402960419654846,not-published,outputs/qwen32-l2/full/seed-932/run_summary.json,not-published,validation,False
Qwen/Qwen2.5-32B-Instruct,L2,cladder,full,933,qwen32-l2:full:933,0.752913773059845,0.7224669456481934,0.7376903593540192,not-published,outputs/qwen32-l2/full/seed-933/run_summary.json,not-published,validation,False
Qwen/Qwen2.5-32B-Instruct,L2,cladder,full,934,qwen32-l2:full:934,0.5554121136665344,0.5557768940925598,0.5555945038795471,not-published,outputs/qwen32-l2/full/seed-934/run_summary.json,not-published,validation,False
Qwen/Qwen2.5-32B-Instruct,L2,cladder,full,935,qwen32-l2:full:935,0.6179689168930054,0.5842358469963074,0.6011023819446564,not-published,outputs/qwen32-l2/full/seed-935/run_summary.json,not-published,validation,False
Qwen/Qwen2.5-32B-Instruct,L2,cladder,full,936,qwen32-l2:full:936,0.6578209400177002,0.6287581920623779,0.6432895660400391,not-published,outputs/qwen32-l2/full/seed-936/run_summary.json,not-published,validation,False
Qwen/Qwen2.5-32B-Instruct,L2,cladder,full,937,qwen32-l2:full:937,0.6281967163085938,0.578181803226471,0.6031892597675323,not-published,outputs/qwen32-l2/full/seed-937/run_summary.json,not-published,validation,False
Qwen/Qwen2.5-32B-Instruct,L2,cladder,full,938,qwen32-l2:full:938,0.6804089546203613,0.6208920478820801,0.6506505012512207,not-published,outputs/qwen32-l2/full/seed-938/run_summary.json,not-published,validation,False
Qwen/Qwen2.5-32B-Instruct,L2,cladder,full,939,qwen32-l2:full:939,0.6359761357307434,0.5847457647323608,0.6103609502315521,not-published,outputs/qwen32-l2/full/seed-939/run_summary.json,not-published,validation,False
Qwen/Qwen2.5-32B-Instruct,L2,cladder,full,940,qwen32-l2:full:940,0.5578450560569763,0.5573549270629883,0.5575999915599823,not-published,outputs/qwen32-l2/full/seed-940/run_summary.json,not-published,validation,False
Qwen/Qwen2.5-32B-Instruct,L3,cladder,lora_matched,941,qwen32-l3:lora_matched:941,0.5165253281593323,0.5530586838722229,0.5347920060157776,not-published,outputs/qwen32-l3/lora_matched/seed-941/run_summary.json,not-published,validation,False
Qwen/Qwen2.5-32B-Instruct,L3,cladder,lora_matched,942,qwen32-l3:lora_matched:942,0.6749618053436279,0.5048840045928955,0.5899229049682617,not-published,outputs/qwen32-l3/lora_matched/seed-942/run_summary.json,not-published,validation,False
Qwen/Qwen2.5-32B-Instruct,L3,cladder,lora_matched,943,qwen32-l3:lora_matched:943,0.5238410830497742,0.5298850536346436,0.5268630683422089,not-published,outputs/qwen32-l3/lora_matched/seed-943/run_summary.json,not-published,validation,False
Qwen/Qwen2.5-32B-Instruct,L3,cladder,lora_matched,944,qwen32-l3:lora_matched:944,0.5666893124580383,0.5497967600822449,0.5582430362701416,not-published,outputs/qwen32-l3/lora_matched/seed-944/run_summary.json,not-published,validation,False
Qwen/Qwen2.5-32B-Instruct,L3,cladder,lora_matched,945,qwen32-l3:lora_matched:945,0.6244560480117798,0.482587069272995,0.5535215586423874,not-published,outputs/qwen32-l3/lora_matched/seed-945/run_summary.json,not-published,validation,False
Qwen/Qwen2.5-32B-Instruct,L3,cladder,loreft,941,qwen32-l3:loreft:941,0.5165253281593323,0.5530586838722229,0.5347920060157776,not-published,outputs/qwen32-l3/loreft/seed-941/run_summary.json,not-published,validation,False
Qwen/Qwen2.5-32B-Instruct,L3,cladder,loreft,942,qwen32-l3:loreft:942,0.6749618053436279,0.5048840045928955,0.5899229049682617,not-published,outputs/qwen32-l3/loreft/seed-942/run_summary.json,not-published,validation,False
Qwen/Qwen2.5-32B-Instruct,L3,cladder,loreft,943,qwen32-l3:loreft:943,0.5238410830497742,0.5298850536346436,0.5268630683422089,not-published,outputs/qwen32-l3/loreft/seed-943/run_summary.json,not-published,validation,False
Qwen/Qwen2.5-32B-Instruct,L3,cladder,loreft,944,qwen32-l3:loreft:944,0.5666893124580383,0.5497967600822449,0.5582430362701416,not-published,outputs/qwen32-l3/loreft/seed-944/run_summary.json,not-published,validation,False
Qwen/Qwen2.5-32B-Instruct,L3,cladder,loreft,945,qwen32-l3:loreft:945,0.6244560480117798,0.482587069272995,0.5535215586423874,not-published,outputs/qwen32-l3/loreft/seed-945/run_summary.json,not-published,validation,False
Qwen/Qwen2.5-32B-Instruct,L3,cladder,o1,941,qwen32-l3:o1:941,0.4963035583496094,0.5268414616584778,0.5115725100040436,not-published,outputs/qwen32-l3/o1/seed-941/run_summary.json,not-published,validation,False
Qwen/Qwen2.5-32B-Instruct,L3,cladder,o1,942,qwen32-l3:o1:942,0.6938441395759583,0.49633699655532837,0.5950905680656433,not-published,outputs/qwen32-l3/o1/seed-942/run_summary.json,not-published,validation,False
Qwen/Qwen2.5-32B-Instruct,L3,cladder,o1,943,qwen32-l3:o1:943,0.5144591331481934,0.5120689868927002,0.5132640600204468,not-published,outputs/qwen32-l3/o1/seed-943/run_summary.json,not-published,validation,False
Qwen/Qwen2.5-32B-Instruct,L3,cladder,o1,944,qwen32-l3:o1:944,0.5768795013427734,0.5436992049217224,0.5602893531322479,not-published,outputs/qwen32-l3/o1/seed-944/run_summary.json,not-published,validation,False
Qwen/Qwen2.5-32B-Instruct,L3,cladder,o1,945,qwen32-l3:o1:945,0.6233681440353394,0.47450247406959534,0.5489353090524673,not-published,outputs/qwen32-l3/o1/seed-945/run_summary.json,not-published,validation,False
Qwen/Qwen2.5-32B-Instruct,L3,cladder,o2,941,qwen32-l3:o2:941,0.5165253281593323,0.5530586838722229,0.5347920060157776,not-published,outputs/qwen32-l3/o2/seed-941/run_summary.json,not-published,validation,False
Qwen/Qwen2.5-32B-Instruct,L3,cladder,o2,942,qwen32-l3:o2:942,0.6749618053436279,0.5048840045928955,0.5899229049682617,not-published,outputs/qwen32-l3/o2/seed-942/run_summary.json,not-published,validation,False
Qwen/Qwen2.5-32B-Instruct,L3,cladder,o2,943,qwen32-l3:o2:943,0.5238410830497742,0.5298850536346436,0.5268630683422089,not-published,outputs/qwen32-l3/o2/seed-943/run_summary.json,not-published,validation,False
Qwen/Qwen2.5-32B-Instruct,L3,cladder,o2,944,qwen32-l3:o2:944,0.5666893124580383,0.5497967600822449,0.5582430362701416,not-published,outputs/qwen32-l3/o2/seed-944/run_summary.json,not-published,validation,False
Qwen/Qwen2.5-32B-Instruct,L3,cladder,o2,945,qwen32-l3:o2:945,0.6244560480117798,0.482587069272995,0.5535215586423874,not-published,outputs/qwen32-l3/o2/seed-945/run_summary.json,not-published,validation,False
Qwen/Qwen2.5-32B-Instruct,L3,cladder,o3,941,qwen32-l3:o3:941,0.5600130558013916,0.5736579298973083,0.56683549284935,not-published,outputs/qwen32-l3/o3/seed-941/run_summary.json,not-published,validation,False
Qwen/Qwen2.5-32B-Instruct,L3,cladder,o3,942,qwen32-l3:o3:942,0.7304081916809082,0.6788766980171204,0.7046424448490143,not-published,outputs/qwen32-l3/o3/seed-942/run_summary.json,not-published,validation,False
Qwen/Qwen2.5-32B-Instruct,L3,cladder,o3,943,qwen32-l3:o3:943,0.5249448418617249,0.5413793325424194,0.5331620872020721,not-published,outputs/qwen32-l3/o3/seed-943/run_summary.json,not-published,validation,False
Qwen/Qwen2.5-32B-Instruct,L3,cladder,o3,944,qwen32-l3:o3:944,0.5785778760910034,0.5208333134651184,0.5497055947780609,not-published,outputs/qwen32-l3/o3/seed-944/run_summary.json,not-published,validation,False
Qwen/Qwen2.5-32B-Instruct,L3,cladder,o3,945,qwen32-l3:o3:945,0.6354438662528992,0.5752487778663635,0.6053463220596313,not-published,outputs/qwen32-l3/o3/seed-945/run_summary.json,not-published,validation,False
Qwen/Qwen2.5-32B-Instruct,L3,cladder,prompting,941,qwen32-l3:prompting:941,0.5288106203079224,0.5530586838722229,0.5409346520900726,not-published,outputs/qwen32-l3/prompting/seed-941/run_summary.json,not-published,validation,False
Qwen/Qwen2.5-32B-Instruct,L3,cladder,prompting,942,qwen32-l3:prompting:942,0.7070508599281311,0.3760683834552765,0.5415596216917038,not-published,outputs/qwen32-l3/prompting/seed-942/run_summary.json,not-published,validation,False
Qwen/Qwen2.5-32B-Instruct,L3,cladder,prompting,943,qwen32-l3:prompting:943,0.5467991232872009,0.5022988319396973,0.5245489776134491,not-published,outputs/qwen32-l3/prompting/seed-943/run_summary.json,not-published,validation,False
Qwen/Qwen2.5-32B-Instruct,L3,cladder,prompting,944,qwen32-l3:prompting:944,0.6162816882133484,0.44258129596710205,0.5294314920902252,not-published,outputs/qwen32-l3/prompting/seed-944/run_summary.json,not-published,validation,False
Qwen/Qwen2.5-32B-Instruct,L3,cladder,prompting,945,qwen32-l3:prompting:945,0.6405569911003113,0.4079602062702179,0.5242585986852646,not-published,outputs/qwen32-l3/prompting/seed-945/run_summary.json,not-published,validation,False
Qwen/Qwen2.5-32B-Instruct,L3,cladder,router,941,qwen32-l3:router:941,0.4920634925365448,0.5249688029289246,0.5085161477327347,not-published,outputs/qwen32-l3/router/seed-941/run_summary.json,not-published,validation,False
Qwen/Qwen2.5-32B-Instruct,L3,cladder,router,942,qwen32-l3:router:942,0.6820563077926636,0.5,0.5910281538963318,not-published,outputs/qwen32-l3/router/seed-942/run_summary.json,not-published,validation,False
Qwen/Qwen2.5-32B-Instruct,L3,cladder,router,943,qwen32-l3:router:943,0.5144591331481934,0.5109195113182068,0.5126893222332001,not-published,outputs/qwen32-l3/router/seed-943/run_summary.json,not-published,validation,False
Qwen/Qwen2.5-32B-Instruct,L3,cladder,router,944,qwen32-l3:router:944,0.5708786249160767,0.5421748161315918,0.5565267205238342,not-published,outputs/qwen32-l3/router/seed-944/run_summary.json,not-published,validation,False
Qwen/Qwen2.5-32B-Instruct,L3,cladder,router,945,qwen32-l3:router:945,0.6148825287818909,0.4794776141643524,0.5471800714731216,not-published,outputs/qwen32-l3/router/seed-945/run_summary.json,not-published,validation,False
Qwen/Qwen2.5-32B-Instruct,L3,cladder,task_vector_add,941,qwen32-l3:task_vector_add:941,0.4963035583496094,0.5268414616584778,0.5115725100040436,not-published,outputs/qwen32-l3/task_vector_add/seed-941/run_summary.json,not-published,validation,False
Qwen/Qwen2.5-32B-Instruct,L3,cladder,task_vector_add,942,qwen32-l3:task_vector_add:942,0.6938441395759583,0.49633699655532837,0.5950905680656433,not-published,outputs/qwen32-l3/task_vector_add/seed-942/run_summary.json,not-published,validation,False
Qwen/Qwen2.5-32B-Instruct,L3,cladder,task_vector_add,943,qwen32-l3:task_vector_add:943,0.5144591331481934,0.5120689868927002,0.5132640600204468,not-published,outputs/qwen32-l3/task_vector_add/seed-943/run_summary.json,not-published,validation,False
Qwen/Qwen2.5-32B-Instruct,L3,cladder,task_vector_add,944,qwen32-l3:task_vector_add:944,0.5768795013427734,0.5436992049217224,0.5602893531322479,not-published,outputs/qwen32-l3/task_vector_add/seed-944/run_summary.json,not-published,validation,False
Qwen/Qwen2.5-32B-Instruct,L3,cladder,task_vector_add,945,qwen32-l3:task_vector_add:945,0.6233681440353394,0.47450247406959534,0.5489353090524673,not-published,outputs/qwen32-l3/task_vector_add/seed-945/run_summary.json,not-published,validation,False
Qwen/Qwen2.5-7B-Instruct,L1,cladder,core_base_1law,901,qwen7b-l1:core_base_1law:901,0.5873016119003296,0.5611735582351685,0.574237585067749,not-published,outputs/qwen7b-l1/core_base_1law/seed-901/run_summary.json,not-published,validation,False
Qwen/Qwen2.5-7B-Instruct,L1,cladder,core_base_1law,902,qwen7b-l1:core_base_1law:902,0.6988648772239685,0.5329670310020447,0.6159159541130066,not-published,outputs/qwen7b-l1/core_base_1law/seed-902/run_summary.json,not-published,validation,False
Qwen/Qwen2.5-7B-Instruct,L1,cladder,core_base_1law,903,qwen7b-l1:core_base_1law:903,0.5777041912078857,0.5241379141807556,0.5509210526943207,not-published,outputs/qwen7b-l1/core_base_1law/seed-903/run_summary.json,not-published,validation,False
Qwen/Qwen2.5-7B-Instruct,L1,cladder,core_base_1law,904,qwen7b-l1:core_base_1law:904,0.5789175629615784,0.5543699264526367,0.5666437447071075,not-published,outputs/qwen7b-l1/core_base_1law/seed-904/run_summary.json,not-published,validation,False
Qwen/Qwen2.5-7B-Instruct,L1,cladder,core_base_1law,905,qwen7b-l1:core_base_1law:905,0.604873776435852,0.5590795874595642,0.5819766819477081,not-published,outputs/qwen7b-l1/core_base_1law/seed-905/run_summary.json,not-published,validation,False
Qwen/Qwen2.5-7B-Instruct,L1,cladder,core_base_1law,906,qwen7b-l1:core_base_1law:906,0.595989465713501,0.482676237821579,0.53933285176754,not-published,outputs/qwen7b-l1/core_base_1law/seed-906/run_summary.json,not-published,validation,False
Qwen/Qwen2.5-7B-Instruct,L1,cladder,core_base_1law,907,qwen7b-l1:core_base_1law:907,0.6853429675102234,0.6149635314941406,0.650153249502182,not-published,outputs/qwen7b-l1/core_base_1law/seed-907/run_summary.json,not-published,validation,False
Qwen/Qwen2.5-7B-Instruct,L1,cladder,core_base_1law,908,qwen7b-l1:core_base_1law:908,0.7858068943023682,0.5667963624000549,0.6763016283512115,not-published,outputs/qwen7b-l1/core_base_1law/seed-908/run_summary.json,not-published,validation,False
Qwen/Qwen2.5-7B-Instruct,L1,cladder,core_base_1law,909,qwen7b-l1:core_base_1law:909,0.7724525332450867,0.6334635615348816,0.7029580473899841,not-published,outputs/qwen7b-l1/core_base_1law/seed-909/run_summary.json,not-published,validation,False
Qwen/Qwen2.5-7B-Instruct,L1,cladder,core_base_1law,910,qwen7b-l1:core_base_1law:910,0.5724025964736938,0.5916666388511658,0.5820346176624298,not-published,outputs/qwen7b-l1/core_base_1law/seed-910/run_summary.json,not-published,validation,False
Qwen/Qwen2.5-7B-Instruct,L1,cladder,core_base_1law,911,qwen7b-l1:core_base_1law:911,0.7724168300628662,0.6701509952545166,0.7212839126586914,not-published,outputs/qwen7b-l1/core_base_1law/seed-911/run_summary.json,not-published,validation,False
Qwen/Qwen2.5-7B-Instruct,L1,cladder,core_base_1law,912,qwen7b-l1:core_base_1law:912,0.5872806906700134,0.5249999761581421,0.5561403334140778,not-published,outputs/qwen7b-l1/core_base_1law/seed-912/run_summary.json,not-published,validation,False
Qwen/Qwen2.5-7B-Instruct,L1,cladder,core_base_1law,913,qwen7b-l1:core_base_1law:913,0.8090696930885315,0.7019089460372925,0.755489319562912,not-published,outputs/qwen7b-l1/core_base_1law/seed-913/run_summary.json,not-published,validation,False
Qwen/Qwen2.5-7B-Instruct,L1,cladder,core_base_1law,914,qwen7b-l1:core_base_1law:914,0.565418541431427,0.5212483406066895,0.5433334410190582,not-published,outputs/qwen7b-l1/core_base_1law/seed-914/run_summary.json,not-published,validation,False
Qwen/Qwen2.5-7B-Instruct,L1,cladder,core_base_1law,915,qwen7b-l1:core_base_1law:915,0.654410183429718,0.5367027521133423,0.5955564677715302,not-published,outputs/qwen7b-l1/core_base_1law/seed-915/run_summary.json,not-published,validation,False
Qwen/Qwen2.5-7B-Instruct,L1,cladder,core_base_1law,916,qwen7b-l1:core_base_1law:916,0.7496224641799927,0.6261438131332397,0.6878831386566162,not-published,outputs/qwen7b-l1/core_base_1law/seed-916/run_summary.json,not-published,validation,False
Qwen/Qwen2.5-7B-Instruct,L1,cladder,core_base_1law,917,qwen7b-l1:core_base_1law:917,0.6323497295379639,0.5327273011207581,0.582538515329361,not-published,outputs/qwen7b-l1/core_base_1law/seed-917/run_summary.json,not-published,validation,False
Qwen/Qwen2.5-7B-Instruct,L1,cladder,core_base_1law,918,qwen7b-l1:core_base_1law:918,0.7244942784309387,0.5651408433914185,0.6448175609111786,not-published,outputs/qwen7b-l1/core_base_1law/seed-918/run_summary.json,not-published,validation,False
Qwen/Qwen2.5-7B-Instruct,L1,cladder,core_base_1law,919,qwen7b-l1:core_base_1law:919,0.5828005075454712,0.5621469020843506,0.5724737048149109,not-published,outputs/qwen7b-l1/core_base_1law/seed-919/run_summary.json,not-published,validation,False
Qwen/Qwen2.5-7B-Instruct,L1,cladder,core_base_1law,920,qwen7b-l1:core_base_1law:920,0.6168705821037292,0.5290148258209229,0.572942703962326,not-published,outputs/qwen7b-l1/core_base_1law/seed-920/run_summary.json,not-published,validation,False
Qwen/Qwen2.5-7B-Instruct,L1,cladder,core_full_4law,901,qwen7b-l1:core_full_4law:901,0.6043705344200134,0.5443196296691895,0.5743450820446014,not-published,outputs/qwen7b-l1/core_full_4law/seed-901/run_summary.json,not-published,validation,False
Qwen/Qwen2.5-7B-Instruct,L1,cladder,core_full_4law,902,qwen7b-l1:core_full_4law:902,0.6977733969688416,0.5213675498962402,0.6095704734325409,not-published,outputs/qwen7b-l1/core_full_4law/seed-902/run_summary.json,not-published,validation,False
Qwen/Qwen2.5-7B-Instruct,L1,cladder,core_full_4law,903,qwen7b-l1:core_full_4law:903,0.5798013210296631,0.5166666507720947,0.5482339859008789,not-published,outputs/qwen7b-l1/core_full_4law/seed-903/run_summary.json,not-published,validation,False
Qwen/Qwen2.5-7B-Instruct,L1,cladder,core_full_4law,904,qwen7b-l1:core_full_4law:904,0.5947690010070801,0.5325203537940979,0.563644677400589,not-published,outputs/qwen7b-l1/core_full_4law/seed-904/run_summary.json,not-published,validation,False
Qwen/Qwen2.5-7B-Instruct,L1,cladder,core_full_4law,905,qwen7b-l1:core_full_4law:905,0.6036770939826965,0.5590795874595642,0.5813783407211304,not-published,outputs/qwen7b-l1/core_full_4law/seed-905/run_summary.json,not-published,validation,False
Qwen/Qwen2.5-7B-Instruct,L1,cladder,core_full_4law,906,qwen7b-l1:core_full_4law:906,0.5950033068656921,0.4778972566127777,0.5364502817392349,not-published,outputs/qwen7b-l1/core_full_4law/seed-906/run_summary.json,not-published,validation,False
Qwen/Qwen2.5-7B-Instruct,L1,cladder,core_full_4law,907,qwen7b-l1:core_full_4law:907,0.6795544028282166,0.6003649830818176,0.6399596929550171,not-published,outputs/qwen7b-l1/core_full_4law/seed-907/run_summary.json,not-published,validation,False
Qwen/Qwen2.5-7B-Instruct,L1,cladder,core_full_4law,908,qwen7b-l1:core_full_4law:908,0.7829985022544861,0.5531777143478394,0.6680881083011627,not-published,outputs/qwen7b-l1/core_full_4law/seed-908/run_summary.json,not-published,validation,False
Qwen/Qwen2.5-7B-Instruct,L1,cladder,core_full_4law,909,qwen7b-l1:core_full_4law:909,0.7734240293502808,0.607421875,0.6904229521751404,not-published,outputs/qwen7b-l1/core_full_4law/seed-909/run_summary.json,not-published,validation,False
Qwen/Qwen2.5-7B-Instruct,L1,cladder,core_full_4law,910,qwen7b-l1:core_full_4law:910,0.5685064792633057,0.589102566242218,0.5788045227527618,not-published,outputs/qwen7b-l1/core_full_4law/seed-910/run_summary.json,not-published,validation,False
Qwen/Qwen2.5-7B-Instruct,L1,cladder,core_full_4law,911,qwen7b-l1:core_full_4law:911,0.7593082189559937,0.6451800465583801,0.7022441327571869,not-published,outputs/qwen7b-l1/core_full_4law/seed-911/run_summary.json,not-published,validation,False
Qwen/Qwen2.5-7B-Instruct,L1,cladder,core_full_4law,912,qwen7b-l1:core_full_4law:912,0.5867324471473694,0.523809552192688,0.5552709996700287,not-published,outputs/qwen7b-l1/core_full_4law/seed-912/run_summary.json,not-published,validation,False
Qwen/Qwen2.5-7B-Instruct,L1,cladder,core_full_4law,913,qwen7b-l1:core_full_4law:913,0.8214663863182068,0.6725403666496277,0.7470033764839172,not-published,outputs/qwen7b-l1/core_full_4law/seed-913/run_summary.json,not-published,validation,False
Qwen/Qwen2.5-7B-Instruct,L1,cladder,core_full_4law,914,qwen7b-l1:core_full_4law:914,0.5639122128486633,0.529216468334198,0.5465643405914307,not-published,outputs/qwen7b-l1/core_full_4law/seed-914/run_summary.json,not-published,validation,False
Qwen/Qwen2.5-7B-Instruct,L1,cladder,core_full_4law,915,qwen7b-l1:core_full_4law:915,0.6606478691101074,0.5463297367095947,0.6034888029098511,not-published,outputs/qwen7b-l1/core_full_4law/seed-915/run_summary.json,not-published,validation,False
Qwen/Qwen2.5-7B-Instruct,L1,cladder,core_full_4law,916,qwen7b-l1:core_full_4law:916,0.7484357953071594,0.6019607782363892,0.6751982867717743,not-published,outputs/qwen7b-l1/core_full_4law/seed-916/run_summary.json,not-published,validation,False
Qwen/Qwen2.5-7B-Instruct,L1,cladder,core_full_4law,917,qwen7b-l1:core_full_4law:917,0.6417486071586609,0.5290908813476562,0.5854197442531586,not-published,outputs/qwen7b-l1/core_full_4law/seed-917/run_summary.json,not-published,validation,False
Qwen/Qwen2.5-7B-Instruct,L1,cladder,core_full_4law,918,qwen7b-l1:core_full_4law:918,0.7246042490005493,0.5428403615951538,0.6337223052978516,not-published,outputs/qwen7b-l1/core_full_4law/seed-918/run_summary.json,not-published,validation,False
Qwen/Qwen2.5-7B-Instruct,L1,cladder,core_full_4law,919,qwen7b-l1:core_full_4law:919,0.5800298452377319,0.5444915294647217,0.5622606873512268,not-published,outputs/qwen7b-l1/core_full_4law/seed-919/run_summary.json,not-published,validation,False
Qwen/Qwen2.5-7B-Instruct,L1,cladder,core_full_4law,920,qwen7b-l1:core_full_4law:920,0.6314659714698792,0.5094466805458069,0.570456326007843,not-published,outputs/qwen7b-l1/core_full_4law/seed-920/run_summary.json,not-published,validation,False
Qwen/Qwen2.5-7B-Instruct,L1,cladder,core_i_3law,901,qwen7b-l1:core_i_3law:901,0.5990432500839233,0.567415714263916,0.5832294821739197,not-published,outputs/qwen7b-l1/core_i_3law/seed-901/run_summary.json,not-published,validation,False
Qwen/Qwen2.5-7B-Instruct,L1,cladder,core_i_3law,902,qwen7b-l1:core_i_3law:902,0.7012661099433899,0.5268620252609253,0.6140640676021576,not-published,outputs/qwen7b-l1/core_i_3law/seed-902/run_summary.json,not-published,validation,False
Qwen/Qwen2.5-7B-Instruct,L1,cladder,core_i_3law,903,qwen7b-l1:core_i_3law:903,0.5843266844749451,0.5155172348022461,0.5499219596385956,not-published,outputs/qwen7b-l1/core_i_3law/seed-903/run_summary.json,not-published,validation,False
Qwen/Qwen2.5-7B-Instruct,L1,cladder,core_i_3law,904,qwen7b-l1:core_i_3law:904,0.5824275612831116,0.5431910753250122,0.5628093183040619,not-published,outputs/qwen7b-l1/core_i_3law/seed-904/run_summary.json,not-published,validation,False
Qwen/Qwen2.5-7B-Instruct,L1,cladder,core_i_3law,905,qwen7b-l1:core_i_3law:905,0.5988903641700745,0.5621890425682068,0.5805397033691406,not-published,outputs/qwen7b-l1/core_i_3law/seed-905/run_summary.json,not-published,validation,False
Qwen/Qwen2.5-7B-Instruct,L1,cladder,core_i_3law,906,qwen7b-l1:core_i_3law:906,0.5908393859863281,0.4838709533214569,0.5373551696538925,not-published,outputs/qwen7b-l1/core_i_3law/seed-906/run_summary.json,not-published,validation,False
Qwen/Qwen2.5-7B-Instruct,L1,cladder,core_i_3law,907,qwen7b-l1:core_i_3law:907,0.6894932389259338,0.6058394312858582,0.647666335105896,not-published,outputs/qwen7b-l1/core_i_3law/seed-907/run_summary.json,not-published,validation,False
Qwen/Qwen2.5-7B-Instruct,L1,cladder,core_i_3law,908,qwen7b-l1:core_i_3law:908,0.7861309051513672,0.5752269625663757,0.6806789338588715,not-published,outputs/qwen7b-l1/core_i_3law/seed-908/run_summary.json,not-published,validation,False
Qwen/Qwen2.5-7B-Instruct,L1,cladder,core_i_3law,909,qwen7b-l1:core_i_3law:909,0.7710492014884949,0.6171875,0.6941183507442474,not-published,outputs/qwen7b-l1/core_i_3law/seed-909/run_summary.json,not-published,validation,False
Qwen/Qwen2.5-7B-Instruct,L1,cladder,core_i_3law,910,qwen7b-l1:core_i_3law:910,0.572510838508606,0.6000000238418579,0.5862554311752319,not-published,outputs/qwen7b-l1/core_i_3law/seed-910/run_summary.json,not-published,validation,False
Qwen/Qwen2.5-7B-Instruct,L1,cladder,core_i_3law,911,qwen7b-l1:core_i_3law:911,0.7591980695724487,0.6736353039741516,0.7164166867733002,not-published,outputs/qwen7b-l1/core_i_3law/seed-911/run_summary.json,not-published,validation,False
Qwen/Qwen2.5-7B-Instruct,L1,cladder,core_i_3law,912,qwen7b-l1:core_i_3law:912,0.5861842036247253,0.5249999761581421,0.5555920898914337,not-published,outputs/qwen7b-l1/core_i_3law/seed-912/run_summary.json,not-published,validation,False
Qwen/Qwen2.5-7B-Instruct,L1,cladder,core_i_3law,913,qwen7b-l1:core_i_3law:913,0.811188817024231,0.6864904761314392,0.7488396465778351,not-published,outputs/qwen7b-l1/core_i_3law/seed-913/run_summary.json,not-published,validation,False
Qwen/Qwen2.5-7B-Instruct,L1,cladder,core_i_3law,914,qwen7b-l1:core_i_3law:914,0.5604690909385681,0.5172642469406128,0.5388666689395905,not-published,outputs/qwen7b-l1/core_i_3law/seed-914/run_summary.json,not-published,validation,False
Qwen/Qwen2.5-7B-Instruct,L1,cladder,core_i_3law,915,qwen7b-l1:core_i_3law:915,0.6652440428733826,0.5427196025848389,0.6039818227291107,not-published,outputs/qwen7b-l1/core_i_3law/seed-915/run_summary.json,not-published,validation,False
Qwen/Qwen2.5-7B-Instruct,L1,cladder,core_i_3law,916,qwen7b-l1:core_i_3law:916,0.7484357953071594,0.6143791079521179,0.6814074516296387,not-published,outputs/qwen7b-l1/core_i_3law/seed-916/run_summary.json,not-published,validation,False
Qwen/Qwen2.5-7B-Instruct,L1,cladder,core_i_3law,917,qwen7b-l1:core_i_3law:917,0.6394535303115845,0.5260605812072754,0.5827570557594299,not-published,outputs/qwen7b-l1/core_i_3law/seed-917/run_summary.json,not-published,validation,False
Qwen/Qwen2.5-7B-Instruct,L1,cladder,core_i_3law,918,qwen7b-l1:core_i_3law:918,0.7262532711029053,0.56044602394104,0.6433496475219727,not-published,outputs/qwen7b-l1/core_i_3law/seed-918/run_summary.json,not-published,validation,False
Qwen/Qwen2.5-7B-Instruct,L1,cladder,core_i_3law,919,qwen7b-l1:core_i_3law:919,0.5817348957061768,0.5593220591545105,0.5705284774303436,not-published,outputs/qwen7b-l1/core_i_3law/seed-919/run_summary.json,not-published,validation,False
Qwen/Qwen2.5-7B-Instruct,L1,cladder,core_i_3law,920,qwen7b-l1:core_i_3law:920,0.6300708055496216,0.5161943435668945,0.5731325745582581,not-published,outputs/qwen7b-l1/core_i_3law/seed-920/run_summary.json,not-published,validation,False
Qwen/Qwen2.5-7B-Instruct,L1,cladder,do_everything,901,qwen7b-l1:do_everything:901,0.5654489994049072,0.5093632936477661,0.5374061465263367,not-published,outputs/qwen7b-l1/do_everything/seed-901/run_summary.json,not-published,validation,False
Qwen/Qwen2.5-7B-Instruct,L1,cladder,do_everything,902,qwen7b-l1:do_everything:902,0.6704868078231812,0.4743589758872986,0.5724228918552399,not-published,outputs/qwen7b-l1/do_everything/seed-902/run_summary.json,not-published,validation,False
Qwen/Qwen2.5-7B-Instruct,L1,cladder,do_everything,903,qwen7b-l1:do_everything:903,0.5970198512077332,0.501724123954773,0.549371987581253,not-published,outputs/qwen7b-l1/do_everything/seed-903/run_summary.json,not-published,validation,False
Qwen/Qwen2.5-7B-Instruct,L1,cladder,do_everything,904,qwen7b-l1:do_everything:904,0.556046187877655,0.5513211488723755,0.5536836683750153,not-published,outputs/qwen7b-l1/do_everything/seed-904/run_summary.json,not-published,validation,False
Qwen/Qwen2.5-7B-Instruct,L1,cladder,do_everything,905,qwen7b-l1:do_everything:905,0.6018276810646057,0.4981343150138855,0.5499809980392456,not-published,outputs/qwen7b-l1/do_everything/seed-905/run_summary.json,not-published,validation,False
Qwen/Qwen2.5-7B-Instruct,L1,cladder,do_everything,906,qwen7b-l1:do_everything:906,0.5451457500457764,0.4617682099342346,0.5034569799900055,not-published,outputs/qwen7b-l1/do_everything/seed-906/run_summary.json,not-published,validation,False
Qwen/Qwen2.5-7B-Instruct,L1,cladder,do_everything,907,qwen7b-l1:do_everything:907,0.6019003987312317,0.4708029329776764,0.536351665854454,not-published,outputs/qwen7b-l1/do_everything/seed-907/run_summary.json,not-published,validation,False
Qwen/Qwen2.5-7B-Instruct,L1,cladder,do_everything,908,qwen7b-l1:do_everything:908,0.7534024715423584,0.4221789836883545,0.5877907276153564,not-published,outputs/qwen7b-l1/do_everything/seed-908/run_summary.json,not-published,validation,False
Qwen/Qwen2.5-7B-Instruct,L1,cladder,do_everything,909,qwen7b-l1:do_everything:909,0.776338517665863,0.4869791567325592,0.6316588371992111,not-published,outputs/qwen7b-l1/do_everything/seed-909/run_summary.json,not-published,validation,False
Qwen/Qwen2.5-7B-Instruct,L1,cladder,do_everything,910,qwen7b-l1:do_everything:910,0.5439394116401672,0.5487179756164551,0.5463286936283112,not-published,outputs/qwen7b-l1/do_everything/seed-910/run_summary.json,not-published,validation,False
Qwen/Qwen2.5-7B-Instruct,L1,cladder,do_everything,911,qwen7b-l1:do_everything:911,0.7302269339561462,0.4488966464996338,0.58956179022789,not-published,outputs/qwen7b-l1/do_everything/seed-911/run_summary.json,not-published,validation,False
Qwen/Qwen2.5-7B-Instruct,L1,cladder,do_everything,912,qwen7b-l1:do_everything:912,0.5495613813400269,0.5113095045089722,0.5304354429244995,not-published,outputs/qwen7b-l1/do_everything/seed-912/run_summary.json,not-published,validation,False
Qwen/Qwen2.5-7B-Instruct,L1,cladder,do_everything,913,qwen7b-l1:do_everything:913,0.7790845632553101,0.453744500875473,0.6164145320653915,not-published,outputs/qwen7b-l1/do_everything/seed-913/run_summary.json,not-published,validation,False
Qwen/Qwen2.5-7B-Instruct,L1,cladder,do_everything,914,qwen7b-l1:do_everything:914,0.5441144704818726,0.48207172751426697,0.5130930989980698,not-published,outputs/qwen7b-l1/do_everything/seed-914/run_summary.json,not-published,validation,False
Qwen/Qwen2.5-7B-Instruct,L1,cladder,do_everything,915,qwen7b-l1:do_everything:915,0.5692711472511292,0.4945848286151886,0.5319279879331589,not-published,outputs/qwen7b-l1/do_everything/seed-915/run_summary.json,not-published,validation,False
Qwen/Qwen2.5-7B-Instruct,L1,cladder,do_everything,916,qwen7b-l1:do_everything:916,0.6948220133781433,0.4588235318660736,0.5768227726221085,not-published,outputs/qwen7b-l1/do_everything/seed-916/run_summary.json,not-published,validation,False
Qwen/Qwen2.5-7B-Instruct,L1,cladder,do_everything,917,qwen7b-l1:do_everything:917,0.6274316906929016,0.4587878882884979,0.5431097894906998,not-published,outputs/qwen7b-l1/do_everything/seed-917/run_summary.json,not-published,validation,False
Qwen/Qwen2.5-7B-Instruct,L1,cladder,do_everything,918,qwen7b-l1:do_everything:918,0.7048153281211853,0.4184272289276123,0.5616212785243988,not-published,outputs/qwen7b-l1/do_everything/seed-918/run_summary.json,not-published,validation,False
Qwen/Qwen2.5-7B-Instruct,L1,cladder,do_everything,919,qwen7b-l1:do_everything:919,0.5565856695175171,0.5282486081123352,0.5424171388149261,not-published,outputs/qwen7b-l1/do_everything/seed-919/run_summary.json,not-published,validation,False
Qwen/Qwen2.5-7B-Instruct,L1,cladder,do_everything,920,qwen7b-l1:do_everything:920,0.6315733194351196,0.4757085144519806,0.5536409169435501,not-published,outputs/qwen7b-l1/do_everything/seed-920/run_summary.json,not-published,validation,False
Qwen/Qwen2.5-7B-Instruct,L1,cladder,do_nothing,901,qwen7b-l1:do_nothing:901,0.5725157856941223,0.5043695569038391,0.5384426712989807,not-published,outputs/qwen7b-l1/do_nothing/seed-901/run_summary.json,not-published,validation,False
Qwen/Qwen2.5-7B-Instruct,L1,cladder,do_nothing,902,qwen7b-l1:do_nothing:902,0.6955904960632324,0.4218559265136719,0.5587232112884521,not-published,outputs/qwen7b-l1/do_nothing/seed-902/run_summary.json,not-published,validation,False
Qwen/Qwen2.5-7B-Instruct,L1,cladder,do_nothing,903,qwen7b-l1:do_nothing:903,0.5963576436042786,0.4844827651977539,0.5404202044010162,not-published,outputs/qwen7b-l1/do_nothing/seed-903/run_summary.json,not-published,validation,False
Qwen/Qwen2.5-7B-Instruct,L1,cladder,do_nothing,904,qwen7b-l1:do_nothing:904,0.5891078114509583,0.47306910157203674,0.5310884565114975,not-published,outputs/qwen7b-l1/do_nothing/seed-904/run_summary.json,not-published,validation,False
Qwen/Qwen2.5-7B-Instruct,L1,cladder,do_nothing,905,qwen7b-l1:do_nothing:905,0.6367493271827698,0.4235074520111084,0.5301283895969391,not-published,outputs/qwen7b-l1/do_nothing/seed-905/run_summary.json,not-published,validation,False
Qwen/Qwen2.5-7B-Instruct,L1,cladder,do_nothing,906,qwen7b-l1:do_nothing:906,0.5585141181945801,0.49641576409339905,0.5274649411439896,not-published,outputs/qwen7b-l1/do_nothing/seed-906/run_summary.json,not-published,validation,False
Qwen/Qwen2.5-7B-Instruct,L1,cladder,do_nothing,907,qwen7b-l1:do_nothing:907,0.6263652443885803,0.4738442897796631,0.5501047670841217,not-published,outputs/qwen7b-l1/do_nothing/seed-907/run_summary.json,not-published,validation,False
Qwen/Qwen2.5-7B-Instruct,L1,cladder,do_nothing,908,qwen7b-l1:do_nothing:908,0.8090300559997559,0.2542153000831604,0.5316226780414581,not-published,outputs/qwen7b-l1/do_nothing/seed-908/run_summary.json,not-published,validation,False
Qwen/Qwen2.5-7B-Instruct,L1,cladder,do_nothing,909,qwen7b-l1:do_nothing:909,0.8038644194602966,0.2623697817325592,0.5331171005964279,not-published,outputs/qwen7b-l1/do_nothing/seed-909/run_summary.json,not-published,validation,False
Qwen/Qwen2.5-7B-Instruct,L1,cladder,do_nothing,910,qwen7b-l1:do_nothing:910,0.4456709921360016,0.6397435665130615,0.5427072793245316,not-published,outputs/qwen7b-l1/do_nothing/seed-910/run_summary.json,not-published,validation,False
Qwen/Qwen2.5-7B-Instruct,L1,cladder,do_nothing,911,qwen7b-l1:do_nothing:911,0.7508261799812317,0.3588850200176239,0.5548555999994278,not-published,outputs/qwen7b-l1/do_nothing/seed-911/run_summary.json,not-published,validation,False
Qwen/Qwen2.5-7B-Instruct,L1,cladder,do_nothing,912,qwen7b-l1:do_nothing:912,0.5834429860115051,0.48869046568870544,0.5360667258501053,not-published,outputs/qwen7b-l1/do_nothing/seed-912/run_summary.json,not-published,validation,False
Qwen/Qwen2.5-7B-Instruct,L1,cladder,do_nothing,913,qwen7b-l1:do_nothing:913,0.7252596020698547,0.47503671050071716,0.600148156285286,not-published,outputs/qwen7b-l1/do_nothing/seed-913/run_summary.json,not-published,validation,False
Qwen/Qwen2.5-7B-Instruct,L1,cladder,do_nothing,914,qwen7b-l1:do_nothing:914,0.5407789945602417,0.5126162171363831,0.5266976058483124,not-published,outputs/qwen7b-l1/do_nothing/seed-914/run_summary.json,not-published,validation,False
Qwen/Qwen2.5-7B-Instruct,L1,cladder,do_nothing,915,qwen7b-l1:do_nothing:915,0.6342744827270508,0.4440433084964752,0.539158895611763,not-published,outputs/qwen7b-l1/do_nothing/seed-915/run_summary.json,not-published,validation,False
Qwen/Qwen2.5-7B-Instruct,L1,cladder,do_nothing,916,qwen7b-l1:do_nothing:916,0.6758360266685486,0.4673202633857727,0.5715781450271606,not-published,outputs/qwen7b-l1/do_nothing/seed-916/run_summary.json,not-published,validation,False
Qwen/Qwen2.5-7B-Instruct,L1,cladder,do_nothing,917,qwen7b-l1:do_nothing:917,0.6691803336143494,0.38363635540008545,0.5264083445072174,not-published,outputs/qwen7b-l1/do_nothing/seed-917/run_summary.json,not-published,validation,False
Qwen/Qwen2.5-7B-Instruct,L1,cladder,do_nothing,918,qwen7b-l1:do_nothing:918,0.7416446805000305,0.31103286147117615,0.5263387709856033,not-published,outputs/qwen7b-l1/do_nothing/seed-918/run_summary.json,not-published,validation,False
Qwen/Qwen2.5-7B-Instruct,L1,cladder,do_nothing,919,qwen7b-l1:do_nothing:919,0.5691602826118469,0.4922316372394562,0.5306959599256516,not-published,outputs/qwen7b-l1/do_nothing/seed-919/run_summary.json,not-published,validation,False
Qwen/Qwen2.5-7B-Instruct,L1,cladder,do_nothing,920,qwen7b-l1:do_nothing:920,0.6311440467834473,0.43387314677238464,0.532508596777916,not-published,outputs/qwen7b-l1/do_nothing/seed-920/run_summary.json,not-published,validation,False
Qwen/Qwen2.5-7B-Instruct,L1,cladder,random_init,901,qwen7b-l1:random_init:901,0.5658838748931885,0.5037453174591064,0.5348145961761475,not-published,outputs/qwen7b-l1/random_init/seed-901/run_summary.json,not-published,validation,False
Qwen/Qwen2.5-7B-Instruct,L1,cladder,random_init,902,qwen7b-l1:random_init:902,0.6887142658233643,0.42002442479133606,0.5543693453073502,not-published,outputs/qwen7b-l1/random_init/seed-902/run_summary.json,not-published,validation,False
Qwen/Qwen2.5-7B-Instruct,L1,cladder,random_init,903,qwen7b-l1:random_init:903,0.62350994348526,0.45344826579093933,0.5384791046380997,not-published,outputs/qwen7b-l1/random_init/seed-903/run_summary.json,not-published,validation,False
Qwen/Qwen2.5-7B-Instruct,L1,cladder,random_init,904,qwen7b-l1:random_init:904,0.6174139380455017,0.4476625919342041,0.5325382649898529,not-published,outputs/qwen7b-l1/random_init/seed-904/run_summary.json,not-published,validation,False
Qwen/Qwen2.5-7B-Instruct,L1,cladder,random_init,905,qwen7b-l1:random_init:905,0.6086814403533936,0.4496268630027771,0.5291541516780853,not-published,outputs/qwen7b-l1/random_init/seed-905/run_summary.json,not-published,validation,False
Qwen/Qwen2.5-7B-Instruct,L1,cladder,random_init,906,qwen7b-l1:random_init:906,0.5584045648574829,0.4958184063434601,0.5271114856004715,not-published,outputs/qwen7b-l1/random_init/seed-906/run_summary.json,not-published,validation,False
Qwen/Qwen2.5-7B-Instruct,L1,cladder,random_init,907,qwen7b-l1:random_init:907,0.6064875721931458,0.5091241002082825,0.5578058362007141,not-published,outputs/qwen7b-l1/random_init/seed-907/run_summary.json,not-published,validation,False
Qwen/Qwen2.5-7B-Instruct,L1,cladder,random_init,908,qwen7b-l1:random_init:908,0.8108662962913513,0.265239953994751,0.5380531251430511,not-published,outputs/qwen7b-l1/random_init/seed-908/run_summary.json,not-published,validation,False
Qwen/Qwen2.5-7B-Instruct,L1,cladder,random_init,909,qwen7b-l1:random_init:909,0.8132556080818176,0.2408854216337204,0.527070514857769,not-published,outputs/qwen7b-l1/random_init/seed-909/run_summary.json,not-published,validation,False
Qwen/Qwen2.5-7B-Instruct,L1,cladder,random_init,910,qwen7b-l1:random_init:910,0.4683982729911804,0.620512843132019,0.5444555580615997,not-published,outputs/qwen7b-l1/random_init/seed-910/run_summary.json,not-published,validation,False
Qwen/Qwen2.5-7B-Instruct,L1,cladder,random_init,911,qwen7b-l1:random_init:911,0.7535800933837891,0.3385598063468933,0.5460699498653412,not-published,outputs/qwen7b-l1/random_init/seed-911/run_summary.json,not-published,validation,False
Qwen/Qwen2.5-7B-Instruct,L1,cladder,random_init,912,qwen7b-l1:random_init:912,0.5820175409317017,0.4809523820877075,0.5314849615097046,not-published,outputs/qwen7b-l1/random_init/seed-912/run_summary.json,not-published,validation,False
Qwen/Qwen2.5-7B-Instruct,L1,cladder,random_init,913,qwen7b-l1:random_init:913,0.7543970942497253,0.41262850165367126,0.5835127979516983,not-published,outputs/qwen7b-l1/random_init/seed-913/run_summary.json,not-published,validation,False
Qwen/Qwen2.5-7B-Instruct,L1,cladder,random_init,914,qwen7b-l1:random_init:914,0.5449752807617188,0.4986719787120819,0.5218236297369003,not-published,outputs/qwen7b-l1/random_init/seed-914/run_summary.json,not-published,validation,False
Qwen/Qwen2.5-7B-Instruct,L1,cladder,random_init,915,qwen7b-l1:random_init:915,0.6314291954040527,0.4645006060600281,0.5479649007320404,not-published,outputs/qwen7b-l1/random_init/seed-915/run_summary.json,not-published,validation,False
Qwen/Qwen2.5-7B-Instruct,L1,cladder,random_init,916,qwen7b-l1:random_init:916,0.6682847738265991,0.46078431606292725,0.5645345449447632,not-published,outputs/qwen7b-l1/random_init/seed-916/run_summary.json,not-published,validation,False
Qwen/Qwen2.5-7B-Instruct,L1,cladder,random_init,917,qwen7b-l1:random_init:917,0.6704918146133423,0.3909091055393219,0.5307004600763321,not-published,outputs/qwen7b-l1/random_init/seed-917/run_summary.json,not-published,validation,False
Qwen/Qwen2.5-7B-Instruct,L1,cladder,random_init,918,qwen7b-l1:random_init:918,0.7462620735168457,0.3004694879055023,0.523365780711174,not-published,outputs/qwen7b-l1/random_init/seed-918/run_summary.json,not-published,validation,False
Qwen/Qwen2.5-7B-Instruct,L1,cladder,random_init,919,qwen7b-l1:random_init:919,0.5866368412971497,0.48093220591545105,0.5337845236063004,not-published,outputs/qwen7b-l1/random_init/seed-919/run_summary.json,not-published,validation,False
Qwen/Qwen2.5-7B-Instruct,L1,cladder,random_init,920,qwen7b-l1:random_init:920,0.6252414584159851,0.43724697828292847,0.5312442183494568,not-published,outputs/qwen7b-l1/random_init/seed-920/run_summary.json,not-published,validation,False
Qwen/Qwen2.5-7B-Instruct,L2,cladder,drop_commutation,921,qwen7b-l2:drop_commutation:921,0.6048054099082947,0.5823969841003418,0.5936011970043182,not-published,outputs/qwen7b-l2/drop_commutation/seed-921/run_summary.json,not-published,validation,False
Qwen/Qwen2.5-7B-Instruct,L2,cladder,drop_commutation,922,qwen7b-l2:drop_commutation:922,0.7022483944892883,0.553113579750061,0.6276809871196747,not-published,outputs/qwen7b-l2/drop_commutation/seed-922/run_summary.json,not-published,validation,False
Qwen/Qwen2.5-7B-Instruct,L2,cladder,drop_commutation,923,qwen7b-l2:drop_commutation:923,0.5775938034057617,0.5333333611488342,0.555463582277298,not-published,outputs/qwen7b-l2/drop_commutation/seed-923/run_summary.json,not-published,validation,False
Qwen/Qwen2.5-7B-Instruct,L2,cladder,drop_commutation,924,qwen7b-l2:drop_commutation:924,0.586277186870575,0.5152438879013062,0.5507605373859406,not-published,outputs/qwen7b-l2/drop_commutation/seed-924/run_summary.json,not-published,validation,False
Qwen/Qwen2.5-7B-Instruct,L2,cladder,drop_commutation,925,qwen7b-l2:drop_commutation:925,0.6180374026298523,0.5578358173370361,0.5879366099834442,not-published,outputs/qwen7b-l2/drop_commutation/seed-925/run_summary.json,not-published,validation,False
Qwen/Qwen2.5-7B-Instruct,L2,cladder,drop_commutation,926,qwen7b-l2:drop_commutation:926,0.5767039060592651,0.500597357749939,0.538650631904602,not-published,outputs/qwen7b-l2/drop_commutation/seed-926/run_summary.json,not-published,validation,False
Qwen/Qwen2.5-7B-Instruct,L2,cladder,drop_commutation,927,qwen7b-l2:drop_commutation:927,0.6949541568756104,0.6161800622940063,0.6555671095848083,not-published,outputs/qwen7b-l2/drop_commutation/seed-927/run_summary.json,not-published,validation,False
Qwen/Qwen2.5-7B-Instruct,L2,cladder,drop_commutation,928,qwen7b-l2:drop_commutation:928,0.7923957705497742,0.5849546194076538,0.688675194978714,not-published,outputs/qwen7b-l2/drop_commutation/seed-928/run_summary.json,not-published,validation,False
Qwen/Qwen2.5-7B-Instruct,L2,cladder,drop_commutation,929,qwen7b-l2:drop_commutation:929,0.7722365856170654,0.625,0.6986182928085327,not-published,outputs/qwen7b-l2/drop_commutation/seed-929/run_summary.json,not-published,validation,False
Qwen/Qwen2.5-7B-Instruct,L2,cladder,drop_commutation,930,qwen7b-l2:drop_commutation:930,0.5830086469650269,0.5826923251152039,0.5828504860401154,not-published,outputs/qwen7b-l2/drop_commutation/seed-930/run_summary.json,not-published,validation,False
Qwen/Qwen2.5-7B-Instruct,L2,cladder,drop_commutation,931,qwen7b-l2:drop_commutation:931,0.7640449404716492,0.6521486639976501,0.7080968022346497,not-published,outputs/qwen7b-l2/drop_commutation/seed-931/run_summary.json,not-published,validation,False
Qwen/Qwen2.5-7B-Instruct,L2,cladder,drop_commutation,932,qwen7b-l2:drop_commutation:932,0.5917763113975525,0.536309540271759,0.5640429258346558,not-published,outputs/qwen7b-l2/drop_commutation/seed-932/run_summary.json,not-published,validation,False
Qwen/Qwen2.5-7B-Instruct,L2,cladder,drop_commutation,933,qwen7b-l2:drop_commutation:933,0.831849992275238,0.7320117354393005,0.7819308638572693,not-published,outputs/qwen7b-l2/drop_commutation/seed-933/run_summary.json,not-published,validation,False
Qwen/Qwen2.5-7B-Instruct,L2,cladder,drop_commutation,934,qwen7b-l2:drop_commutation:934,0.5634818077087402,0.5431606769561768,0.5533212423324585,not-published,outputs/qwen7b-l2/drop_commutation/seed-934/run_summary.json,not-published,validation,False
Qwen/Qwen2.5-7B-Instruct,L2,cladder,drop_commutation,935,qwen7b-l2:drop_commutation:935,0.6904136538505554,0.5770156383514404,0.6337146461009979,not-published,outputs/qwen7b-l2/drop_commutation/seed-935/run_summary.json,not-published,validation,False
Qwen/Qwen2.5-7B-Instruct,L2,cladder,drop_commutation,936,qwen7b-l2:drop_commutation:936,0.7583603262901306,0.6326797604560852,0.6955200433731079,not-published,outputs/qwen7b-l2/drop_commutation/seed-936/run_summary.json,not-published,validation,False
Qwen/Qwen2.5-7B-Instruct,L2,cladder,drop_commutation,937,qwen7b-l2:drop_commutation:937,0.6389070749282837,0.5254545211791992,0.5821807980537415,not-published,outputs/qwen7b-l2/drop_commutation/seed-937/run_summary.json,not-published,validation,False
Qwen/Qwen2.5-7B-Instruct,L2,cladder,drop_commutation,938,qwen7b-l2:drop_commutation:938,0.7197669148445129,0.5803990364074707,0.6500829756259918,not-published,outputs/qwen7b-l2/drop_commutation/seed-938/run_summary.json,not-published,validation,False
Qwen/Qwen2.5-7B-Instruct,L2,cladder,drop_commutation,939,qwen7b-l2:drop_commutation:939,0.5890877842903137,0.5515536665916443,0.570320725440979,not-published,outputs/qwen7b-l2/drop_commutation/seed-939/run_summary.json,not-published,validation,False
Qwen/Qwen2.5-7B-Instruct,L2,cladder,drop_commutation,940,qwen7b-l2:drop_commutation:940,0.6295342445373535,0.5202429294586182,0.5748885869979858,not-published,outputs/qwen7b-l2/drop_commutation/seed-940/run_summary.json,not-published,validation,False
Qwen/Qwen2.5-7B-Instruct,L2,cladder,drop_idempotence,921,qwen7b-l2:drop_idempotence:921,0.6087192893028259,0.5811485648155212,0.5949339270591736,not-published,outputs/qwen7b-l2/drop_idempotence/seed-921/run_summary.json,not-published,validation,False
Qwen/Qwen2.5-7B-Instruct,L2,cladder,drop_idempotence,922,qwen7b-l2:drop_idempotence:922,0.6908971667289734,0.509768009185791,0.6003325879573822,not-published,outputs/qwen7b-l2/drop_idempotence/seed-922/run_summary.json,not-published,validation,False
Qwen/Qwen2.5-7B-Instruct,L2,cladder,drop_idempotence,923,qwen7b-l2:drop_idempotence:923,0.5785871744155884,0.5350574851036072,0.5568223297595978,not-published,outputs/qwen7b-l2/drop_idempotence/seed-923/run_summary.json,not-published,validation,False
Qwen/Qwen2.5-7B-Instruct,L2,cladder,drop_idempotence,924,qwen7b-l2:drop_idempotence:924,0.5849184989929199,0.5111788511276245,0.5480486750602722,not-published,outputs/qwen7b-l2/drop_idempotence/seed-924/run_summary.json,not-published,validation,False
Qwen/Qwen2.5-7B-Instruct,L2,cladder,drop_idempotence,925,qwen7b-l2:drop_idempotence:925,0.6109660863876343,0.5534825921058655,0.5822243392467499,not-published,outputs/qwen7b-l2/drop_idempotence/seed-925/run_summary.json,not-published,validation,False
Qwen/Qwen2.5-7B-Instruct,L2,cladder,drop_idempotence,926,qwen7b-l2:drop_idempotence:926,0.5919351577758789,0.4808841049671173,0.5364096313714981,not-published,outputs/qwen7b-l2/drop_idempotence/seed-926/run_summary.json,not-published,validation,False
Qwen/Qwen2.5-7B-Instruct,L2,cladder,drop_idempotence,927,qwen7b-l2:drop_idempotence:927,0.6761686205863953,0.6167883276939392,0.6464784741401672,not-published,outputs/qwen7b-l2/drop_idempotence/seed-927/run_summary.json,not-published,validation,False
Qwen/Qwen2.5-7B-Instruct,L2,cladder,drop_idempotence,928,qwen7b-l2:drop_idempotence:928,0.7883992195129395,0.5810635685920715,0.6847313940525055,not-published,outputs/qwen7b-l2/drop_idempotence/seed-928/run_summary.json,not-published,validation,False
Qwen/Qwen2.5-7B-Instruct,L2,cladder,drop_idempotence,929,qwen7b-l2:drop_idempotence:929,0.7704015374183655,0.6100260615348816,0.6902137994766235,not-published,outputs/qwen7b-l2/drop_idempotence/seed-929/run_summary.json,not-published,validation,False
Qwen/Qwen2.5-7B-Instruct,L2,cladder,drop_idempotence,930,qwen7b-l2:drop_idempotence:930,0.58365797996521,0.5570513010025024,0.5703546404838562,not-published,outputs/qwen7b-l2/drop_idempotence/seed-930/run_summary.json,not-published,validation,False
Qwen/Qwen2.5-7B-Instruct,L2,cladder,drop_idempotence,931,qwen7b-l2:drop_idempotence:931,0.7644855976104736,0.6411150097846985,0.7028003036975861,not-published,outputs/qwen7b-l2/drop_idempotence/seed-931/run_summary.json,not-published,validation,False
Qwen/Qwen2.5-7B-Instruct,L2,cladder,drop_idempotence,932,qwen7b-l2:drop_idempotence:932,0.5865131616592407,0.5154761672019958,0.5509946644306183,not-published,outputs/qwen7b-l2/drop_idempotence/seed-932/run_summary.json,not-published,validation,False
Qwen/Qwen2.5-7B-Instruct,L2,cladder,drop_idempotence,933,qwen7b-l2:drop_idempotence:933,0.8364059925079346,0.7283406853675842,0.7823733389377594,not-published,outputs/qwen7b-l2/drop_idempotence/seed-933/run_summary.json,not-published,validation,False
Qwen/Qwen2.5-7B-Instruct,L2,cladder,drop_idempotence,934,qwen7b-l2:drop_idempotence:934,0.5622982382774353,0.5391766428947449,0.5507374405860901,not-published,outputs/qwen7b-l2/drop_idempotence/seed-934/run_summary.json,not-published,validation,False
Qwen/Qwen2.5-7B-Instruct,L2,cladder,drop_idempotence,935,qwen7b-l2:drop_idempotence:935,0.665681779384613,0.5613718628883362,0.6135268211364746,not-published,outputs/qwen7b-l2/drop_idempotence/seed-935/run_summary.json,not-published,validation,False
Qwen/Qwen2.5-7B-Instruct,L2,cladder,drop_idempotence,936,qwen7b-l2:drop_idempotence:936,0.7536138296127319,0.6385620832443237,0.6960879564285278,not-published,outputs/qwen7b-l2/drop_idempotence/seed-936/run_summary.json,not-published,validation,False
Qwen/Qwen2.5-7B-Instruct,L2,cladder,drop_idempotence,937,qwen7b-l2:drop_idempotence:937,0.6301639080047607,0.5315151810646057,0.5808395445346832,not-published,outputs/qwen7b-l2/drop_idempotence/seed-937/run_summary.json,not-published,validation,False
Qwen/Qwen2.5-7B-Instruct,L2,cladder,drop_idempotence,938,qwen7b-l2:drop_idempotence:938,0.7191072702407837,0.5839201807975769,0.6515137255191803,not-published,outputs/qwen7b-l2/drop_idempotence/seed-938/run_summary.json,not-published,validation,False
Qwen/Qwen2.5-7B-Instruct,L2,cladder,drop_idempotence,939,qwen7b-l2:drop_idempotence:939,0.5886615514755249,0.5501412153244019,0.5694013833999634,not-published,outputs/qwen7b-l2/drop_idempotence/seed-939/run_summary.json,not-published,validation,False
Qwen/Qwen2.5-7B-Instruct,L2,cladder,drop_idempotence,940,qwen7b-l2:drop_idempotence:940,0.6264219880104065,0.5236167311668396,0.575019359588623,not-published,outputs/qwen7b-l2/drop_idempotence/seed-940/run_summary.json,not-published,validation,False
Qwen/Qwen2.5-7B-Instruct,L2,cladder,drop_identity,921,qwen7b-l2:drop_identity:921,0.6103500723838806,0.5811485648155212,0.5957493185997009,not-published,outputs/qwen7b-l2/drop_identity/seed-921/run_summary.json,not-published,validation,False
Qwen/Qwen2.5-7B-Instruct,L2,cladder,drop_identity,922,qwen7b-l2:drop_identity:922,0.6977733969688416,0.5396825671195984,0.61872798204422,not-published,outputs/qwen7b-l2/drop_identity/seed-922/run_summary.json,not-published,validation,False
Qwen/Qwen2.5-7B-Instruct,L2,cladder,drop_identity,923,qwen7b-l2:drop_identity:923,0.5774834156036377,0.5281609296798706,0.5528221726417542,not-published,outputs/qwen7b-l2/drop_identity/seed-923/run_summary.json,not-published,validation,False
Qwen/Qwen2.5-7B-Instruct,L2,cladder,drop_identity,924,qwen7b-l2:drop_identity:924,0.5865036249160767,0.5091463327407837,0.5478249788284302,not-published,outputs/qwen7b-l2/drop_identity/seed-924/run_summary.json,not-published,validation,False
Qwen/Qwen2.5-7B-Instruct,L2,cladder,drop_identity,925,qwen7b-l2:drop_identity:925,0.6157528162002563,0.5478855967521667,0.5818192064762115,not-published,outputs/qwen7b-l2/drop_identity/seed-925/run_summary.json,not-published,validation,False
Qwen/Qwen2.5-7B-Instruct,L2,cladder,drop_identity,926,qwen7b-l2:drop_identity:926,0.5937979221343994,0.4856630861759186,0.539730504155159,not-published,outputs/qwen7b-l2/drop_identity/seed-926/run_summary.json,not-published,validation,False
Qwen/Qwen2.5-7B-Instruct,L2,cladder,drop_identity,927,qwen7b-l2:drop_identity:927,0.6843599677085876,0.6119221448898315,0.6481410562992096,not-published,outputs/qwen7b-l2/drop_identity/seed-927/run_summary.json,not-published,validation,False
Qwen/Qwen2.5-7B-Instruct,L2,cladder,drop_identity,928,qwen7b-l2:drop_identity:928,0.7841866612434387,0.5745784640312195,0.6793825626373291,not-published,outputs/qwen7b-l2/drop_identity/seed-928/run_summary.json,not-published,validation,False
Qwen/Qwen2.5-7B-Instruct,L2,cladder,drop_identity,929,qwen7b-l2:drop_identity:929,0.7792530059814453,0.5930989384651184,0.6861759722232819,not-published,outputs/qwen7b-l2/drop_identity/seed-929/run_summary.json,not-published,validation,False
Qwen/Qwen2.5-7B-Instruct,L2,cladder,drop_identity,930,qwen7b-l2:drop_identity:930,0.5913419723510742,0.5705128312110901,0.5809274017810822,not-published,outputs/qwen7b-l2/drop_identity/seed-930/run_summary.json,not-published,validation,False
Qwen/Qwen2.5-7B-Instruct,L2,cladder,drop_identity,931,qwen7b-l2:drop_identity:931,0.7597488164901733,0.6486643552780151,0.7042065858840942,not-published,outputs/qwen7b-l2/drop_identity/seed-931/run_summary.json,not-published,validation,False
Qwen/Qwen2.5-7B-Instruct,L2,cladder,drop_identity,932,qwen7b-l2:drop_identity:932,0.5919955968856812,0.5214285850524902,0.5567120909690857,not-published,outputs/qwen7b-l2/drop_identity/seed-932/run_summary.json,not-published,validation,False
Qwen/Qwen2.5-7B-Instruct,L2,cladder,drop_identity,933,qwen7b-l2:drop_identity:933,0.8302606344223022,0.7195301055908203,0.7748953700065613,not-published,outputs/qwen7b-l2/drop_identity/seed-933/run_summary.json,not-published,validation,False
Qwen/Qwen2.5-7B-Instruct,L2,cladder,drop_identity,934,qwen7b-l2:drop_identity:934,0.5593931674957275,0.5431606769561768,0.5512769222259521,not-published,outputs/qwen7b-l2/drop_identity/seed-934/run_summary.json,not-published,validation,False
Qwen/Qwen2.5-7B-Instruct,L2,cladder,drop_identity,935,qwen7b-l2:drop_identity:935,0.6750929951667786,0.5631768703460693,0.619134932756424,not-published,outputs/qwen7b-l2/drop_identity/seed-935/run_summary.json,not-published,validation,False
Qwen/Qwen2.5-7B-Instruct,L2,cladder,drop_identity,936,qwen7b-l2:drop_identity:936,0.7530744075775146,0.6215686202049255,0.6873215138912201,not-published,outputs/qwen7b-l2/drop_identity/seed-936/run_summary.json,not-published,validation,False
Qwen/Qwen2.5-7B-Instruct,L2,cladder,drop_identity,937,qwen7b-l2:drop_identity:937,0.6407650113105774,0.5133333206176758,0.5770491659641266,not-published,outputs/qwen7b-l2/drop_identity/seed-937/run_summary.json,not-published,validation,False
Qwen/Qwen2.5-7B-Instruct,L2,cladder,drop_identity,938,qwen7b-l2:drop_identity:938,0.7171283960342407,0.5575117468833923,0.6373200714588165,not-published,outputs/qwen7b-l2/drop_identity/seed-938/run_summary.json,not-published,validation,False
Qwen/Qwen2.5-7B-Instruct,L2,cladder,drop_identity,939,qwen7b-l2:drop_identity:939,0.5889812707901001,0.5444915294647217,0.5667364001274109,not-published,outputs/qwen7b-l2/drop_identity/seed-939/run_summary.json,not-published,validation,False
Qwen/Qwen2.5-7B-Instruct,L2,cladder,drop_identity,940,qwen7b-l2:drop_identity:940,0.6347928643226624,0.5202429294586182,0.5775178968906403,not-published,outputs/qwen7b-l2/drop_identity/seed-940/run_summary.json,not-published,validation,False
Qwen/Qwen2.5-7B-Instruct,L2,cladder,drop_selective_invariance,921,qwen7b-l2:drop_selective_invariance:921,0.6131767630577087,0.59113609790802,0.6021564304828644,not-published,outputs/qwen7b-l2/drop_selective_invariance/seed-921/run_summary.json,not-published,validation,False
Qwen/Qwen2.5-7B-Instruct,L2,cladder,drop_selective_invariance,922,qwen7b-l2:drop_selective_invariance:922,0.6912246346473694,0.5286935567855835,0.6099590957164764,not-published,outputs/qwen7b-l2/drop_selective_invariance/seed-922/run_summary.json,not-published,validation,False
Qwen/Qwen2.5-7B-Instruct,L2,cladder,drop_selective_invariance,923,qwen7b-l2:drop_selective_invariance:923,0.5833333134651184,0.5235632061958313,0.5534482598304749,not-published,outputs/qwen7b-l2/drop_selective_invariance/seed-923/run_summary.json,not-published,validation,False
Qwen/Qwen2.5-7B-Instruct,L2,cladder,drop_selective_invariance,924,qwen7b-l2:drop_selective_invariance:924,0.5817481875419617,0.5264227390289307,0.5540854632854462,not-published,outputs/qwen7b-l2/drop_selective_invariance/seed-924/run_summary.json,not-published,validation,False
Qwen/Qwen2.5-7B-Instruct,L2,cladder,drop_selective_invariance,925,qwen7b-l2:drop_selective_invariance:925,0.6091166138648987,0.5671641826629639,0.5881403982639313,not-published,outputs/qwen7b-l2/drop_selective_invariance/seed-925/run_summary.json,not-published,validation,False
Qwen/Qwen2.5-7B-Instruct,L2,cladder,drop_selective_invariance,926,qwen7b-l2:drop_selective_invariance:926,0.5990576148033142,0.47013142704963684,0.5345945209264755,not-published,outputs/qwen7b-l2/drop_selective_invariance/seed-926/run_summary.json,not-published,validation,False
Qwen/Qwen2.5-7B-Instruct,L2,cladder,drop_selective_invariance,927,qwen7b-l2:drop_selective_invariance:927,0.6825032830238342,0.628953754901886,0.6557285189628601,not-published,outputs/qwen7b-l2/drop_selective_invariance/seed-927/run_summary.json,not-published,validation,False
Qwen/Qwen2.5-7B-Instruct,L2,cladder,drop_selective_invariance,928,qwen7b-l2:drop_selective_invariance:928,0.7862389087677002,0.582360565662384,0.6842997372150421,not-published,outputs/qwen7b-l2/drop_selective_invariance/seed-928/run_summary.json,not-published,validation,False
Qwen/Qwen2.5-7B-Instruct,L2,cladder,drop_selective_invariance,929,qwen7b-l2:drop_selective_invariance:929,0.773531973361969,0.6204426884651184,0.6969873309135437,not-published,outputs/qwen7b-l2/drop_selective_invariance/seed-929/run_summary.json,not-published,validation,False
Qwen/Qwen2.5-7B-Instruct,L2,cladder,drop_selective_invariance,930,qwen7b-l2:drop_selective_invariance:930,0.588744580745697,0.571794867515564,0.5802697241306305,not-published,outputs/qwen7b-l2/drop_selective_invariance/seed-930/run_summary.json,not-published,validation,False
Qwen/Qwen2.5-7B-Instruct,L2,cladder,drop_selective_invariance,931,qwen7b-l2:drop_selective_invariance:931,0.7644855976104736,0.6562137007713318,0.7103496491909027,not-published,outputs/qwen7b-l2/drop_selective_invariance/seed-931/run_summary.json,not-published,validation,False
Qwen/Qwen2.5-7B-Instruct,L2,cladder,drop_selective_invariance,932,qwen7b-l2:drop_selective_invariance:932,0.5924342274665833,0.5208333134651184,0.5566337704658508,not-published,outputs/qwen7b-l2/drop_selective_invariance/seed-932/run_summary.json,not-published,validation,False
Qwen/Qwen2.5-7B-Instruct,L2,cladder,drop_selective_invariance,933,qwen7b-l2:drop_selective_invariance:933,0.8313201665878296,0.7393538951873779,0.7853370308876038,not-published,outputs/qwen7b-l2/drop_selective_invariance/seed-933/run_summary.json,not-published,validation,False
Qwen/Qwen2.5-7B-Instruct,L2,cladder,drop_selective_invariance,934,qwen7b-l2:drop_selective_invariance:934,0.565418541431427,0.5345285534858704,0.5499735474586487,not-published,outputs/qwen7b-l2/drop_selective_invariance/seed-934/run_summary.json,not-published,validation,False
Qwen/Qwen2.5-7B-Instruct,L2,cladder,drop_selective_invariance,935,qwen7b-l2:drop_selective_invariance:935,0.6863646507263184,0.5655836462974548,0.6259741485118866,not-published,outputs/qwen7b-l2/drop_selective_invariance/seed-935/run_summary.json,not-published,validation,False
Qwen/Qwen2.5-7B-Instruct,L2,cladder,drop_selective_invariance,936,qwen7b-l2:drop_selective_invariance:936,0.7538295388221741,0.6385620832443237,0.6961958110332489,not-published,outputs/qwen7b-l2/drop_selective_invariance/seed-936/run_summary.json,not-published,validation,False
Qwen/Qwen2.5-7B-Instruct,L2,cladder,drop_selective_invariance,937,qwen7b-l2:drop_selective_invariance:937,0.6363934278488159,0.5254545211791992,0.5809239745140076,not-published,outputs/qwen7b-l2/drop_selective_invariance/seed-937/run_summary.json,not-published,validation,False
Qwen/Qwen2.5-7B-Instruct,L2,cladder,drop_selective_invariance,938,qwen7b-l2:drop_selective_invariance:938,0.720866322517395,0.5710093975067139,0.6459378600120544,not-published,outputs/qwen7b-l2/drop_selective_invariance/seed-938/run_summary.json,not-published,validation,False
Qwen/Qwen2.5-7B-Instruct,L2,cladder,drop_selective_invariance,939,qwen7b-l2:drop_selective_invariance:939,0.5947357416152954,0.5515536665916443,0.5731447041034698,not-published,outputs/qwen7b-l2/drop_selective_invariance/seed-939/run_summary.json,not-published,validation,False
Qwen/Qwen2.5-7B-Instruct,L2,cladder,drop_selective_invariance,940,qwen7b-l2:drop_selective_invariance:940,0.6240609288215637,0.519568145275116,0.5718145370483398,not-published,outputs/qwen7b-l2/drop_selective_invariance/seed-940/run_summary.json,not-published,validation,False
Qwen/Qwen2.5-7B-Instruct,L2,cladder,full,921,qwen7b-l2:full:921,0.6145901083946228,0.5705368518829346,0.5925634801387787,not-published,outputs/qwen7b-l2/full/seed-921/run_summary.json,not-published,validation,False
Qwen/Qwen2.5-7B-Instruct,L2,cladder,full,922,qwen7b-l2:full:922,0.689587414264679,0.5384615659713745,0.6140244901180267,not-published,outputs/qwen7b-l2/full/seed-922/run_summary.json,not-published,validation,False
Qwen/Qwen2.5-7B-Instruct,L2,cladder,full,923,qwen7b-l2:full:923,0.5773730874061584,0.5367816090583801,0.5570773482322693,not-published,outputs/qwen7b-l2/full/seed-923/run_summary.json,not-published,validation,False
Qwen/Qwen2.5-7B-Instruct,L2,cladder,full,924,qwen7b-l2:full:924,0.5869565010070801,0.5106707215309143,0.5488136112689972,not-published,outputs/qwen7b-l2/full/seed-924/run_summary.json,not-published,validation,False
Qwen/Qwen2.5-7B-Instruct,L2,cladder,full,925,qwen7b-l2:full:925,0.6139034032821655,0.5453979969024658,0.5796507000923157,not-published,outputs/qwen7b-l2/full/seed-925/run_summary.json,not-published,validation,False
Qwen/Qwen2.5-7B-Instruct,L2,cladder,full,926,qwen7b-l2:full:926,0.5818540453910828,0.482676237821579,0.5322651416063309,not-published,outputs/qwen7b-l2/full/seed-926/run_summary.json,not-published,validation,False
Qwen/Qwen2.5-7B-Instruct,L2,cladder,full,927,qwen7b-l2:full:927,0.6821756362915039,0.614355206489563,0.6482654213905334,not-published,outputs/qwen7b-l2/full/seed-927/run_summary.json,not-published,validation,False
Qwen/Qwen2.5-7B-Instruct,L2,cladder,full,928,qwen7b-l2:full:928,0.786670982837677,0.576524019241333,0.681597501039505,not-published,outputs/qwen7b-l2/full/seed-928/run_summary.json,not-published,validation,False
Qwen/Qwen2.5-7B-Instruct,L2,cladder,full,929,qwen7b-l2:full:929,0.7702935934066772,0.6009114384651184,0.6856025159358978,not-published,outputs/qwen7b-l2/full/seed-929/run_summary.json,not-published,validation,False
Qwen/Qwen2.5-7B-Instruct,L2,cladder,full,930,qwen7b-l2:full:930,0.5827922224998474,0.5788461565971375,0.5808191895484924,not-published,outputs/qwen7b-l2/full/seed-930/run_summary.json,not-published,validation,False
Qwen/Qwen2.5-7B-Instruct,L2,cladder,full,931,qwen7b-l2:full:931,0.7607402801513672,0.6289198398590088,0.694830060005188,not-published,outputs/qwen7b-l2/full/seed-931/run_summary.json,not-published,validation,False
Qwen/Qwen2.5-7B-Instruct,L2,cladder,full,932,qwen7b-l2:full:932,0.5894736647605896,0.526190459728241,0.5578320622444153,not-published,outputs/qwen7b-l2/full/seed-932/run_summary.json,not-published,validation,False
Qwen/Qwen2.5-7B-Instruct,L2,cladder,full,933,qwen7b-l2:full:933,0.8304725289344788,0.6997063159942627,0.7650894224643707,not-published,outputs/qwen7b-l2/full/seed-933/run_summary.json,not-published,validation,False
Qwen/Qwen2.5-7B-Instruct,L2,cladder,full,934,qwen7b-l2:full:934,0.5663869380950928,0.5424966812133789,0.5544418096542358,not-published,outputs/qwen7b-l2/full/seed-934/run_summary.json,not-published,validation,False
Qwen/Qwen2.5-7B-Instruct,L2,cladder,full,935,qwen7b-l2:full:935,0.6782665848731995,0.560168445110321,0.6192175149917603,not-published,outputs/qwen7b-l2/full/seed-935/run_summary.json,not-published,validation,False
Qwen/Qwen2.5-7B-Instruct,L2,cladder,full,936,qwen7b-l2:full:936,0.754045307636261,0.613725483417511,0.683885395526886,not-published,outputs/qwen7b-l2/full/seed-936/run_summary.json,not-published,validation,False
Qwen/Qwen2.5-7B-Instruct,L2,cladder,full,937,qwen7b-l2:full:937,0.6431694030761719,0.524848461151123,0.5840089321136475,not-published,outputs/qwen7b-l2/full/seed-937/run_summary.json,not-published,validation,False
Qwen/Qwen2.5-7B-Instruct,L2,cladder,full,938,qwen7b-l2:full:938,0.7170184850692749,0.5633803009986877,0.6401993930339813,not-published,outputs/qwen7b-l2/full/seed-938/run_summary.json,not-published,validation,False
Qwen/Qwen2.5-7B-Instruct,L2,cladder,full,939,qwen7b-l2:full:939,0.5867434144020081,0.5437853336334229,0.5652643740177155,not-published,outputs/qwen7b-l2/full/seed-939/run_summary.json,not-published,validation,False
Qwen/Qwen2.5-7B-Instruct,L2,cladder,full,940,qwen7b-l2:full:940,0.631251335144043,0.5094466805458069,0.5703490078449249,not-published,outputs/qwen7b-l2/full/seed-940/run_summary.json,not-published,validation,False
Qwen/Qwen2.5-7B-Instruct,L3,cladder,lora_matched,941,qwen7b-l3:lora_matched:941,0.5643618106842041,0.5443196296691895,0.5543407201766968,not-published,outputs/qwen7b-l3/lora_matched/seed-941/run_summary.json,not-published,validation,False
Qwen/Qwen2.5-7B-Instruct,L3,cladder,lora_matched,942,qwen7b-l3:lora_matched:942,0.684785008430481,0.4890109896659851,0.586897999048233,not-published,outputs/qwen7b-l3/lora_matched/seed-942/run_summary.json,not-published,validation,False
Qwen/Qwen2.5-7B-Instruct,L3,cladder,lora_matched,943,qwen7b-l3:lora_matched:943,0.5874172449111938,0.5126436948776245,0.5500304698944092,not-published,outputs/qwen7b-l3/lora_matched/seed-943/run_summary.json,not-published,validation,False
Qwen/Qwen2.5-7B-Instruct,L3,cladder,lora_matched,944,qwen7b-l3:lora_matched:944,0.5745018124580383,0.5503048896789551,0.5624033510684967,not-published,outputs/qwen7b-l3/lora_matched/seed-944/run_summary.json,not-published,validation,False
Qwen/Qwen2.5-7B-Instruct,L3,cladder,lora_matched,945,qwen7b-l3:lora_matched:945,0.5820278525352478,0.5236318111419678,0.5528298318386078,not-published,outputs/qwen7b-l3/lora_matched/seed-945/run_summary.json,not-published,validation,False
Qwen/Qwen2.5-7B-Instruct,L3,cladder,loreft,941,qwen7b-l3:loreft:941,0.5643618106842041,0.5443196296691895,0.5543407201766968,not-published,outputs/qwen7b-l3/loreft/seed-941/run_summary.json,not-published,validation,False
Qwen/Qwen2.5-7B-Instruct,L3,cladder,loreft,942,qwen7b-l3:loreft:942,0.684785008430481,0.4890109896659851,0.586897999048233,not-published,outputs/qwen7b-l3/loreft/seed-942/run_summary.json,not-published,validation,False
Qwen/Qwen2.5-7B-Instruct,L3,cladder,loreft,943,qwen7b-l3:loreft:943,0.5874172449111938,0.5126436948776245,0.5500304698944092,not-published,outputs/qwen7b-l3/loreft/seed-943/run_summary.json,not-published,validation,False
Qwen/Qwen2.5-7B-Instruct,L3,cladder,loreft,944,qwen7b-l3:loreft:944,0.5745018124580383,0.5503048896789551,0.5624033510684967,not-published,outputs/qwen7b-l3/loreft/seed-944/run_summary.json,not-published,validation,False
Qwen/Qwen2.5-7B-Instruct,L3,cladder,loreft,945,qwen7b-l3:loreft:945,0.5820278525352478,0.5236318111419678,0.5528298318386078,not-published,outputs/qwen7b-l3/loreft/seed-945/run_summary.json,not-published,validation,False
Qwen/Qwen2.5-7B-Instruct,L3,cladder,o1,941,qwen7b-l3:o1:941,0.5669710636138916,0.5068663954734802,0.5369187295436859,not-published,outputs/qwen7b-l3/o1/seed-941/run_summary.json,not-published,validation,False
Qwen/Qwen2.5-7B-Instruct,L3,cladder,o1,942,qwen7b-l3:o1:942,0.684457540512085,0.47374847531318665,0.5791030079126358,not-published,outputs/qwen7b-l3/o1/seed-942/run_summary.json,not-published,validation,False
Qwen/Qwen2.5-7B-Instruct,L3,cladder,o1,943,qwen7b-l3:o1:943,0.5878587365150452,0.5114942789077759,0.5496765077114105,not-published,outputs/qwen7b-l3/o1/seed-943/run_summary.json,not-published,validation,False
Qwen/Qwen2.5-7B-Instruct,L3,cladder,o1,944,qwen7b-l3:o1:944,0.5714447498321533,0.5381097793579102,0.5547772645950317,not-published,outputs/qwen7b-l3/o1/seed-944/run_summary.json,not-published,validation,False
Qwen/Qwen2.5-7B-Instruct,L3,cladder,o1,945,qwen7b-l3:o1:945,0.5949738621711731,0.4968905448913574,0.5459322035312653,not-published,outputs/qwen7b-l3/o1/seed-945/run_summary.json,not-published,validation,False
Qwen/Qwen2.5-7B-Instruct,L3,cladder,o2,941,qwen7b-l3:o2:941,0.5643618106842041,0.5443196296691895,0.5543407201766968,not-published,outputs/qwen7b-l3/o2/seed-941/run_summary.json,not-published,validation,False
Qwen/Qwen2.5-7B-Instruct,L3,cladder,o2,942,qwen7b-l3:o2:942,0.684785008430481,0.4890109896659851,0.586897999048233,not-published,outputs/qwen7b-l3/o2/seed-942/run_summary.json,not-published,validation,False
Qwen/Qwen2.5-7B-Instruct,L3,cladder,o2,943,qwen7b-l3:o2:943,0.5874172449111938,0.5126436948776245,0.5500304698944092,not-published,outputs/qwen7b-l3/o2/seed-943/run_summary.json,not-published,validation,False
Qwen/Qwen2.5-7B-Instruct,L3,cladder,o2,944,qwen7b-l3:o2:944,0.5745018124580383,0.5503048896789551,0.5624033510684967,not-published,outputs/qwen7b-l3/o2/seed-944/run_summary.json,not-published,validation,False
Qwen/Qwen2.5-7B-Instruct,L3,cladder,o2,945,qwen7b-l3:o2:945,0.5820278525352478,0.5236318111419678,0.5528298318386078,not-published,outputs/qwen7b-l3/o2/seed-945/run_summary.json,not-published,validation,False
Qwen/Qwen2.5-7B-Instruct,L3,cladder,o3,941,qwen7b-l3:o3:941,0.600674033164978,0.5692883729934692,0.5849812030792236,not-published,outputs/qwen7b-l3/o3/seed-941/run_summary.json,not-published,validation,False
Qwen/Qwen2.5-7B-Instruct,L3,cladder,o3,942,qwen7b-l3:o3:942,0.6960270404815674,0.5183150172233582,0.6071710288524628,not-published,outputs/qwen7b-l3/o3/seed-942/run_summary.json,not-published,validation,False
Qwen/Qwen2.5-7B-Instruct,L3,cladder,o3,943,qwen7b-l3:o3:943,0.5754966735839844,0.5258620977401733,0.5506793856620789,not-published,outputs/qwen7b-l3/o3/seed-943/run_summary.json,not-published,validation,False
Qwen/Qwen2.5-7B-Instruct,L3,cladder,o3,944,qwen7b-l3:o3:944,0.5844655632972717,0.5370935201644897,0.5607795417308807,not-published,outputs/qwen7b-l3/o3/seed-944/run_summary.json,not-published,validation,False
Qwen/Qwen2.5-7B-Instruct,L3,cladder,o3,945,qwen7b-l3:o3:945,0.6134682297706604,0.5460199117660522,0.5797440707683563,not-published,outputs/qwen7b-l3/o3/seed-945/run_summary.json,not-published,validation,False
Qwen/Qwen2.5-7B-Instruct,L3,cladder,prompting,941,qwen7b-l3:prompting:941,0.5815394520759583,0.4812734127044678,0.531406432390213,not-published,outputs/qwen7b-l3/prompting/seed-941/run_summary.json,not-published,validation,False
Qwen/Qwen2.5-7B-Instruct,L3,cladder,prompting,942,qwen7b-l3:prompting:942,0.7114167213439941,0.40048840641975403,0.5559525638818741,not-published,outputs/qwen7b-l3/prompting/seed-942/run_summary.json,not-published,validation,False
Qwen/Qwen2.5-7B-Instruct,L3,cladder,prompting,943,qwen7b-l3:prompting:943,0.6079469919204712,0.475862056016922,0.5419045239686966,not-published,outputs/qwen7b-l3/prompting/seed-943/run_summary.json,not-published,validation,False
Qwen/Qwen2.5-7B-Instruct,L3,cladder,prompting,944,qwen7b-l3:prompting:944,0.6217164993286133,0.4364837408065796,0.5291001200675964,not-published,outputs/qwen7b-l3/prompting/seed-944/run_summary.json,not-published,validation,False
Qwen/Qwen2.5-7B-Instruct,L3,cladder,prompting,945,qwen7b-l3:prompting:945,0.6292428374290466,0.41791045665740967,0.5235766470432281,not-published,outputs/qwen7b-l3/prompting/seed-945/run_summary.json,not-published,validation,False
Qwen/Qwen2.5-7B-Instruct,L3,cladder,router,941,qwen7b-l3:router:941,0.5689280033111572,0.5093632936477661,0.5391456484794617,not-published,outputs/qwen7b-l3/router/seed-941/run_summary.json,not-published,validation,False
Qwen/Qwen2.5-7B-Instruct,L3,cladder,router,942,qwen7b-l3:router:942,0.6807465553283691,0.47252747416496277,0.576637014746666,not-published,outputs/qwen7b-l3/router/seed-942/run_summary.json,not-published,validation,False
Qwen/Qwen2.5-7B-Instruct,L3,cladder,router,943,qwen7b-l3:router:943,0.5971302390098572,0.4885057508945465,0.5428179949522018,not-published,outputs/qwen7b-l3/router/seed-943/run_summary.json,not-published,validation,False
Qwen/Qwen2.5-7B-Instruct,L3,cladder,router,944,qwen7b-l3:router:944,0.6025815010070801,0.47256097197532654,0.5375712364912033,not-published,outputs/qwen7b-l3/router/seed-944/run_summary.json,not-published,validation,False
Qwen/Qwen2.5-7B-Instruct,L3,cladder,router,945,qwen7b-l3:router:945,0.5922541618347168,0.5055969953536987,0.5489255785942078,not-published,outputs/qwen7b-l3/router/seed-945/run_summary.json,not-published,validation,False
Qwen/Qwen2.5-7B-Instruct,L3,cladder,task_vector_add,941,qwen7b-l3:task_vector_add:941,0.5669710636138916,0.5068663954734802,0.5369187295436859,not-published,outputs/qwen7b-l3/task_vector_add/seed-941/run_summary.json,not-published,validation,False
Qwen/Qwen2.5-7B-Instruct,L3,cladder,task_vector_add,942,qwen7b-l3:task_vector_add:942,0.684457540512085,0.47374847531318665,0.5791030079126358,not-published,outputs/qwen7b-l3/task_vector_add/seed-942/run_summary.json,not-published,validation,False
Qwen/Qwen2.5-7B-Instruct,L3,cladder,task_vector_add,943,qwen7b-l3:task_vector_add:943,0.5878587365150452,0.5114942789077759,0.5496765077114105,not-published,outputs/qwen7b-l3/task_vector_add/seed-943/run_summary.json,not-published,validation,False
Qwen/Qwen2.5-7B-Instruct,L3,cladder,task_vector_add,944,qwen7b-l3:task_vector_add:944,0.5714447498321533,0.5381097793579102,0.5547772645950317,not-published,outputs/qwen7b-l3/task_vector_add/seed-944/run_summary.json,not-published,validation,False
Qwen/Qwen2.5-7B-Instruct,L3,cladder,task_vector_add,945,qwen7b-l3:task_vector_add:945,0.5949738621711731,0.4968905448913574,0.5459322035312653,not-published,outputs/qwen7b-l3/task_vector_add/seed-945/run_summary.json,not-published,validation,False
